vessel_id,vessel_type,length_m,beam_m,draft_m,gross_tonnage,cargo_volume,eta,ata,atd,service_hours,delay_hours,priority,historical_reliability,wind_speed_ms,visibility_km,wave_height_m,precipitation_mm,weather_severity,tide_height_m,time_to_high_tide_h,tide_favorable
V05223,bulk,183.9,29.2,10.2,123178,2774,2022-01-01 03:25:00.106308,2022-01-01 05:05:48.106308,2022-01-02 22:23:48.106308,41.3,1.68,normal,0.96,18.8,3.5,1.3,0.7,0,3.57,0.35,0
V03441,bulk,117.4,16.9,10.3,73239,2574,2022-01-01 16:06:24.657129,2022-01-01 17:50:12.657129,2022-01-02 12:32:12.657129,18.7,1.73,normal,0.77,8.6,7.7,0.7,2.3,0,3.97,5.16,0
V01204,general,191.0,30.6,8.1,97531,2562,2022-01-01 17:10:15.993145,2022-01-01 18:15:03.993145,2022-01-02 04:45:03.993145,10.5,1.08,normal,0.65,18.9,8.5,1.6,0.1,0,5.56,2.86,1
V03188,general,204.1,27.5,7.7,115410,1120,2022-01-01 18:08:44.409798,2022-01-01 20:20:08.409798,2022-01-02 06:02:08.409798,9.7,2.19,low,0.73,21.1,3.4,1.9,2.8,1,6.89,6.16,1
V05776,bulk,103.6,13.6,7.2,57884,1146,2022-01-01 22:08:15.275117,2022-01-01 23:35:51.275117,2022-01-02 22:59:51.275117,23.4,1.46,normal,0.82,7.5,4.7,0.7,3.8,0,6.27,1.45,1
V01152,container,298.7,49.0,14.8,267332,4544,2022-01-02 11:34:23.821689,2022-01-02 14:15:11.821689,2022-01-03 13:45:11.821689,23.5,2.68,normal,0.5,26.4,2.3,2.6,0.6,2,4.74,1.61,0
V02734,general,120.1,19.6,6.3,49604,3459,2022-01-02 14:30:00.064290,2022-01-02 16:27:36.064290,2022-01-03 09:33:36.064290,17.1,1.96,normal,0.75,25.4,6.6,1.8,0.1,1,2.0,2.73,0
V04043,tanker,304.3,45.1,11.4,264024,4481,2022-01-03 15:26:07.755508,2022-01-03 17:51:19.755508,2022-01-05 00:57:19.755508,31.1,2.42,normal,0.46,20.8,7.0,2.5,1.4,1,2.01,4.92,0
V03987,general,148.6,21.0,5.2,51876,4025,2022-01-03 18:48:42.126528,2022-01-03 20:35:30.126528,2022-01-04 10:11:30.126528,13.6,1.78,normal,0.69,32.3,6.2,3.0,1.6,1,5.62,0.5,1
V05117,container,324.0,45.3,12.5,318087,4261,2022-01-03 20:18:39.449459,2022-01-03 21:45:39.449459,2022-01-04 12:03:39.449459,14.3,1.45,normal,0.99,13.9,4.4,1.7,0.3,0,7.47,5.38,1
V04388,bulk,117.5,16.3,11.1,85159,852,2022-01-03 21:18:09.309618,2022-01-03 23:40:57.309618,2022-01-04 19:10:57.309618,19.5,2.38,high,0.47,20.9,7.2,2.1,4.0,1,7.99,2.12,1
V05538,tanker,263.8,38.8,9.3,151059,1359,2022-01-04 06:51:30.770129,2022-01-04 09:22:42.770129,2022-01-05 03:04:42.770129,17.7,2.52,high,0.85,20.9,4.5,2.2,3.2,1,5.09,2.62,0
V02951,container,264.9,35.8,14.4,241789,3512,2022-01-04 09:24:59.044589,2022-01-04 11:52:35.044589,2022-01-05 02:40:35.044589,14.8,2.46,high,0.43,32.5,3.9,3.3,9.6,1,7.91,1.32,1
V01559,bulk,121.7,19.1,9.8,92419,3871,2022-01-04 10:02:13.191527,2022-01-04 11:29:49.191527,2022-01-05 08:35:49.191527,21.1,1.46,normal,1.0,13.0,5.1,0.8,0.6,0,7.99,3.3,1
V05141,general,111.9,17.0,9.1,69328,1160,2022-01-04 19:14:30.245430,2022-01-04 21:38:30.245430,2022-01-05 13:14:30.245430,15.6,2.4,normal,0.69,29.0,7.9,2.8,1.0,1,5.06,4.3,0
V05641,container,202.8,30.9,9.7,126119,2358,2022-01-04 19:26:21.438908,2022-01-04 21:42:33.438908,2022-01-05 18:24:33.438908,20.7,2.27,normal,0.82,25.1,4.8,2.5,1.3,1,5.36,1.08,0
V04877,tanker,126.5,18.9,13.7,127692,4341,2022-01-04 21:40:54.344035,2022-01-04 23:14:30.344035,2022-01-05 17:38:30.344035,18.4,1.56,normal,0.97,22.9,3.7,2.5,3.2,1,7.85,0.0,1
V03699,container,370.0,50.1,13.6,363801,3254,2022-01-04 22:43:49.593553,2022-01-04 23:52:13.593553,2022-01-05 19:04:13.593553,19.2,1.14,normal,0.65,14.0,8.0,1.6,3.0,0,7.93,4.82,1
V02286,container,230.7,37.8,8.6,153328,3900,2022-01-04 23:01:29.450484,2022-01-05 00:04:29.450484,2022-01-05 19:10:29.450484,19.1,1.05,normal,0.79,8.1,5.6,0.7,1.2,0,7.8,2.75,1
V03721,bulk,131.5,22.3,9.7,98971,1898,2022-01-05 01:57:44.053315,2022-01-05 04:32:32.053315,2022-01-07 17:14:32.053315,60.7,2.58,normal,0.58,21.5,12.0,2.2,0.2,1,4.16,4.06,0
V03290,bulk,158.1,22.1,8.3,103466,2688,2022-01-05 03:29:20.687494,2022-01-05 06:04:44.687494,2022-01-06 02:28:44.687494,20.4,2.59,low,0.87,25.0,8.7,2.5,0.1,1,2.39,5.04,0
V04920,container,216.5,29.3,11.2,168706,3508,2022-01-05 04:51:44.891222,2022-01-05 06:04:20.891222,2022-01-05 16:46:20.891222,10.7,1.21,normal,0.8,16.0,5.9,1.0,0.7,0,2.05,5.04,0
V01896,container,258.6,43.7,8.2,136649,2627,2022-01-05 19:40:27.424630,2022-01-05 20:51:15.424630,2022-01-06 15:09:15.424630,18.3,1.18,normal,0.53,15.3,5.9,1.6,0.7,0,4.51,2.98,0
V01801,bulk,241.0,37.6,7.9,117437,1316,2022-01-05 21:46:44.042142,2022-01-06 00:10:08.042142,2022-01-07 06:28:08.042142,30.3,2.39,normal,0.67,38.1,6.1,3.6,0.3,1,7.35,0.27,1
V04531,tanker,258.8,35.1,11.3,220184,823,2022-01-05 22:51:19.652444,2022-01-06 01:52:31.652444,2022-01-06 17:16:31.652444,15.4,3.02,normal,0.67,22.8,7.4,2.3,2.2,1,7.98,4.43,1
V04874,roro,194.0,28.9,10.9,153245,2577,2022-01-05 23:56:23.061669,2022-01-06 00:37:11.061669,2022-01-06 06:13:11.061669,5.6,0.68,normal,0.84,0.7,4.9,0.3,2.1,0,7.73,0.22,1
V05673,tanker,135.3,21.8,11.7,109332,2195,2022-01-06 01:40:30.128202,2022-01-06 03:29:42.128202,2022-01-07 04:11:42.128202,24.7,1.82,low,0.98,18.7,8.5,1.5,1.2,0,5.79,4.8,1
V04426,bulk,124.1,20.7,12.5,118008,1210,2022-01-06 03:08:39.282654,2022-01-06 04:38:39.282654,2022-01-07 06:38:39.282654,26.0,1.5,normal,0.71,11.9,7.8,1.3,3.6,0,3.62,4.9,0
V04396,container,368.5,58.3,11.6,282824,3134,2022-01-06 06:21:21.147393,2022-01-06 07:08:09.147393,2022-01-06 17:32:09.147393,10.4,0.78,normal,0.54,13.3,4.7,1.5,0.6,0,2.42,4.27,0
V04831,general,212.3,35.0,8.5,121295,2078,2022-01-06 22:16:15.304269,2022-01-07 00:28:51.304269,2022-01-07 22:34:51.304269,22.1,2.21,normal,0.71,30.2,5.0,2.6,4.6,1,7.03,4.33,1
V04636,bulk,133.8,21.3,7.4,75120,4166,2022-01-06 22:50:08.906319,2022-01-07 01:28:32.906319,2022-01-08 03:34:32.906319,26.1,2.64,high,0.79,28.3,6.8,2.5,3.4,1,7.57,4.16,1
V03592,bulk,123.0,16.8,11.2,105176,2617,2022-01-06 23:51:45.004219,2022-01-07 02:03:45.004219,2022-01-07 16:15:45.004219,14.2,2.2,normal,0.39,23.2,7.5,2.2,0.5,1,8.0,4.61,1
V02470,bulk,108.4,18.3,11.0,87171,1510,2022-01-07 14:48:07.464348,2022-01-07 16:49:19.464348,2022-01-08 17:55:19.464348,25.1,2.02,normal,0.8,20.7,7.5,2.2,0.8,1,5.9,4.22,1
V03136,tanker,290.5,38.8,10.3,199620,1814,2022-01-07 22:08:40.247451,2022-01-07 23:24:52.247451,2022-01-08 09:36:52.247451,10.2,1.27,normal,0.94,18.2,8.2,2.0,0.7,0,5.82,3.73,1
V03428,tanker,176.9,25.3,9.7,120084,2765,2022-01-08 04:48:25.094574,2022-01-08 06:04:01.094574,2022-01-09 01:22:01.094574,19.3,1.26,normal,0.83,2.6,9.3,0.1,0.0,0,3.53,0.23,0
V01579,bulk,235.4,39.8,9.9,180569,2116,2022-01-08 21:44:24.746128,2022-01-09 00:26:24.746128,2022-01-09 15:32:24.746128,15.1,2.7,normal,0.79,28.0,4.9,2.7,3.8,1,4.02,6.67,0
V05942,container,241.4,41.0,14.6,214999,4238,2022-01-09 00:06:00.120938,2022-01-09 01:18:00.120938,2022-01-10 23:12:00.120938,45.9,1.2,normal,0.66,17.9,8.4,1.9,1.0,0,7.28,2.8,1
V02858,bulk,147.6,21.6,12.6,135914,3794,2022-01-09 02:47:26.461654,2022-01-09 04:56:26.461654,2022-01-10 13:14:26.461654,32.3,2.15,normal,0.73,27.9,8.8,2.8,1.3,1,7.38,0.37,1
V04022,tanker,311.8,44.5,10.8,244209,1978,2022-01-09 06:45:59.532319,2022-01-09 07:51:59.532319,2022-01-09 18:39:59.532319,10.8,1.1,normal,0.75,15.7,9.4,1.5,4.1,0,2.33,2.88,0
V01834,bulk,127.4,17.0,8.0,65333,3720,2022-01-09 11:09:05.132536,2022-01-09 13:44:29.132536,2022-01-10 11:50:29.132536,22.1,2.59,normal,0.5,31.8,5.8,3.3,0.1,1,5.53,0.14,1
V01642,bulk,138.6,23.4,10.8,103716,4179,2022-01-09 11:55:24.809907,2022-01-09 16:12:48.809907,2022-01-10 03:30:48.809907,11.3,4.29,normal,0.53,49.4,5.4,4.8,1.3,2,6.62,2.43,1
V04870,container,324.2,42.9,11.3,255113,782,2022-01-09 18:34:40.782738,2022-01-09 19:40:04.782738,2022-01-10 07:52:04.782738,12.2,1.09,normal,0.6,17.5,5.5,1.8,0.7,0,2.85,3.68,0
V03586,container,376.1,53.1,8.3,221542,1330,2022-01-10 00:14:27.788547,2022-01-10 01:19:51.788547,2022-01-10 15:01:51.788547,13.7,1.09,high,0.58,11.2,8.5,0.8,1.1,0,6.51,2.87,1
V02867,container,354.5,55.1,11.7,325374,2808,2022-01-10 04:58:24.829712,2022-01-10 06:12:48.829712,2022-01-10 21:12:48.829712,15.0,1.24,normal,0.68,17.2,8.6,1.6,6.0,0,5.64,0.55,1
V01806,general,92.2,13.8,8.2,53326,4670,2022-01-10 08:49:09.691340,2022-01-10 11:11:21.691340,2022-01-10 21:47:21.691340,10.6,2.37,normal,0.68,20.1,7.1,2.0,0.0,1,2.04,6.54,0
V03137,container,323.1,47.2,11.1,225645,1208,2022-01-10 10:30:00.580677,2022-01-10 12:46:48.580677,2022-01-11 18:10:48.580677,29.4,2.28,normal,0.91,25.1,7.7,2.5,1.3,1,3.41,2.71,0
V01797,container,172.5,27.3,8.7,96196,4526,2022-01-10 14:36:02.026898,2022-01-10 16:54:38.026898,2022-01-13 01:18:38.026898,56.4,2.31,normal,0.72,20.2,7.2,1.9,1.1,1,8.0,5.28,1
V03581,roro,229.8,32.4,8.7,121269,4999,2022-01-10 17:51:00.459370,2022-01-10 18:44:24.459370,2022-01-11 02:08:24.459370,7.4,0.89,normal,0.93,15.2,9.2,1.6,0.0,0,4.92,1.26,0
V05056,container,255.4,36.4,14.4,270125,4253,2022-01-10 18:07:51.604215,2022-01-10 19:27:03.604215,2022-01-11 07:45:03.604215,12.3,1.32,normal,0.6,17.0,3.6,1.9,1.7,0,4.5,2.3,0
V02819,general,198.6,26.4,8.8,131503,706,2022-01-10 20:32:18.780358,2022-01-10 21:42:30.780358,2022-01-11 08:06:30.780358,10.4,1.17,low,0.64,19.9,4.9,2.3,1.0,0,2.05,1.1,0
V05792,bulk,229.5,30.7,11.6,206402,1255,2022-01-10 22:42:44.988714,2022-01-11 01:13:56.988714,2022-01-12 08:31:56.988714,31.3,2.52,normal,0.71,36.9,6.3,3.5,0.6,1,3.18,0.1,0
V01303,tanker,227.3,38.3,11.2,181828,4385,2022-01-10 22:48:26.202665,2022-01-11 01:46:02.202665,2022-01-11 22:04:02.202665,20.3,2.96,normal,0.74,22.7,4.6,2.5,3.2,1,3.3,1.22,0
V03198,tanker,144.1,20.5,10.2,110142,3317,2022-01-11 00:25:24.667969,2022-01-11 02:02:36.667969,2022-01-12 01:20:36.667969,23.3,1.62,high,0.99,11.2,5.2,1.4,0.5,0,5.64,2.71,1
V05480,general,102.7,17.2,7.5,58862,3993,2022-01-11 01:49:13.068967,2022-01-11 03:43:49.068967,2022-01-11 12:19:49.068967,8.6,1.91,high,0.92,37.2,5.1,3.6,0.1,1,7.39,5.52,1
V01548,container,345.9,48.6,12.8,326571,4066,2022-01-11 05:35:07.359427,2022-01-11 07:25:31.359427,2022-01-12 00:01:31.359427,16.6,1.84,normal,0.62,25.4,6.8,2.3,2.3,1,5.92,4.51,1
V01999,roro,151.2,21.2,11.0,115477,2093,2022-01-11 11:49:58.919166,2022-01-11 13:19:58.919166,2022-01-12 01:13:58.919166,11.9,1.5,normal,1.0,29.0,6.0,2.9,2.2,1,4.15,3.94,0
V03991,roro,215.0,36.4,7.8,103720,2589,2022-01-11 21:45:45.962646,2022-01-11 22:46:21.962646,2022-01-12 03:28:21.962646,4.7,1.01,normal,0.92,19.6,5.9,1.9,0.4,0,2.0,0.21,0
V04371,bulk,298.0,47.3,11.4,255543,3291,2022-01-12 01:26:37.783380,2022-01-12 02:49:25.783380,2022-01-13 17:25:25.783380,38.6,1.38,normal,0.82,11.3,11.3,1.4,0.9,0,5.96,4.18,1
V02273,bulk,187.1,27.3,9.7,142203,2116,2022-01-13 02:30:34.551927,2022-01-13 03:43:46.551927,2022-01-14 03:55:46.551927,24.2,1.22,low,0.66,0.0,6.7,0.4,2.3,0,6.33,2.21,1
V05115,container,199.7,33.5,8.8,110046,1683,2022-01-13 03:31:05.405699,2022-01-13 06:08:53.405699,2022-01-14 03:56:53.405699,21.8,2.63,normal,0.92,30.1,3.8,3.2,2.3,1,7.48,2.3,1
V05269,tanker,254.7,38.6,13.5,271316,3242,2022-01-13 08:11:18.841745,2022-01-13 10:07:42.841745,2022-01-14 09:19:42.841745,23.2,1.94,normal,0.98,32.9,3.7,2.8,2.2,1,4.41,2.14,0
V01577,tanker,225.3,30.0,13.4,222292,3560,2022-01-13 21:11:12.047873,2022-01-13 23:32:48.047873,2022-01-14 18:26:48.047873,18.9,2.36,normal,0.68,24.5,7.1,2.3,2.8,1,3.56,0.75,0
V01528,bulk,215.6,32.6,9.3,155458,4606,2022-01-13 23:58:44.365695,2022-01-14 01:25:44.365695,2022-01-14 22:55:44.365695,21.5,1.45,normal,0.61,7.4,8.1,1.0,10.5,0,2.18,1.21,0
V04865,container,368.4,57.2,12.9,316893,1330,2022-01-14 02:14:02.641295,2022-01-14 04:19:26.641295,2022-01-14 18:07:26.641295,13.8,2.09,normal,0.76,32.0,3.5,2.8,1.6,1,4.75,4.11,0
V03917,bulk,118.6,15.4,10.1,78351,4398,2022-01-14 03:17:53.431670,2022-01-14 05:13:05.431670,2022-01-14 18:55:05.431670,13.7,1.92,normal,0.9,26.6,5.7,2.6,1.4,1,6.32,3.52,1
V04924,bulk,100.4,14.9,8.0,56788,1188,2022-01-14 03:29:39.656035,2022-01-14 05:47:03.656035,2022-01-14 23:29:03.656035,17.7,2.29,normal,0.78,25.8,6.1,2.6,1.3,1,6.58,4.14,1
V05504,bulk,154.4,23.6,7.8,88427,2834,2022-01-14 04:15:20.610088,2022-01-14 06:41:44.610088,2022-01-16 01:53:44.610088,43.2,2.44,normal,0.84,33.6,6.2,3.5,0.0,1,7.42,7.38,1
V03120,bulk,204.6,27.4,10.7,139279,3260,2022-01-14 05:47:45.670207,2022-01-14 08:27:57.670207,2022-01-15 08:03:57.670207,23.6,2.67,normal,0.62,21.1,9.7,1.6,0.1,1,7.97,1.87,1
V04607,general,86.5,12.4,8.1,51543,885,2022-01-14 16:35:22.316304,2022-01-14 18:20:58.316304,2022-01-15 08:20:58.316304,14.0,1.76,high,0.54,30.1,7.2,3.1,1.1,1,7.36,2.29,1
V02152,tanker,317.9,51.3,12.0,280219,2738,2022-01-15 06:18:15.719845,2022-01-15 08:16:27.719845,2022-01-16 12:04:27.719845,27.8,1.97,normal,0.73,25.4,5.4,2.8,0.4,1,8.0,4.96,1
V04410,bulk,254.1,36.7,9.4,188769,2986,2022-01-15 07:16:50.671117,2022-01-15 08:43:14.671117,2022-01-16 07:31:14.671117,22.8,1.44,normal,0.87,9.9,7.4,0.2,2.0,0,7.64,0.35,1
V03151,container,216.3,31.4,8.1,107327,677,2022-01-15 07:28:25.089554,2022-01-15 09:49:25.089554,2022-01-16 07:55:25.089554,22.1,2.35,normal,0.87,26.2,7.3,2.8,0.8,1,7.48,0.36,1
V03034,container,303.8,46.5,12.1,228670,2084,2022-01-15 07:51:24.065046,2022-01-15 09:36:24.065046,2022-01-16 00:36:24.065046,15.0,1.75,normal,0.56,24.6,6.6,2.8,4.6,1,7.11,2.1,1
V02029,tanker,273.8,46.1,9.8,173010,2560,2022-01-15 09:55:03.479629,2022-01-15 12:40:03.479629,2022-01-17 02:34:03.479629,37.9,2.75,high,0.8,23.0,5.0,2.2,0.8,1,4.22,5.72,0
V05844,roro,119.3,19.0,7.5,53781,2942,2022-01-15 11:49:34.055585,2022-01-15 13:55:34.055585,2022-01-16 06:07:34.055585,16.2,2.1,high,0.73,34.3,8.2,3.0,0.9,1,2.17,3.84,0
V04283,bulk,286.0,39.7,7.6,161523,1823,2022-01-15 12:26:32.821185,2022-01-15 13:42:08.821185,2022-01-16 18:48:08.821185,29.1,1.26,normal,0.91,17.4,9.7,1.8,2.5,0,2.0,1.88,0
V01971,tanker,265.6,37.3,13.0,237852,3466,2022-01-16 07:44:48.549407,2022-01-16 10:13:00.549407,2022-01-17 01:43:00.549407,15.5,2.47,normal,0.61,35.4,5.7,3.4,1.6,1,7.84,3.87,1
V03076,roro,224.4,36.3,10.7,186256,1414,2022-01-16 12:23:42.761185,2022-01-16 13:16:30.761185,2022-01-16 19:34:30.761185,6.3,0.88,normal,0.8,11.9,7.4,1.3,0.2,0,2.31,4.84,0
V03050,general,208.9,31.1,8.7,118311,3849,2022-01-17 19:21:19.039542,2022-01-17 20:09:19.039542,2022-01-18 02:33:19.039542,6.4,0.8,normal,0.49,18.1,4.5,1.8,4.9,0,7.66,5.25,1
V01793,container,171.3,22.7,13.0,155721,2627,2022-01-17 21:06:18.388887,2022-01-17 23:39:18.388887,2022-01-18 19:57:18.388887,20.3,2.55,high,0.9,27.1,6.0,2.5,0.3,1,7.75,4.1,1
V05151,general,156.9,24.4,6.6,76100,1164,2022-01-18 01:34:00.932755,2022-01-18 02:37:00.932755,2022-01-19 02:19:00.932755,23.7,1.05,normal,0.59,10.3,8.6,1.0,2.6,0,2.33,1.91,0
V03734,container,316.1,53.6,10.5,213509,1325,2022-01-18 09:35:32.074539,2022-01-18 11:40:56.074539,2022-01-18 21:10:56.074539,9.5,2.09,normal,0.81,26.1,8.0,2.0,0.0,1,7.7,1.86,1
V02667,container,276.5,39.7,15.0,277416,1104,2022-01-18 12:24:18.087230,2022-01-18 15:13:30.087230,2022-01-19 14:13:30.087230,23.0,2.82,normal,0.9,30.1,9.5,2.9,0.2,1,4.09,4.1,0
V01377,bulk,170.3,22.6,10.3,132965,1480,2022-01-18 15:45:20.543983,2022-01-18 18:39:56.543983,2022-01-19 10:09:56.543983,15.5,2.91,normal,0.66,29.2,8.0,3.3,1.3,1,2.28,4.82,0
V02154,container,340.8,49.3,12.5,298257,4573,2022-01-19 02:13:02.419644,2022-01-19 04:09:26.419644,2022-01-19 14:57:26.419644,10.8,1.94,normal,0.36,34.3,6.1,3.1,6.1,1,2.44,3.5,0
V05983,container,254.2,36.3,14.2,248424,2228,2022-01-19 07:01:52.295930,2022-01-19 09:23:28.295930,2022-01-20 00:17:28.295930,14.9,2.36,normal,0.76,32.2,5.2,3.2,1.1,1,5.94,5.55,1
V03491,container,280.4,43.8,8.6,177082,1262,2022-01-19 15:09:37.228918,2022-01-19 17:37:49.228918,2022-01-20 19:55:49.228918,26.3,2.47,normal,1.0,34.3,9.8,3.4,1.0,1,2.11,1.37,0
V05185,bulk,284.5,47.6,8.6,147217,855,2022-01-20 08:00:41.485025,2022-01-20 09:24:41.485025,2022-01-21 08:30:41.485025,23.1,1.4,normal,0.87,13.2,6.7,0.8,0.4,0,6.2,5.45,1
V04110,tanker,135.2,19.8,12.3,121816,1123,2022-01-20 10:16:37.836900,2022-01-20 11:29:13.836900,2022-01-21 05:05:13.836900,17.6,1.21,normal,0.6,17.1,3.8,2.1,0.1,0,8.0,2.86,1
V02150,tanker,254.5,42.9,9.3,143082,3155,2022-01-20 11:38:58.954333,2022-01-20 14:18:34.954333,2022-01-21 16:36:34.954333,26.3,2.66,normal,0.66,26.3,7.0,2.7,1.1,1,7.33,2.02,1
V03440,general,161.8,26.6,5.9,62119,1524,2022-01-20 12:24:37.595503,2022-01-20 14:37:13.595503,2022-01-21 05:55:13.595503,15.3,2.21,normal,0.79,23.2,6.4,1.9,0.1,1,6.44,3.96,1
V01465,container,267.4,42.2,14.8,243064,1352,2022-01-20 15:55:57.573674,2022-01-20 18:01:21.573674,2022-01-21 22:43:21.573674,28.7,2.09,normal,0.65,25.6,7.7,2.6,1.5,1,2.12,4.64,0
V05484,container,259.0,41.1,12.6,249079,721,2022-01-21 02:39:47.138707,2022-01-21 03:58:59.138707,2022-01-21 22:22:59.138707,18.4,1.32,high,0.68,19.0,8.6,1.7,0.3,0,3.73,1.22,0
V05583,roro,185.0,25.9,9.6,129882,2570,2022-01-21 04:34:19.726857,2022-01-21 05:50:31.726857,2022-01-21 11:38:31.726857,5.8,1.27,normal,0.86,8.9,5.3,0.8,1.2,0,2.04,1.19,0
V04165,general,147.0,21.5,7.6,89139,4107,2022-01-21 04:41:29.022243,2022-01-21 06:21:41.022243,2022-01-22 01:15:41.022243,18.9,1.67,normal,0.66,29.3,5.4,2.4,0.9,1,2.02,1.29,0
V01825,container,354.3,51.1,14.1,388765,3172,2022-01-21 05:17:02.330139,2022-01-21 06:12:50.330139,2022-01-22 21:36:50.330139,39.4,0.93,normal,0.64,18.5,9.5,1.2,0.2,0,2.06,1.75,0
V03990,container,370.5,58.5,10.3,274329,3073,2022-01-21 06:04:20.810188,2022-01-21 08:21:08.810188,2022-01-21 17:27:08.810188,9.1,2.28,normal,0.61,26.5,8.6,2.7,0.1,1,2.51,3.99,0
V02003,tanker,313.4,43.4,9.5,200684,4139,2022-01-21 07:38:22.440321,2022-01-21 10:02:58.440321,2022-01-22 04:56:58.440321,18.9,2.41,normal,0.94,25.6,6.1,2.8,0.1,1,4.46,1.83,0
V05518,roro,207.4,32.5,9.7,126490,1430,2022-01-21 09:51:33.560455,2022-01-21 11:34:45.560455,2022-01-21 19:22:45.560455,7.8,1.72,normal,0.53,36.3,8.4,3.3,0.3,1,7.43,3.92,1
V03167,general,153.8,26.1,9.7,109308,2355,2022-01-21 11:10:03.232597,2022-01-21 12:27:27.232597,2022-01-21 22:51:27.232597,10.4,1.29,normal,0.97,9.5,6.6,1.1,0.2,0,8.0,1.23,1
V02848,tanker,282.4,45.4,12.6,244160,4972,2022-01-21 11:12:15.939091,2022-01-21 14:02:39.939091,2022-01-22 13:44:39.939091,23.7,2.84,normal,0.63,32.6,7.3,2.9,1.2,1,8.0,0.03,1
V02532,roro,149.4,24.8,8.0,84300,3048,2022-01-21 12:07:23.850844,2022-01-21 13:12:11.850844,2022-01-21 23:12:11.850844,10.0,1.08,normal,0.73,10.5,7.0,1.0,0.5,0,7.61,3.23,1
V02891,container,354.3,60.2,8.7,195081,3536,2022-01-21 12:31:03.538083,2022-01-21 13:28:39.538083,2022-01-22 17:34:39.538083,28.1,0.96,normal,0.67,19.8,7.8,1.7,2.1,0,7.26,4.49,1
V02856,roro,145.6,20.8,8.8,83176,1186,2022-01-21 20:38:20.878536,2022-01-21 21:39:32.878536,2022-01-22 12:33:32.878536,14.9,1.02,normal,0.77,8.6,6.9,0.5,1.2,0,5.36,1.84,0
V01048,container,334.0,52.1,9.2,199006,947,2022-01-22 13:59:34.555865,2022-01-22 15:14:34.555865,2022-01-23 16:08:34.555865,24.9,1.25,normal,0.84,13.5,7.3,1.0,0.8,0,6.47,0.34,1
V02633,container,367.4,61.6,10.7,257430,1481,2022-01-22 18:19:50.373291,2022-01-22 20:19:50.373291,2022-01-23 18:07:50.373291,21.8,2.0,normal,0.8,24.5,8.7,2.1,2.8,1,2.02,4.66,0
V01626,tanker,218.5,35.9,10.7,180222,600,2022-01-23 03:18:59.146143,2022-01-23 05:35:11.146143,2022-01-23 16:11:11.146143,10.6,2.27,normal,0.93,31.6,9.2,3.5,0.6,1,5.13,4.88,0
V01397,container,262.0,39.6,14.1,290355,2677,2022-01-23 06:33:49.074709,2022-01-23 07:50:01.074709,2022-01-23 21:14:01.074709,13.4,1.27,normal,0.75,12.6,6.7,1.2,2.6,0,2.0,4.38,0
V04330,tanker,324.2,45.3,12.8,308421,1838,2022-01-23 08:37:32.789267,2022-01-23 10:45:56.789267,2022-01-24 12:09:56.789267,25.4,2.14,normal,0.76,24.4,4.8,2.8,1.5,1,3.58,0.72,0
V02183,general,91.2,14.0,5.7,37465,3591,2022-01-23 11:19:53.788098,2022-01-23 13:33:05.788098,2022-01-24 05:51:05.788098,16.3,2.22,normal,0.92,31.9,5.7,2.9,5.9,1,7.31,5.32,1
V04585,bulk,264.9,35.6,7.1,143198,1876,2022-01-23 18:08:05.068621,2022-01-23 19:47:05.068621,2022-01-24 20:05:05.068621,24.3,1.65,high,0.72,19.7,8.0,2.2,2.5,0,2.22,6.26,0
V02254,container,290.2,43.5,12.3,236067,2893,2022-01-23 22:37:22.927224,2022-01-24 00:45:46.927224,2022-01-24 16:09:46.927224,15.4,2.14,normal,0.69,21.1,6.5,2.3,3.7,1,5.93,0.01,1
V01363,tanker,126.8,19.2,12.0,120779,2679,2022-01-24 00:50:59.267980,2022-01-24 03:26:59.267980,2022-01-25 01:20:59.267980,21.9,2.6,low,0.54,21.7,5.4,2.1,2.9,1,7.98,6.41,1
V02488,tanker,160.4,24.9,11.1,137903,2552,2022-01-24 17:45:02.543788,2022-01-24 19:10:50.543788,2022-01-25 20:16:50.543788,25.1,1.43,normal,0.87,26.0,6.9,2.4,1.9,1,3.35,5.25,0
V02510,container,161.2,21.6,12.6,156222,3410,2022-01-24 21:05:22.570429,2022-01-24 23:42:34.570429,2022-01-25 20:48:34.570429,21.1,2.62,normal,0.74,28.0,5.3,3.1,0.6,1,2.71,3.16,0
V01112,tanker,322.3,54.0,11.8,232163,2385,2022-01-24 21:31:07.922136,2022-01-24 22:56:55.922136,2022-01-26 03:26:55.922136,28.5,1.43,normal,0.74,13.6,4.6,1.5,1.3,0,3.19,1.38,0
V02308,roro,127.5,17.4,9.6,86661,863,2022-01-24 21:44:30.157950,2022-01-24 23:29:30.157950,2022-01-25 11:29:30.157950,12.0,1.75,normal,0.74,32.6,8.4,2.8,4.0,1,3.47,4.81,0
V04756,general,199.9,26.3,9.4,141340,4261,2022-01-24 21:48:36.136518,2022-01-24 22:33:36.136518,2022-01-25 10:57:36.136518,12.4,0.75,low,0.64,5.5,4.1,0.0,3.0,0,3.56,1.82,0
V01177,bulk,200.5,30.0,7.3,114958,974,2022-01-24 23:52:56.208746,2022-01-25 01:10:20.208746,2022-01-25 12:58:20.208746,11.8,1.29,low,0.87,17.1,9.7,1.6,1.7,0,6.56,3.68,1
V04590,bulk,243.3,39.3,7.7,142959,954,2022-01-25 07:42:30.541621,2022-01-25 09:08:18.541621,2022-01-26 14:20:18.541621,29.2,1.43,normal,1.0,3.8,9.2,0.5,0.2,0,2.06,2.24,0
V04499,roro,206.0,29.9,7.8,116970,903,2022-01-25 10:05:02.971002,2022-01-25 11:34:26.971002,2022-01-25 19:46:26.971002,8.2,1.49,high,0.63,21.9,6.6,2.4,0.4,1,3.39,7.6,0
V04378,bulk,190.4,25.9,10.6,138566,3048,2022-01-25 13:21:55.295651,2022-01-25 16:33:19.295651,2022-01-28 15:57:19.295651,71.4,3.19,normal,0.86,24.0,4.5,2.7,0.1,1,7.67,4.65,1
V01529,tanker,181.7,25.8,11.8,135811,2332,2022-01-25 17:07:53.853420,2022-01-25 19:04:17.853420,2022-01-26 00:58:17.853420,5.9,1.94,normal,0.68,22.6,3.7,2.3,0.4,1,5.41,3.59,0
V04669,general,190.4,24.9,9.2,139169,3264,2022-01-25 20:43:19.228033,2022-01-25 22:33:07.228033,2022-01-26 10:09:07.228033,11.6,1.83,normal,0.78,23.4,9.5,2.3,0.7,1,2.02,0.77,0
V02775,roro,244.8,41.2,7.9,121489,3560,2022-01-25 20:55:36.637109,2022-01-25 21:40:36.637109,2022-01-26 13:22:36.637109,15.7,0.75,normal,0.82,16.2,5.3,1.5,2.4,0,2.07,2.22,0
V03961,bulk,250.4,41.3,12.7,190901,1484,2022-01-26 15:52:08.857180,2022-01-26 17:13:08.857180,2022-01-28 17:07:08.857180,47.9,1.35,normal,1.0,17.8,4.1,2.2,1.7,0,7.78,5.36,1
V03676,bulk,299.9,50.2,12.2,265155,4366,2022-01-26 18:40:03.611899,2022-01-26 21:05:15.611899,2022-01-28 07:05:15.611899,34.0,2.42,low,0.61,31.1,6.0,3.6,0.6,1,4.3,2.46,0
V05562,container,191.0,26.7,13.0,194676,853,2022-01-26 21:59:08.284693,2022-01-27 00:10:32.284693,2022-01-27 15:34:32.284693,15.4,2.19,normal,0.97,21.5,7.9,3.1,0.0,1,2.18,4.13,0
V01522,container,246.1,39.1,14.6,221916,4308,2022-01-26 23:15:57.415810,2022-01-27 01:48:57.415810,2022-01-28 01:36:57.415810,23.8,2.55,normal,0.86,32.8,6.1,4.2,0.4,1,3.37,4.24,0
V03628,bulk,195.6,29.4,10.9,134402,4695,2022-01-27 10:07:39.493922,2022-01-27 12:21:27.493922,2022-01-28 02:27:27.493922,14.1,2.23,normal,0.65,29.8,7.6,2.8,1.3,1,2.07,4.85,0
V02688,bulk,196.5,25.9,8.0,100266,3556,2022-01-27 13:22:01.773180,2022-01-27 14:43:01.773180,2022-01-28 15:49:01.773180,25.1,1.35,normal,0.57,14.4,6.1,1.0,0.8,0,5.85,4.12,1
V01013,tanker,157.2,26.4,13.7,168624,2166,2022-01-27 15:01:24.952147,2022-01-27 17:14:00.952147,2022-01-28 22:50:00.952147,29.6,2.21,normal,0.68,24.8,6.7,2.7,5.3,1,7.71,4.71,1
V05750,container,155.7,20.4,14.4,136749,1842,2022-01-27 16:50:53.413784,2022-01-27 19:31:05.413784,2022-01-28 05:43:05.413784,10.2,2.67,normal,0.49,31.6,5.2,3.2,1.8,1,7.66,0.56,1
V04060,general,165.5,25.7,7.7,98939,2954,2022-01-27 23:10:08.172187,2022-01-28 00:05:56.172187,2022-01-28 12:53:56.172187,12.8,0.93,normal,0.43,11.4,8.1,1.0,0.5,0,2.43,3.21,0
V01729,roro,177.8,23.9,6.4,77003,4731,2022-01-27 23:57:40.118318,2022-01-28 01:45:40.118318,2022-01-28 10:57:40.118318,9.2,1.8,normal,0.64,27.1,7.6,2.3,0.7,1,3.24,4.14,0
V05764,container,194.3,27.0,8.4,124601,2872,2022-01-28 03:18:07.951080,2022-01-28 05:23:31.951080,2022-01-28 16:59:31.951080,11.6,2.09,normal,0.85,23.7,7.6,2.5,0.4,1,7.62,4.03,1
V04276,container,158.7,23.5,11.3,109795,1681,2022-01-28 12:05:47.371340,2022-01-28 13:28:35.371340,2022-01-29 02:28:35.371340,13.0,1.38,normal,0.96,12.8,9.6,1.2,0.7,0,2.93,2.17,0
V05082,general,213.3,28.7,8.1,135883,4123,2022-01-29 00:51:16.217590,2022-01-29 01:44:04.217590,2022-01-29 16:08:04.217590,14.4,0.88,normal,0.8,17.7,6.0,1.8,3.3,0,3.35,3.58,0
V04164,tanker,311.6,48.2,11.9,225925,2767,2022-01-29 05:33:27.943177,2022-01-29 08:15:27.943177,2022-01-30 00:15:27.943177,16.0,2.7,normal,0.97,21.3,5.4,1.7,2.1,1,7.92,6.21,1
V03777,tanker,317.2,47.9,9.9,232178,1535,2022-01-29 12:59:07.356524,2022-01-29 15:38:43.356524,2022-01-30 21:38:43.356524,30.0,2.66,normal,0.64,25.5,7.6,2.4,2.7,1,3.03,1.95,0
V05831,container,269.9,38.0,14.4,249758,4887,2022-01-30 14:44:42.450481,2022-01-30 15:48:18.450481,2022-01-31 05:12:18.450481,13.4,1.06,normal,1.0,15.2,6.9,1.5,0.5,0,4.31,3.4,0
V05966,roro,127.2,19.0,7.7,77365,3115,2022-01-30 15:10:54.447357,2022-01-30 16:33:06.447357,2022-01-31 03:09:06.447357,10.6,1.37,high,0.72,28.0,7.4,2.6,0.2,1,4.97,2.22,0
V02087,tanker,305.8,46.9,11.6,224396,1493,2022-01-30 17:47:56.407927,2022-01-30 18:50:56.407927,2022-02-01 07:08:56.407927,36.3,1.05,normal,0.98,17.9,3.8,1.8,4.2,0,7.9,0.15,1
V02924,tanker,261.4,35.8,11.4,184841,1910,2022-01-30 19:02:10.775461,2022-01-30 20:42:22.775461,2022-02-01 20:00:22.775461,47.3,1.67,normal,0.83,16.8,5.9,1.8,0.7,0,7.79,4.52,1
V02135,container,358.1,49.8,12.5,288194,4382,2022-01-30 21:07:10.052749,2022-01-30 22:24:34.052749,2022-01-31 13:24:34.052749,15.0,1.29,normal,0.88,18.7,7.7,2.1,0.9,0,5.43,3.08,0
V05754,container,242.1,38.5,9.7,177968,1582,2022-01-31 08:20:53.252626,2022-01-31 09:29:53.252626,2022-02-01 06:53:53.252626,21.4,1.15,high,0.74,7.7,7.9,0.5,0.3,0,7.01,4.71,1
V05122,general,146.3,22.6,7.7,69719,4765,2022-01-31 12:49:54.089783,2022-01-31 14:03:06.089783,2022-02-01 08:33:06.089783,18.5,1.22,normal,0.97,9.9,6.0,0.9,1.6,0,2.0,6.91,0
V03683,container,166.8,22.9,10.5,114368,3648,2022-01-31 19:17:01.814432,2022-01-31 21:00:13.814432,2022-02-01 20:06:13.814432,23.1,1.72,normal,0.73,22.9,6.8,2.0,4.3,1,7.99,0.6,1
V03096,tanker,320.9,46.2,13.0,261833,2593,2022-01-31 23:07:04.158112,2022-02-01 01:32:16.158112,2022-02-02 00:32:16.158112,23.0,2.42,normal,0.78,20.4,6.8,1.4,0.3,1,3.65,3.0,0
V04843,general,133.7,18.6,7.7,73690,3788,2022-02-01 02:06:54.139435,2022-02-01 02:55:30.139435,2022-02-01 16:43:30.139435,13.8,0.81,normal,0.6,16.3,4.6,1.4,1.3,0,2.25,0.84,0
V04643,general,128.7,18.3,9.0,73851,2253,2022-02-01 04:21:54.931987,2022-02-01 06:15:54.931987,2022-02-01 16:33:54.931987,10.3,1.9,normal,0.64,26.2,8.7,2.8,0.8,1,4.95,2.48,0
V03287,general,143.3,22.9,6.0,57140,1640,2022-02-01 05:32:13.425096,2022-02-01 07:26:13.425096,2022-02-01 22:26:13.425096,15.0,1.9,normal,0.32,20.6,4.3,2.5,0.2,1,6.63,2.31,1
V04591,container,236.2,31.5,11.4,205989,4757,2022-02-01 07:25:25.520915,2022-02-01 08:45:13.520915,2022-02-01 16:33:13.520915,7.8,1.33,normal,0.74,16.3,7.1,1.4,2.1,0,8.0,2.8,1
V03411,container,179.7,27.0,13.3,153223,3877,2022-02-01 11:12:58.636216,2022-02-01 13:35:46.636216,2022-02-02 05:35:46.636216,16.0,2.38,high,0.61,22.2,10.1,2.3,0.5,1,4.08,1.02,0
V03436,general,143.9,20.2,7.7,83858,4072,2022-02-01 13:36:31.132375,2022-02-01 15:27:31.132375,2022-02-02 11:27:31.132375,20.0,1.85,normal,0.7,21.9,7.3,2.0,1.3,1,2.0,3.74,0
V02069,roro,193.7,28.2,8.5,116548,2210,2022-02-01 15:48:09.775602,2022-02-01 17:35:33.775602,2022-02-01 23:23:33.775602,5.8,1.79,normal,0.8,16.6,2.5,1.3,0.5,1,3.55,5.36,0
V05313,container,267.2,45.2,13.0,219231,3642,2022-02-01 21:16:56.527844,2022-02-01 22:20:32.527844,2022-02-02 13:56:32.527844,15.6,1.06,normal,0.74,12.2,12.2,0.9,2.0,0,7.29,0.32,1
V03787,tanker,184.4,28.8,12.5,141348,1904,2022-02-01 23:16:58.263457,2022-02-02 02:15:10.263457,2022-02-02 17:15:10.263457,15.0,2.97,normal,0.75,27.4,7.1,2.7,0.8,1,4.57,4.63,0
V03526,container,317.6,46.8,11.6,244163,3231,2022-02-02 04:45:55.541888,2022-02-02 05:35:43.541888,2022-02-02 23:29:43.541888,17.9,0.83,normal,0.65,17.0,7.1,1.9,1.5,0,4.34,4.18,0
V05129,tanker,317.9,49.1,11.0,247908,3047,2022-02-02 16:51:41.905011,2022-02-02 19:24:41.905011,2022-02-04 02:36:41.905011,31.2,2.55,normal,0.77,24.2,8.0,3.0,2.3,1,3.9,1.27,0
V01509,bulk,214.3,32.3,12.7,207882,2962,2022-02-02 20:55:53.514666,2022-02-02 23:14:29.514666,2022-02-03 11:38:29.514666,12.4,2.31,normal,0.67,20.4,6.4,1.8,1.4,1,7.98,5.71,1
V03164,general,151.8,24.6,6.7,70115,516,2022-02-03 05:06:21.039449,2022-02-03 06:41:09.039449,2022-02-03 23:11:09.039449,16.5,1.58,normal,0.63,24.4,6.6,2.8,0.1,1,3.69,3.04,0
V03496,container,315.9,53.1,12.1,282431,1374,2022-02-03 06:21:27.760624,2022-02-03 07:38:51.760624,2022-02-04 02:02:51.760624,18.4,1.29,normal,0.85,12.6,4.9,1.4,1.5,0,5.54,2.55,1
V01073,container,256.4,40.8,14.1,270616,2415,2022-02-03 13:32:51.928687,2022-02-03 14:28:03.928687,2022-02-04 10:04:03.928687,19.6,0.92,normal,0.91,11.2,3.9,1.7,7.0,0,3.11,2.92,0
V05411,bulk,101.7,15.7,7.9,55545,1202,2022-02-03 16:12:29.892603,2022-02-03 18:28:41.892603,2022-02-04 10:04:41.892603,15.6,2.27,high,0.78,23.7,7.1,2.2,3.1,1,2.31,0.66,0
V02314,tanker,244.8,34.6,13.6,218323,2482,2022-02-03 16:55:12.930537,2022-02-03 18:22:48.930537,2022-02-05 04:16:48.930537,33.9,1.46,normal,0.87,14.6,9.3,1.4,2.7,0,2.96,4.4,0
V04123,bulk,174.4,23.2,8.7,114432,2392,2022-02-03 16:55:49.549045,2022-02-03 20:09:37.549045,2022-02-04 09:15:37.549045,13.1,3.23,normal,0.78,24.4,7.6,2.3,0.4,1,2.97,5.23,0
V05498,bulk,115.6,17.9,12.6,91954,3023,2022-02-04 09:06:01.052057,2022-02-04 12:56:25.052057,2022-02-04 23:50:25.052057,10.9,3.84,normal,0.75,25.2,2.6,2.9,1.1,2,7.76,1.97,1
V04522,container,291.4,42.7,11.1,200393,2062,2022-02-04 10:09:44.468821,2022-02-04 12:04:56.468821,2022-02-05 01:04:56.468821,13.0,1.92,normal,0.58,21.4,6.8,1.9,1.3,1,7.97,2.23,1
V03948,container,366.0,53.1,10.4,264157,1696,2022-02-04 11:39:29.221866,2022-02-04 13:32:17.221866,2022-02-05 20:38:17.221866,31.1,1.88,normal,0.79,24.5,8.5,1.8,1.8,1,6.89,0.39,1
V02221,tanker,239.4,36.8,9.5,181883,4750,2022-02-04 13:35:37.700346,2022-02-04 14:57:49.700346,2022-02-05 03:39:49.700346,12.7,1.37,normal,0.63,16.6,6.4,1.1,0.6,0,4.11,4.63,0
V03247,bulk,244.8,36.4,8.8,138707,3978,2022-02-04 16:46:58.677405,2022-02-04 20:21:10.677405,2022-02-05 10:33:10.677405,14.2,3.57,normal,0.94,22.2,6.2,2.1,0.8,1,2.18,4.71,0
V01196,bulk,116.9,19.3,10.6,96230,3466,2022-02-04 18:13:34.154408,2022-02-04 19:42:58.154408,2022-02-06 00:12:58.154408,28.5,1.49,normal,0.66,18.3,6.5,2.1,2.1,0,3.58,3.58,0
V05593,bulk,213.5,29.3,9.6,126150,1069,2022-02-05 05:48:02.324461,2022-02-05 08:31:50.324461,2022-02-06 06:31:50.324461,22.0,2.73,normal,0.61,21.7,7.0,2.4,3.4,1,2.63,5.12,0
V04527,container,375.2,63.3,14.3,428813,787,2022-02-05 15:00:31.727204,2022-02-05 16:37:07.727204,2022-02-06 15:37:07.727204,23.0,1.61,high,1.0,30.7,7.3,2.9,0.6,1,3.28,4.07,0
V04679,bulk,141.7,22.4,7.8,83243,4500,2022-02-05 16:21:20.787387,2022-02-05 17:36:20.787387,2022-02-06 08:00:20.787387,14.4,1.25,normal,0.63,18.6,6.0,1.8,0.2,0,2.11,3.99,0
V04191,container,309.4,48.0,8.8,163476,2593,2022-02-05 20:43:37.917373,2022-02-05 23:01:01.917373,2022-02-06 08:25:01.917373,9.4,2.29,normal,0.8,23.8,7.2,2.5,1.1,1,6.08,4.77,1
V01812,bulk,277.1,46.4,9.2,185112,4704,2022-02-05 22:54:54.274767,2022-02-06 00:58:30.274767,2022-02-06 21:28:30.274767,20.5,2.06,normal,0.66,23.1,5.7,1.3,0.3,1,7.99,5.85,1
V02600,tanker,160.6,24.4,12.3,157311,4259,2022-02-05 22:56:52.681055,2022-02-06 00:05:16.681055,2022-02-07 16:53:16.681055,40.8,1.14,low,1.0,10.4,6.3,1.0,2.1,0,7.99,1.74,1
V01955,general,158.7,26.7,7.7,91592,4326,2022-02-06 01:06:01.656564,2022-02-06 04:12:37.656564,2022-02-06 20:00:37.656564,15.8,3.11,normal,0.7,27.0,2.8,2.2,1.5,2,6.59,1.01,1
V05207,container,357.2,59.6,12.7,332495,4844,2022-02-06 07:31:42.461692,2022-02-06 09:41:54.461692,2022-02-07 05:35:54.461692,19.9,2.17,normal,0.96,37.4,4.3,3.4,1.5,1,3.72,3.37,0
V01854,bulk,139.3,21.7,11.5,125708,4023,2022-02-06 08:10:15.320327,2022-02-06 09:51:39.320327,2022-02-07 15:09:39.320327,29.3,1.69,normal,1.0,16.8,9.6,1.3,2.9,0,4.65,1.2,0
V04718,container,217.8,29.8,8.6,114423,2374,2022-02-06 10:03:41.666960,2022-02-06 12:21:05.666960,2022-02-07 10:03:05.666960,21.7,2.29,normal,0.87,24.8,7.3,2.8,0.4,1,7.24,1.94,1
V04823,container,293.1,41.6,11.4,213921,1858,2022-02-06 13:35:47.806628,2022-02-06 15:03:59.806628,2022-02-07 08:27:59.806628,17.4,1.47,normal,0.65,14.9,8.0,1.4,1.4,0,6.46,0.04,1
V03689,roro,133.5,21.5,9.5,97082,1245,2022-02-06 20:40:08.420081,2022-02-06 21:26:56.420081,2022-02-07 01:32:56.420081,4.1,0.78,normal,0.64,14.3,6.9,1.4,2.6,0,4.8,2.33,0
V02060,bulk,235.8,34.5,7.6,141293,2462,2022-02-07 00:49:57.879770,2022-02-07 03:25:21.879770,2022-02-08 10:01:21.879770,30.6,2.59,normal,0.85,34.1,7.8,3.5,0.2,1,7.67,2.69,1
V04800,container,348.7,49.5,8.2,203980,1460,2022-02-07 02:32:28.435376,2022-02-07 03:58:16.435376,2022-02-08 03:52:16.435376,23.9,1.43,normal,0.78,15.4,7.2,1.8,0.9,0,5.69,4.59,1
V01833,general,108.0,16.1,7.9,58356,4504,2022-02-07 10:39:23.126144,2022-02-07 11:46:35.126144,2022-02-08 04:34:35.126144,16.8,1.12,normal,0.57,14.8,6.6,1.6,4.7,0,7.02,3.27,1
V04659,container,260.3,42.6,10.8,174772,726,2022-02-07 12:49:25.827831,2022-02-07 14:38:37.827831,2022-02-08 11:38:37.827831,21.0,1.82,normal,0.86,23.1,5.6,2.4,1.4,1,7.89,5.17,1
V02395,general,181.6,24.5,5.4,76344,3961,2022-02-07 16:58:38.216318,2022-02-07 18:05:14.216318,2022-02-08 08:59:14.216318,14.9,1.11,normal,0.89,8.2,6.7,0.7,1.6,0,2.85,3.57,0
V03735,roro,199.1,26.4,9.9,118850,3201,2022-02-07 18:10:41.052484,2022-02-07 18:59:17.052484,2022-02-08 03:29:17.052484,8.5,0.81,normal,0.65,15.3,9.8,1.4,0.8,0,2.04,0.84,0
V04851,container,245.2,32.3,11.7,177459,939,2022-02-08 01:00:17.512325,2022-02-08 02:23:05.512325,2022-02-08 23:41:05.512325,21.3,1.38,normal,0.57,11.1,8.9,0.9,1.3,0,7.96,2.62,1
V03426,bulk,206.9,32.8,7.3,96975,4075,2022-02-08 03:53:10.041632,2022-02-08 05:21:22.041632,2022-02-09 03:15:22.041632,21.9,1.47,normal,1.0,5.4,7.0,0.1,2.4,0,4.87,0.91,0
V03657,container,199.4,26.7,8.1,105998,918,2022-02-08 11:26:57.293581,2022-02-08 14:10:09.293581,2022-02-09 03:04:09.293581,12.9,2.72,normal,0.56,22.9,7.3,2.6,0.2,1,7.01,3.33,1
V03849,bulk,240.1,37.1,12.2,185904,4486,2022-02-08 17:45:26.926545,2022-02-08 19:05:50.926545,2022-02-09 18:41:50.926545,23.6,1.34,normal,1.0,13.5,7.2,1.9,1.0,0,2.87,0.29,0
V03824,container,178.8,29.5,11.0,143313,4877,2022-02-08 21:10:38.818448,2022-02-08 22:58:02.818448,2022-02-09 14:34:02.818448,15.6,1.79,low,0.86,23.8,5.5,2.0,2.5,1,3.26,3.01,0
V05146,container,361.2,49.2,10.1,274145,715,2022-02-09 02:49:43.282281,2022-02-09 03:43:07.282281,2022-02-10 07:43:07.282281,28.0,0.89,high,0.58,19.2,8.0,1.8,0.4,0,7.35,2.39,1
V01569,tanker,223.3,30.6,9.5,131631,3257,2022-02-09 03:28:04.103627,2022-02-09 06:00:28.103627,2022-02-09 20:54:28.103627,14.9,2.54,normal,0.93,22.8,6.1,2.2,0.0,1,6.63,2.95,1
V05034,roro,241.1,36.0,8.9,152379,583,2022-02-09 05:00:56.830970,2022-02-09 06:16:32.830970,2022-02-09 16:10:32.830970,9.9,1.26,normal,0.98,34.8,6.2,3.7,0.6,1,4.37,4.49,0
V03055,container,312.1,47.7,13.4,273581,2323,2022-02-09 14:58:17.432061,2022-02-09 17:01:17.432061,2022-02-10 08:55:17.432061,15.9,2.05,normal,0.64,23.3,4.4,2.7,0.4,1,7.57,2.12,1
V04285,general,212.2,31.9,7.2,104631,4986,2022-02-09 19:01:34.980218,2022-02-09 20:38:10.980218,2022-02-10 21:02:10.980218,24.4,1.61,normal,0.81,24.9,9.5,2.4,0.0,1,2.43,6.49,0
V01034,container,314.1,47.3,14.3,317299,982,2022-02-10 04:02:04.459074,2022-02-10 05:04:28.459074,2022-02-11 14:10:28.459074,33.1,1.04,low,0.59,1.3,5.2,0.0,0.8,0,6.91,3.44,1
V02068,general,99.3,15.2,6.1,39554,3476,2022-02-10 05:13:00.496011,2022-02-10 07:13:36.496011,2022-02-10 17:07:36.496011,9.9,2.01,normal,0.91,22.9,8.0,1.8,0.3,1,5.28,1.16,0
V04858,tanker,240.3,36.2,10.6,187694,3401,2022-02-10 09:40:34.269189,2022-02-10 11:14:10.269189,2022-02-11 09:02:10.269189,21.8,1.56,normal,0.77,16.9,9.3,1.9,3.0,0,2.52,1.55,0
V04152,container,223.8,37.7,11.0,151036,1260,2022-02-10 16:23:05.313080,2022-02-10 17:38:05.313080,2022-02-11 09:20:05.313080,15.7,1.25,normal,0.79,10.2,9.4,1.2,2.4,0,6.97,0.48,1
V04627,bulk,263.4,35.0,10.2,202848,4736,2022-02-10 19:11:42.887795,2022-02-10 20:59:06.887795,2022-02-12 05:11:06.887795,32.2,1.79,normal,0.82,17.9,8.8,2.0,1.2,0,3.05,2.2,0
V02416,container,329.2,45.5,12.2,261653,4176,2022-02-10 21:58:10.374394,2022-02-10 23:31:10.374394,2022-02-11 13:31:10.374394,14.0,1.55,normal,0.79,12.2,8.2,1.2,1.0,0,2.43,3.74,0
V05148,container,284.3,45.0,10.2,200347,3949,2022-02-10 23:00:30.124904,2022-02-11 01:09:30.124904,2022-02-11 23:27:30.124904,22.3,2.15,normal,1.0,29.5,7.2,3.8,0.6,1,3.56,2.34,0
V05864,container,295.8,42.9,8.6,152742,2131,2022-02-11 02:14:17.189952,2022-02-11 03:26:17.189952,2022-02-12 05:56:17.189952,26.5,1.2,normal,0.61,8.5,10.9,0.5,4.4,0,7.72,0.64,1
V01358,tanker,313.4,47.5,13.8,299129,4753,2022-02-11 02:15:11.231769,2022-02-11 04:33:11.231769,2022-02-11 21:03:11.231769,16.5,2.3,normal,0.56,22.5,3.6,2.9,1.0,1,7.73,3.03,1
V04372,container,222.4,36.7,13.9,188051,1961,2022-02-11 05:14:32.166281,2022-02-11 07:32:32.166281,2022-02-11 22:32:32.166281,15.0,2.3,normal,0.64,26.0,6.8,2.1,4.4,1,6.4,2.33,1
V02077,container,178.8,30.4,10.8,122558,1155,2022-02-11 13:20:19.604169,2022-02-11 15:19:07.604169,2022-02-12 06:49:07.604169,15.5,1.98,normal,0.77,30.6,8.2,2.6,1.1,1,6.37,4.59,1
V04770,roro,130.2,17.3,10.0,86636,3351,2022-02-11 22:44:45.817240,2022-02-12 00:09:57.817240,2022-02-12 16:51:57.817240,16.7,1.42,low,1.0,29.2,9.5,3.4,0.9,1,2.41,2.24,0
V05051,tanker,128.7,21.6,10.7,101993,4663,2022-02-12 02:12:35.300817,2022-02-12 06:58:47.300817,2022-02-12 21:58:47.300817,15.0,4.77,high,0.67,40.9,6.6,3.9,1.2,2,6.97,1.8,1
V05649,container,188.6,28.8,11.0,157499,3235,2022-02-12 05:41:48.576468,2022-02-12 06:41:48.576468,2022-02-12 22:41:48.576468,16.0,1.0,normal,0.51,16.6,6.8,1.9,0.6,0,6.84,4.7,1
V04293,bulk,284.1,46.1,12.3,211172,4495,2022-02-12 07:32:27.523017,2022-02-12 10:45:39.523017,2022-02-13 06:33:39.523017,19.8,3.22,normal,0.56,23.1,8.1,2.3,0.6,1,4.19,0.67,0
V03027,bulk,179.2,26.0,8.3,118498,3755,2022-02-12 09:59:41.721857,2022-02-12 12:54:53.721857,2022-02-13 15:36:53.721857,26.7,2.92,normal,0.7,27.6,3.6,2.8,0.5,1,2.0,6.38,0
V04488,tanker,310.5,45.1,12.4,276494,1271,2022-02-13 01:53:23.040002,2022-02-13 04:41:23.040002,2022-02-14 00:53:23.040002,20.2,2.8,normal,0.88,41.2,5.9,4.3,0.4,2,5.44,4.41,0
V01314,bulk,265.3,39.4,11.2,181556,2421,2022-02-13 17:49:57.856651,2022-02-13 20:49:57.856651,2022-02-15 05:31:57.856651,32.7,3.0,normal,0.42,20.6,4.0,2.0,1.2,1,7.8,5.25,1
V02365,container,314.1,48.1,8.2,197828,2210,2022-02-14 01:31:47.133246,2022-02-14 03:20:59.133246,2022-02-14 14:26:59.133246,11.1,1.82,normal,1.0,22.4,7.5,2.5,1.4,1,3.72,1.58,0
V01243,bulk,203.3,34.0,10.5,156779,2666,2022-02-14 02:42:12.360549,2022-02-14 03:52:24.360549,2022-02-14 21:10:24.360549,17.3,1.17,high,0.88,15.6,6.0,2.0,0.9,0,5.46,3.42,0
V05876,container,260.3,34.2,8.3,136333,2582,2022-02-14 04:50:52.601711,2022-02-14 06:40:04.601711,2022-02-15 00:16:04.601711,17.6,1.82,normal,0.76,40.0,8.2,3.8,5.2,1,7.84,0.61,1
V03885,container,224.5,36.2,14.0,229843,4121,2022-02-14 17:57:10.441311,2022-02-14 19:46:58.441311,2022-02-15 18:22:58.441311,22.6,1.83,high,0.74,29.4,6.5,3.2,0.4,1,8.0,0.66,1
V01890,container,224.8,31.6,9.6,139035,1381,2022-02-14 23:13:27.487419,2022-02-15 00:32:39.487419,2022-02-15 16:08:39.487419,15.6,1.32,normal,0.92,17.6,8.3,1.7,0.2,0,2.29,5.5,0
V01364,bulk,153.0,25.7,11.1,111002,4152,2022-02-14 23:38:40.383715,2022-02-15 01:20:40.383715,2022-02-16 01:56:40.383715,24.6,1.7,normal,0.76,15.6,8.2,1.6,2.8,0,2.08,3.06,0
V04838,container,361.0,49.7,10.3,232249,2642,2022-02-15 05:47:41.513975,2022-02-15 07:49:29.513975,2022-02-16 02:43:29.513975,18.9,2.03,normal,1.0,33.5,6.8,3.4,0.6,1,7.9,6.39,1
V01078,container,376.9,49.1,14.8,440874,3376,2022-02-15 12:32:05.049039,2022-02-15 17:01:29.049039,2022-02-16 10:07:29.049039,17.1,4.49,normal,0.59,29.7,2.6,3.3,1.8,2,2.0,3.55,0
V01497,bulk,216.8,28.6,12.5,193684,4341,2022-02-15 20:37:00.300299,2022-02-15 23:17:48.300299,2022-02-16 23:29:48.300299,24.2,2.68,normal,0.66,25.0,6.1,2.5,0.0,1,6.69,2.85,1
V03133,tanker,179.0,23.4,9.2,129483,1634,2022-02-15 22:18:14.338449,2022-02-16 00:42:50.338449,2022-02-17 17:30:50.338449,40.8,2.41,high,0.9,26.0,6.7,2.4,1.0,1,4.24,0.65,0
V03006,tanker,274.2,38.4,13.8,233298,4618,2022-02-16 14:09:00.433556,2022-02-16 15:19:12.433556,2022-02-17 19:43:12.433556,28.4,1.17,normal,0.72,13.3,7.6,1.2,1.2,0,2.27,4.77,0
V02840,container,261.7,42.4,9.5,177671,3257,2022-02-16 14:45:37.092489,2022-02-16 16:04:49.092489,2022-02-17 01:22:49.092489,9.3,1.32,low,0.75,19.0,10.0,2.3,0.7,0,2.78,1.11,0
V05456,tanker,127.2,16.9,9.9,89013,3546,2022-02-16 18:51:25.464590,2022-02-16 20:05:49.464590,2022-02-17 15:05:49.464590,19.0,1.24,normal,0.78,10.3,6.0,0.9,0.4,0,7.84,1.93,1
V03705,container,262.2,37.0,10.9,228069,2291,2022-02-17 00:43:49.148836,2022-02-17 01:57:37.148836,2022-02-17 17:33:37.148836,15.6,1.23,normal,0.59,15.9,8.1,1.1,0.5,0,2.35,1.45,0
V04654,bulk,168.6,25.6,11.7,155094,775,2022-02-17 02:49:57.994876,2022-02-17 04:03:09.994876,2022-02-17 18:57:09.994876,14.9,1.22,low,0.73,7.2,7.2,0.4,0.1,0,2.48,4.84,0
V05144,roro,195.2,26.3,6.8,94560,765,2022-02-17 07:07:35.095026,2022-02-17 08:41:11.095026,2022-02-17 21:41:11.095026,13.0,1.56,normal,0.89,32.4,5.5,3.4,0.9,1,7.77,2.54,1
V05881,container,180.3,24.3,10.4,129650,1711,2022-02-17 08:01:15.473000,2022-02-17 09:18:03.473000,2022-02-17 17:12:03.473000,7.9,1.28,normal,0.65,17.8,3.4,1.9,3.1,0,7.99,0.59,1
V03189,bulk,206.0,34.0,8.6,112004,1643,2022-02-17 10:38:46.013051,2022-02-17 12:29:46.013051,2022-02-19 11:11:46.013051,46.7,1.85,normal,0.73,18.1,8.0,1.5,2.1,0,5.54,5.38,1
V02549,tanker,181.1,25.9,10.2,137574,4185,2022-02-17 11:19:20.881420,2022-02-17 12:35:32.881420,2022-02-18 14:53:32.881420,26.3,1.27,normal,0.82,7.2,8.5,0.7,0.6,0,4.51,2.9,0
V03065,roro,200.0,34.0,10.5,142463,1646,2022-02-17 16:00:15.076041,2022-02-17 17:07:27.076041,2022-02-18 03:55:27.076041,10.8,1.12,low,0.62,21.5,4.1,2.0,1.5,1,3.29,2.77,0
V04880,container,298.6,39.9,9.9,201825,4449,2022-02-17 23:03:57.594868,2022-02-18 00:18:21.594868,2022-02-19 08:12:21.594868,31.9,1.24,normal,0.68,13.2,8.4,1.5,0.3,0,5.51,2.75,1
V02111,container,166.3,23.7,8.1,91392,1585,2022-02-18 08:25:15.494363,2022-02-18 10:54:03.494363,2022-02-19 11:24:03.494363,24.5,2.48,normal,0.86,21.4,5.3,2.4,0.5,1,7.97,4.8,1
V05852,tanker,287.6,39.1,9.2,200576,4855,2022-02-18 12:00:23.135185,2022-02-18 14:08:11.135185,2022-02-19 02:26:11.135185,12.3,2.13,normal,0.7,21.6,8.9,2.1,1.3,1,4.69,1.56,0
V02388,tanker,273.8,43.0,11.3,218942,3334,2022-02-18 17:18:48.732435,2022-02-18 19:23:36.732435,2022-02-20 10:41:36.732435,39.3,2.08,normal,0.71,28.9,5.5,3.3,0.9,1,3.98,2.0,0
V03884,bulk,100.7,16.9,8.9,56539,2954,2022-02-18 19:09:02.689636,2022-02-18 20:39:02.689636,2022-02-20 02:33:02.689636,29.9,1.5,normal,0.92,16.1,4.0,1.7,3.2,0,6.65,4.88,1
V01443,container,255.2,42.2,11.8,186985,4202,2022-02-19 00:30:47.717040,2022-02-19 01:30:47.717040,2022-02-19 12:36:47.717040,11.1,1.0,normal,0.71,17.2,4.2,1.6,0.6,0,4.53,5.74,0
V05485,roro,223.8,33.2,8.0,138509,4086,2022-02-19 01:13:18.202747,2022-02-19 03:06:42.202747,2022-02-19 12:48:42.202747,9.7,1.89,normal,0.7,23.9,10.6,1.7,1.5,1,3.52,3.91,0
V03213,container,374.4,61.3,10.8,299636,3224,2022-02-19 07:07:46.299838,2022-02-19 09:02:22.299838,2022-02-20 02:44:22.299838,17.7,1.91,normal,0.75,29.8,6.5,2.8,1.3,1,6.08,2.83,1
V03125,tanker,221.5,33.6,12.3,185163,3820,2022-02-19 07:56:54.162942,2022-02-19 10:49:42.162942,2022-02-19 22:31:42.162942,11.7,2.88,low,0.8,21.3,5.9,2.0,0.2,1,7.12,3.51,1
V05455,bulk,137.2,22.0,10.7,95805,2668,2022-02-19 08:24:28.324277,2022-02-19 11:03:28.324277,2022-02-20 11:27:28.324277,24.4,2.65,normal,0.7,33.1,5.9,3.6,1.5,1,7.55,3.5,1
V02078,bulk,183.3,28.2,12.8,170602,3710,2022-02-19 09:31:01.064193,2022-02-19 11:58:37.064193,2022-02-20 18:52:37.064193,30.9,2.46,normal,0.82,31.2,7.8,3.3,2.1,1,8.0,2.98,1
V04878,bulk,212.1,32.1,11.7,194861,2497,2022-02-19 23:58:29.655151,2022-02-20 01:26:41.655151,2022-02-21 09:02:41.655151,31.6,1.47,normal,0.71,16.4,8.0,2.1,2.2,0,6.49,2.32,1
V03510,container,309.1,44.2,14.9,350209,4402,2022-02-20 03:11:03.150573,2022-02-20 05:24:51.150573,2022-02-21 03:42:51.150573,22.3,2.23,low,0.7,20.7,3.7,2.2,5.9,1,2.32,1.25,0
V01739,container,193.0,31.6,11.5,143630,4708,2022-02-20 07:02:28.489130,2022-02-20 08:33:04.489130,2022-02-21 02:03:04.489130,17.5,1.51,normal,0.75,17.6,8.9,2.4,0.1,0,4.76,3.36,0
V02894,general,217.1,35.4,5.4,79217,1149,2022-02-20 09:07:18.188275,2022-02-20 11:04:18.188275,2022-02-20 21:16:18.188275,10.2,1.95,low,0.62,20.9,6.0,1.2,2.1,1,7.48,0.78,1
V03761,container,216.9,28.3,12.0,181277,3316,2022-02-20 13:55:08.096396,2022-02-20 15:08:56.096396,2022-02-21 02:08:56.096396,11.0,1.23,normal,0.85,15.6,6.5,2.3,1.5,0,4.22,0.9,0
V04806,container,304.3,41.1,8.9,181653,925,2022-02-20 17:32:35.983278,2022-02-20 19:44:35.983278,2022-02-21 14:08:35.983278,18.4,2.2,high,0.61,20.8,6.8,2.5,4.6,1,2.41,3.07,0
V02695,tanker,233.4,35.1,13.1,216487,733,2022-02-20 20:06:17.196593,2022-02-20 21:35:41.196593,2022-02-21 21:05:41.196593,23.5,1.49,normal,0.7,11.3,8.6,1.0,0.0,0,5.76,4.17,1
V02909,tanker,273.1,40.8,13.2,286134,4613,2022-02-20 21:00:44.944754,2022-02-20 22:26:32.944754,2022-02-22 05:56:32.944754,31.5,1.43,normal,0.62,4.9,10.6,1.0,0.0,0,6.97,2.12,1
V02014,bulk,149.6,22.0,7.6,89027,3759,2022-02-20 22:30:21.902214,2022-02-21 01:35:45.902214,2022-02-22 03:59:45.902214,26.4,3.09,normal,0.71,22.6,3.6,2.8,0.3,1,7.99,0.89,1
V01594,tanker,298.6,49.9,11.2,240142,3335,2022-02-21 00:07:15.160924,2022-02-21 02:24:03.160924,2022-02-21 18:54:03.160924,16.5,2.28,normal,0.72,27.5,8.2,2.8,3.7,1,7.26,2.97,1
V02059,container,231.4,34.7,13.2,185019,3276,2022-02-21 01:44:14.389189,2022-02-21 03:35:14.389189,2022-02-21 18:29:14.389189,14.9,1.85,normal,0.83,27.0,6.5,2.9,1.1,1,5.1,3.55,0
V01391,tanker,280.3,39.0,9.7,211123,591,2022-02-21 10:13:30.075145,2022-02-21 11:39:54.075145,2022-02-22 15:27:54.075145,27.8,1.44,normal,0.76,19.6,10.1,1.3,0.9,0,7.71,3.07,1
V03170,container,298.0,40.6,11.8,249544,4885,2022-02-21 16:03:32.356210,2022-02-21 18:23:56.356210,2022-02-22 07:23:56.356210,13.0,2.34,normal,1.0,37.8,5.8,3.9,0.9,1,2.57,2.47,0
V03291,roro,204.6,27.8,7.6,105505,1493,2022-02-21 21:00:28.227021,2022-02-21 22:28:40.227021,2022-02-22 11:22:40.227021,12.9,1.47,normal,0.61,33.1,6.7,3.3,1.7,1,5.91,1.08,1
V04051,container,368.1,59.4,13.1,377649,4930,2022-02-21 22:59:00.190428,2022-02-22 01:29:36.190428,2022-02-22 19:11:36.190428,17.7,2.51,normal,0.74,24.9,5.8,2.6,0.7,1,7.9,1.56,1
V04852,general,142.5,21.4,8.7,96196,3873,2022-02-22 10:04:55.830269,2022-02-22 11:02:31.830269,2022-02-23 02:02:31.830269,15.0,0.96,normal,0.83,18.6,8.6,1.6,4.7,0,6.81,3.9,1
V02706,container,293.4,38.3,13.3,259592,1465,2022-02-22 12:54:19.787912,2022-02-22 14:18:55.787912,2022-02-23 03:42:55.787912,13.4,1.41,normal,0.67,19.7,10.2,1.4,2.7,0,7.62,4.46,1
V04335,bulk,287.8,37.5,11.3,213648,579,2022-02-23 00:20:28.144764,2022-02-23 03:18:04.144764,2022-02-24 05:18:04.144764,26.0,2.96,normal,0.84,29.2,4.5,2.8,2.3,1,8.0,3.1,1
V01247,container,160.1,24.3,9.3,108560,705,2022-02-23 07:42:02.217421,2022-02-23 08:36:38.217421,2022-02-24 03:06:38.217421,18.5,0.91,normal,0.9,17.4,6.4,1.8,0.3,0,2.54,1.21,0
V02769,container,334.4,45.5,14.4,312927,3435,2022-02-23 14:58:04.724485,2022-02-23 17:19:40.724485,2022-02-24 09:25:40.724485,16.1,2.36,low,0.74,20.5,7.1,2.1,3.1,1,6.23,3.85,1
V03433,container,180.5,25.6,8.6,100257,2969,2022-02-23 17:13:47.154298,2022-02-23 18:22:11.154298,2022-02-24 13:46:11.154298,19.4,1.14,normal,1.0,13.6,3.4,1.0,4.6,0,3.01,3.7,0
V01371,container,331.8,47.1,11.2,251511,4345,2022-02-23 19:37:10.913777,2022-02-23 20:52:10.913777,2022-02-24 03:34:10.913777,6.7,1.25,normal,1.0,14.2,8.7,1.4,0.2,0,2.2,4.65,0
V04677,tanker,159.6,23.4,10.7,124271,795,2022-02-24 01:30:44.537867,2022-02-24 02:37:20.537867,2022-02-24 09:55:20.537867,7.3,1.11,low,0.79,10.9,5.0,1.3,0.0,0,7.93,4.28,1
V04291,container,290.0,47.1,13.3,299600,1258,2022-02-24 03:33:23.000389,2022-02-24 05:21:23.000389,2022-02-24 23:51:23.000389,18.5,1.8,normal,0.78,32.4,5.1,2.9,2.0,1,5.96,2.91,1
V02873,container,224.5,38.1,11.5,177389,2861,2022-02-24 04:25:33.751944,2022-02-24 05:18:21.751944,2022-02-25 04:48:21.751944,23.5,0.88,normal,0.7,13.7,7.9,1.4,4.3,0,4.66,7.65,0
V03554,tanker,263.6,39.6,12.0,251132,1039,2022-02-24 20:15:44.936865,2022-02-24 22:31:20.936865,2022-02-27 12:25:20.936865,61.9,2.26,normal,0.74,24.6,6.7,2.8,2.4,1,2.12,4.39,0
V02575,container,249.2,34.2,11.0,207455,1082,2022-02-24 22:34:38.070813,2022-02-25 00:10:02.070813,2022-02-25 16:28:02.070813,16.3,1.59,normal,0.58,22.3,8.4,2.1,0.0,1,4.66,2.91,0
V01214,container,309.2,43.0,11.2,250306,1638,2022-02-25 03:11:08.047517,2022-02-25 05:29:08.047517,2022-02-25 13:59:08.047517,8.5,2.3,normal,0.54,29.2,7.7,2.5,1.0,1,7.39,0.84,1
V02762,container,264.1,34.4,9.5,165393,2648,2022-02-25 07:32:14.280929,2022-02-25 08:50:50.280929,2022-02-25 20:50:50.280929,12.0,1.31,normal,0.71,18.7,10.1,1.6,1.8,0,2.12,2.84,0
V05362,general,187.1,26.8,6.0,74329,1496,2022-02-25 08:09:20.882892,2022-02-25 09:12:56.882892,2022-02-25 20:42:56.882892,11.5,1.06,normal,0.66,16.1,7.4,1.8,1.6,0,2.0,0.63,0
V01858,general,111.8,17.4,7.8,55263,4893,2022-02-25 09:48:16.032820,2022-02-25 11:56:40.032820,2022-02-25 22:32:40.032820,10.6,2.14,high,0.76,20.9,7.1,2.5,1.9,1,3.05,2.55,0
V03623,bulk,228.8,35.4,12.5,220606,1047,2022-02-25 14:02:38.355432,2022-02-25 15:22:26.355432,2022-02-26 23:58:26.355432,32.6,1.33,normal,0.62,18.7,7.6,1.2,1.6,0,7.97,4.59,1
V04982,container,173.5,26.5,12.6,151562,2945,2022-02-25 16:50:27.608033,2022-02-25 17:47:27.608033,2022-02-26 19:05:27.608033,25.3,0.95,normal,0.72,16.0,9.1,1.6,0.8,0,5.84,4.34,1
V04202,general,98.4,16.6,6.8,45623,1137,2022-02-26 00:52:27.062970,2022-02-26 02:38:39.062970,2022-02-26 23:14:39.062970,20.6,1.77,normal,0.81,25.7,8.5,2.4,0.5,1,6.81,6.55,1
V05814,roro,213.8,32.4,7.8,112541,2549,2022-02-26 05:34:49.823558,2022-02-26 07:53:25.823558,2022-02-26 13:05:25.823558,5.2,2.31,high,0.67,33.4,5.5,3.1,1.7,1,5.33,3.51,0
V01008,container,358.9,48.7,9.7,242959,4935,2022-02-26 08:51:41.698259,2022-02-26 10:12:05.698259,2022-02-27 10:42:05.698259,24.5,1.34,normal,0.54,11.8,5.2,1.6,2.1,0,2.0,1.24,0
V05120,tanker,172.7,25.1,11.5,146435,2701,2022-02-26 11:01:23.604140,2022-02-26 12:22:59.604140,2022-02-27 13:16:59.604140,24.9,1.36,normal,0.87,18.9,8.7,2.2,1.5,0,3.58,3.93,0
V02548,container,197.9,31.1,9.4,142340,3721,2022-02-26 19:18:14.636163,2022-02-26 21:04:26.636163,2022-02-27 20:34:26.636163,23.5,1.77,normal,0.69,22.9,3.2,2.2,0.9,1,3.41,2.65,0
V01762,roro,128.0,19.1,7.0,62570,583,2022-02-27 03:25:17.719954,2022-02-27 04:28:53.719954,2022-02-27 13:10:53.719954,8.7,1.06,normal,0.77,12.8,4.6,1.6,0.9,0,8.0,2.93,1
V02391,roro,176.1,26.7,6.1,83151,3976,2022-02-27 08:01:50.281785,2022-02-27 09:03:02.281785,2022-02-27 13:51:02.281785,4.8,1.02,normal,0.61,14.9,7.7,1.9,1.7,0,3.01,1.38,0
V05880,general,199.1,26.6,7.2,97192,3922,2022-02-27 17:26:17.570395,2022-02-27 19:43:41.570395,2022-02-28 15:31:41.570395,19.8,2.29,normal,0.91,24.1,5.2,2.0,0.7,1,7.13,2.74,1
V05731,tanker,225.7,37.5,11.5,198882,2892,2022-02-27 20:57:17.320185,2022-02-27 23:29:41.320185,2022-02-28 11:11:41.320185,11.7,2.54,normal,0.86,31.5,7.5,3.7,0.8,1,2.49,2.72,0
V02491,general,160.7,22.3,9.2,113345,926,2022-02-28 06:48:46.967504,2022-02-28 07:57:10.967504,2022-02-28 21:57:10.967504,14.0,1.14,normal,0.78,10.7,6.0,0.8,3.3,0,5.88,1.47,1
V05530,general,122.4,20.1,7.9,76921,3598,2022-02-28 08:22:09.229510,2022-02-28 10:12:33.229510,2022-02-28 23:36:33.229510,13.4,1.84,normal,0.81,25.8,6.5,2.4,2.2,1,3.59,2.64,0
V03261,roro,163.6,26.0,10.6,114106,1499,2022-02-28 12:32:11.135310,2022-02-28 14:00:23.135310,2022-02-28 18:48:23.135310,4.8,1.47,normal,0.72,20.7,6.8,1.9,1.9,1,3.46,7.02,0
V04896,tanker,145.2,21.3,12.8,113438,4232,2022-02-28 12:38:40.703181,2022-02-28 15:41:04.703181,2022-03-02 03:35:04.703181,35.9,3.04,normal,0.86,24.1,5.4,2.6,1.9,1,3.6,4.18,0
V05888,container,164.6,23.4,13.3,149853,3525,2022-02-28 22:03:08.919267,2022-02-28 23:06:44.919267,2022-03-01 16:06:44.919267,17.0,1.06,normal,0.68,18.3,6.0,2.2,0.4,0,2.27,5.66,0
V04251,tanker,169.3,25.8,9.9,112511,3787,2022-03-01 01:10:51.443475,2022-03-01 04:19:15.443475,2022-03-02 09:01:15.443475,28.7,3.14,normal,0.84,26.5,8.3,2.2,0.0,1,3.79,4.98,0
V05695,bulk,201.8,26.3,12.4,170451,2387,2022-03-01 02:55:44.860827,2022-03-01 05:07:08.860827,2022-03-02 00:07:08.860827,19.0,2.19,normal,0.61,15.7,8.0,1.1,0.0,0,6.36,1.31,1
V02244,tanker,193.7,31.9,12.8,166852,2865,2022-03-01 19:34:43.927620,2022-03-01 21:06:31.927620,2022-03-02 15:30:31.927620,18.4,1.53,normal,0.6,9.3,5.4,1.0,1.3,0,6.48,3.87,1
V04063,container,195.7,26.4,8.5,107780,2055,2022-03-01 22:48:10.788730,2022-03-02 00:20:34.788730,2022-03-03 09:02:34.788730,32.7,1.54,normal,0.56,11.9,8.9,1.0,0.7,0,2.3,3.9,0
V04597,roro,118.5,19.1,10.8,97982,1278,2022-03-02 19:47:41.494788,2022-03-02 21:33:53.494788,2022-03-03 03:33:53.494788,6.0,1.77,normal,0.71,25.1,8.7,2.6,0.5,1,7.18,3.24,1
V04188,bulk,125.5,21.2,12.2,101837,4950,2022-03-03 00:57:04.837172,2022-03-03 03:11:28.837172,2022-03-04 18:59:28.837172,39.8,2.24,normal,0.74,16.6,12.4,1.6,0.4,0,2.08,4.44,0
V02390,tanker,198.2,32.8,10.9,166514,3195,2022-03-03 06:18:43.331802,2022-03-03 07:41:31.331802,2022-03-04 02:11:31.331802,18.5,1.38,normal,0.81,2.9,4.1,0.0,0.1,0,7.94,1.61,1
V01907,tanker,280.6,45.1,12.9,233566,4889,2022-03-03 13:11:13.850608,2022-03-03 14:53:13.850608,2022-03-04 13:41:13.850608,22.8,1.7,low,0.33,15.8,8.2,1.6,0.7,0,2.03,2.83,0
V04957,container,227.3,33.8,15.0,256523,4162,2022-03-03 15:09:32.889991,2022-03-03 16:56:56.889991,2022-03-04 15:44:56.889991,22.8,1.79,normal,0.76,19.0,11.0,2.6,0.2,0,3.76,4.09,0
V05508,tanker,296.1,41.0,11.4,232487,4285,2022-03-03 16:24:13.758645,2022-03-03 19:36:13.758645,2022-03-04 22:42:13.758645,27.1,3.2,normal,0.82,29.3,9.4,3.0,0.1,1,5.61,4.35,1
V05785,bulk,135.6,22.9,12.0,127921,2765,2022-03-03 17:11:46.609070,2022-03-03 20:21:58.609070,2022-03-04 21:51:58.609070,25.5,3.17,low,0.84,24.2,7.6,2.6,0.8,1,6.71,3.71,1
V02209,tanker,236.3,39.2,12.3,223821,4913,2022-03-03 21:06:27.098987,2022-03-03 22:44:51.098987,2022-03-04 11:02:51.098987,12.3,1.64,normal,0.62,14.3,8.0,1.8,0.0,0,6.58,0.24,1
V02012,tanker,188.9,29.7,11.3,166999,4214,2022-03-03 21:12:15.584106,2022-03-03 22:31:27.584106,2022-03-04 06:55:27.584106,8.4,1.32,low,0.81,9.4,6.3,1.0,0.1,0,6.45,4.32,1
V01327,container,283.6,42.5,14.5,316059,2506,2022-03-04 00:07:10.732376,2022-03-04 03:22:10.732376,2022-03-04 20:10:10.732376,16.8,3.25,high,0.83,25.2,9.4,2.1,0.1,1,2.52,1.34,0
V01317,tanker,296.5,39.1,9.1,192797,4188,2022-03-04 10:01:21.881513,2022-03-04 11:51:09.881513,2022-03-05 04:21:09.881513,16.5,1.83,normal,0.88,7.7,4.9,1.2,0.5,0,5.87,5.33,1
V01447,general,154.2,25.2,8.3,80639,674,2022-03-04 13:26:52.311634,2022-03-04 15:16:40.311634,2022-03-05 02:04:40.311634,10.8,1.83,high,0.89,14.1,9.1,1.2,0.1,0,2.02,2.63,0
V03898,container,219.7,35.3,11.9,205034,2354,2022-03-04 17:41:12.672057,2022-03-04 19:01:36.672057,2022-03-05 11:43:36.672057,16.7,1.34,normal,0.68,14.9,9.5,1.6,0.7,0,6.3,2.3,1
V01181,bulk,146.8,24.7,8.3,88125,3006,2022-03-05 05:12:04.119970,2022-03-05 07:17:28.119970,2022-03-06 13:47:28.119970,30.5,2.09,low,0.35,4.3,3.8,0.7,0.5,0,5.0,3.01,0
V04318,roro,247.2,34.2,8.6,135334,757,2022-03-05 09:52:40.905034,2022-03-05 11:13:04.905034,2022-03-05 19:31:04.905034,8.3,1.34,normal,0.64,36.1,9.1,3.6,1.2,1,7.09,6.08,1
V01362,container,250.3,42.0,9.1,171597,1707,2022-03-05 18:29:24.698245,2022-03-05 21:13:12.698245,2022-03-07 07:13:12.698245,34.0,2.73,low,0.77,22.2,10.7,1.9,0.5,1,6.31,0.47,1
V03958,container,272.5,44.4,12.6,238853,3544,2022-03-05 18:50:23.135506,2022-03-05 21:23:23.135506,2022-03-06 21:17:23.135506,23.9,2.55,normal,0.84,28.7,5.8,2.7,0.6,1,6.76,0.4,1
V01526,roro,212.9,33.2,10.3,169127,1006,2022-03-05 20:03:01.863010,2022-03-05 21:19:49.863010,2022-03-06 11:19:49.863010,14.0,1.28,normal,0.87,14.3,8.7,1.6,0.1,0,7.84,2.41,1
V01241,tanker,245.0,37.5,13.4,219664,4114,2022-03-06 03:05:46.402359,2022-03-06 04:41:46.402359,2022-03-07 06:53:46.402359,26.2,1.6,normal,0.74,10.5,7.8,1.3,0.5,0,2.01,2.85,0
V04216,container,226.3,34.1,9.4,135427,4890,2022-03-06 06:45:07.732167,2022-03-06 07:57:43.732167,2022-03-07 01:39:43.732167,17.7,1.21,normal,0.75,0.0,9.0,0.0,0.9,0,6.12,3.26,1
V03051,roro,128.1,17.6,10.9,96187,1889,2022-03-06 08:20:17.769366,2022-03-06 09:43:41.769366,2022-03-06 19:25:41.769366,9.7,1.39,low,0.78,4.4,6.8,0.0,2.0,0,7.78,5.58,1
V02469,general,159.2,26.9,9.2,115915,4352,2022-03-06 11:57:29.159175,2022-03-06 14:14:53.159175,2022-03-07 14:14:53.159175,24.0,2.29,normal,0.84,23.0,4.6,2.4,0.0,1,5.37,4.85,0
V03459,bulk,204.6,33.3,8.8,110073,4396,2022-03-06 13:39:12.483706,2022-03-06 15:33:48.483706,2022-03-07 05:45:48.483706,14.2,1.91,normal,0.99,13.7,11.0,1.4,1.5,0,2.98,1.95,0
V04029,bulk,213.0,33.6,8.7,113925,4058,2022-03-06 18:30:05.601553,2022-03-06 20:27:41.601553,2022-03-07 21:39:41.601553,25.2,1.96,normal,0.7,9.7,9.0,1.2,0.2,0,5.15,3.31,0
V04134,container,242.4,40.2,10.5,180486,3322,2022-03-07 05:11:56.392252,2022-03-07 08:10:44.392252,2022-03-08 04:40:44.392252,20.5,2.98,normal,0.89,32.5,9.0,3.7,0.3,1,2.82,1.8,0
V02377,bulk,279.4,44.2,8.4,155010,702,2022-03-07 07:55:23.624862,2022-03-07 11:33:47.624862,2022-03-08 06:27:47.624862,18.9,3.64,normal,0.84,26.8,8.0,2.8,0.3,1,6.62,1.37,1
V04510,general,138.7,18.4,9.5,102376,3530,2022-03-07 12:32:14.213395,2022-03-07 14:13:02.213395,2022-03-08 00:49:02.213395,10.6,1.68,normal,1.0,17.7,9.3,1.6,0.8,0,5.7,4.12,1
V04245,roro,217.9,33.1,8.2,108369,2741,2022-03-07 14:03:49.439677,2022-03-07 15:11:01.439677,2022-03-08 02:35:01.439677,11.4,1.12,normal,0.47,1.7,5.4,0.0,1.0,0,3.46,3.84,0
V02063,container,209.7,34.0,10.7,151974,1421,2022-03-07 14:17:43.952526,2022-03-07 15:36:55.952526,2022-03-08 10:18:55.952526,18.7,1.32,low,0.87,14.4,10.7,1.6,0.8,0,3.17,4.89,0
V05862,roro,115.5,17.9,6.5,50028,4494,2022-03-07 19:45:11.046406,2022-03-07 21:01:23.046406,2022-03-08 07:37:23.046406,10.6,1.27,high,0.86,18.0,6.4,1.4,0.0,0,5.83,0.64,1
V01675,tanker,238.7,34.0,11.2,187269,2024,2022-03-08 04:32:42.489790,2022-03-08 05:48:18.489790,2022-03-09 05:30:18.489790,23.7,1.26,normal,0.54,19.2,10.8,2.0,1.3,0,2.0,3.55,0
V02942,tanker,323.7,49.0,13.3,326226,4748,2022-03-08 08:40:43.610465,2022-03-08 10:14:19.610465,2022-03-09 12:08:19.610465,25.9,1.56,low,0.63,12.0,8.8,1.4,0.1,0,6.56,3.39,1
V01795,bulk,262.7,34.9,7.6,125926,3940,2022-03-08 22:55:17.896559,2022-03-09 02:17:29.896559,2022-03-11 04:41:29.896559,50.4,3.37,normal,0.83,20.9,11.0,2.2,0.4,1,7.99,5.22,1
V04757,tanker,265.8,44.7,10.0,201360,3589,2022-03-08 23:52:10.957046,2022-03-09 01:27:34.957046,2022-03-09 23:33:34.957046,22.1,1.59,normal,0.9,12.9,10.6,1.7,0.4,0,7.77,0.22,1
V04451,roro,239.7,35.2,8.0,146489,2728,2022-03-09 03:40:22.981761,2022-03-09 04:54:46.981761,2022-03-09 19:24:46.981761,14.5,1.24,normal,0.66,14.2,7.2,1.8,0.4,0,2.96,2.65,0
V05105,bulk,229.2,38.1,7.7,133540,4108,2022-03-09 04:02:53.369087,2022-03-09 05:43:05.369087,2022-03-09 12:01:05.369087,6.3,1.67,normal,0.57,0.8,8.5,0.0,0.6,0,2.58,2.85,0
V04478,container,153.1,24.4,8.8,80964,1870,2022-03-09 07:34:54.203217,2022-03-09 08:55:54.203217,2022-03-10 08:49:54.203217,23.9,1.35,normal,0.73,16.3,9.8,1.4,0.3,0,3.79,6.8,0
V05511,tanker,161.5,23.1,10.7,106186,4779,2022-03-09 12:39:20.773842,2022-03-09 13:48:20.773842,2022-03-10 21:00:20.773842,31.2,1.15,normal,0.59,7.4,7.9,0.6,0.5,0,7.5,4.2,1
V03931,general,88.9,12.9,5.8,36689,4467,2022-03-09 14:14:37.903478,2022-03-09 15:37:25.903478,2022-03-09 23:19:25.903478,7.7,1.38,normal,0.64,19.2,6.0,1.6,0.3,0,5.54,2.46,1
V02680,container,152.2,23.6,12.0,111427,1807,2022-03-09 16:36:16.021224,2022-03-09 18:15:16.021224,2022-03-10 09:45:16.021224,15.5,1.65,low,0.51,5.7,6.6,0.2,3.5,0,2.45,0.76,0
V02946,tanker,180.7,27.0,9.4,107288,3817,2022-03-10 04:52:29.033011,2022-03-10 07:05:41.033011,2022-03-11 09:23:41.033011,26.3,2.22,normal,0.41,20.9,7.1,2.3,0.7,1,2.56,3.8,0
V02196,general,158.1,22.7,6.7,69705,2550,2022-03-10 15:38:29.003763,2022-03-10 17:12:41.003763,2022-03-11 10:54:41.003763,17.7,1.57,high,0.77,1.1,9.0,0.5,0.2,0,4.63,3.21,0
V04631,tanker,146.6,20.2,11.6,133859,1882,2022-03-10 20:22:29.616208,2022-03-10 22:00:53.616208,2022-03-11 12:24:53.616208,14.4,1.64,normal,0.74,26.7,6.9,2.7,0.2,1,3.26,2.1,0
V05540,tanker,255.3,42.9,12.9,225804,2333,2022-03-10 23:26:39.605202,2022-03-11 02:21:51.605202,2022-03-12 13:27:51.605202,35.1,2.92,normal,0.85,26.3,9.2,2.4,0.0,1,7.41,2.13,1
V02218,bulk,291.1,44.0,9.4,183622,3183,2022-03-11 06:18:57.352955,2022-03-11 09:30:57.352955,2022-03-12 05:18:57.352955,19.8,3.2,high,1.0,28.1,3.1,2.7,2.5,1,2.13,3.71,0
V05968,container,251.8,37.1,15.0,237934,4558,2022-03-11 06:23:09.685684,2022-03-11 07:56:45.685684,2022-03-11 20:32:45.685684,12.6,1.56,normal,0.72,16.5,5.3,1.7,0.6,0,2.1,6.54,0
V03571,container,337.0,44.2,14.6,384799,2213,2022-03-11 09:17:42.644053,2022-03-11 11:04:30.644053,2022-03-12 21:58:30.644053,34.9,1.78,normal,0.64,15.2,7.3,1.5,0.9,0,3.95,3.7,0
V03490,general,97.7,15.1,8.1,50626,4993,2022-03-11 09:50:35.694041,2022-03-11 11:21:47.694041,2022-03-12 05:57:47.694041,18.6,1.52,normal,0.89,14.9,6.0,0.9,0.1,0,4.76,1.27,0
V04972,general,201.3,33.3,6.4,96500,2674,2022-03-11 10:20:08.598048,2022-03-11 13:06:56.598048,2022-03-11 22:06:56.598048,9.0,2.78,normal,0.61,3.6,2.8,0.6,0.3,1,5.51,3.08,1
V02102,container,159.8,25.4,10.9,111606,3409,2022-03-11 17:04:20.631265,2022-03-11 20:07:56.631265,2022-03-12 07:43:56.631265,11.6,3.06,normal,0.52,23.8,10.9,2.7,0.4,1,3.72,0.84,0
V03996,tanker,284.7,46.6,13.3,255912,3805,2022-03-12 00:43:37.947322,2022-03-12 02:20:49.947322,2022-03-12 19:38:49.947322,17.3,1.62,normal,0.93,17.5,6.4,1.7,0.1,0,7.77,2.76,1
V03887,tanker,186.6,30.9,9.3,138765,2077,2022-03-12 02:00:06.149682,2022-03-12 03:58:18.149682,2022-03-13 04:22:18.149682,24.4,1.97,normal,0.49,16.2,7.7,1.7,0.3,0,7.9,3.37,1
V03335,general,201.9,30.1,9.9,131682,3964,2022-03-12 05:54:00.132330,2022-03-12 07:19:48.132330,2022-03-12 23:43:48.132330,16.4,1.43,normal,0.74,12.5,6.2,1.4,0.2,0,3.16,0.19,0
V02243,bulk,155.7,23.5,10.5,113822,1915,2022-03-12 15:38:56.269126,2022-03-12 19:19:08.269126,2022-03-14 06:55:08.269126,35.6,3.67,normal,0.88,20.3,6.4,2.3,1.3,1,6.9,1.27,1
V01668,roro,202.2,32.0,8.1,123044,4010,2022-03-13 05:24:27.969595,2022-03-13 06:41:15.969595,2022-03-13 10:11:15.969595,3.5,1.28,normal,0.68,10.3,5.0,1.2,1.5,0,4.99,2.39,0
V02313,tanker,199.8,28.0,13.4,184908,3376,2022-03-13 10:31:08.888634,2022-03-13 12:04:08.888634,2022-03-14 03:52:08.888634,15.8,1.55,high,0.97,17.6,9.7,2.0,0.3,0,3.44,2.44,0
V04853,roro,153.4,20.5,7.9,76762,1720,2022-03-13 14:37:04.573309,2022-03-13 16:17:52.573309,2022-03-14 07:29:52.573309,15.2,1.68,normal,0.94,22.0,9.6,1.7,0.5,1,8.0,4.82,1
V03460,roro,200.2,33.4,9.1,145514,1235,2022-03-13 15:24:49.610689,2022-03-13 17:33:49.610689,2022-03-14 05:45:49.610689,12.2,2.15,normal,0.98,29.3,8.4,2.7,1.1,1,7.81,0.28,1
V02018,general,103.0,14.9,9.6,72590,1514,2022-03-13 22:20:40.139060,2022-03-13 23:45:52.139060,2022-03-14 16:27:52.139060,16.7,1.42,normal,1.0,4.9,10.6,0.3,0.9,0,2.77,4.45,0
V05383,container,154.8,20.3,8.4,81816,4444,2022-03-14 00:47:51.561400,2022-03-14 01:56:15.561400,2022-03-14 19:08:15.561400,17.2,1.14,normal,0.77,15.6,4.0,1.8,0.4,0,6.18,1.32,1
V04206,general,124.0,20.7,8.3,76567,4487,2022-03-14 09:43:25.188941,2022-03-14 11:12:13.188941,2022-03-15 01:06:13.188941,13.9,1.48,high,0.81,10.8,11.2,0.8,0.1,0,2.07,7.78,0
V05877,container,365.5,50.0,13.3,298057,2719,2022-03-14 12:01:39.935917,2022-03-14 13:44:51.935917,2022-03-15 10:44:51.935917,21.0,1.72,normal,0.96,16.0,6.4,1.6,1.0,0,4.44,3.54,0
V03723,tanker,327.4,53.6,12.7,289091,930,2022-03-14 13:52:09.296247,2022-03-14 15:39:33.296247,2022-03-15 05:09:33.296247,13.5,1.79,normal,0.75,9.5,9.3,1.0,0.3,0,7.03,4.12,1
V05756,general,156.6,22.4,8.5,101350,2075,2022-03-14 17:23:16.884379,2022-03-14 18:53:16.884379,2022-03-15 08:41:16.884379,13.8,1.5,normal,0.75,16.0,7.6,1.2,1.9,0,6.73,3.65,1
V01736,tanker,142.0,19.4,9.1,92130,3665,2022-03-14 17:25:23.195180,2022-03-14 18:46:59.195180,2022-03-15 20:16:59.195180,25.5,1.36,low,0.72,8.4,8.4,0.6,0.3,0,6.68,3.17,1
V03236,container,351.4,55.4,8.1,214536,3055,2022-03-14 17:59:35.228192,2022-03-14 20:21:11.228192,2022-03-15 21:39:11.228192,25.3,2.36,low,0.78,27.3,3.2,2.7,1.7,1,5.91,2.6,1
V05802,roro,169.3,27.6,8.4,104275,4792,2022-03-14 20:10:08.175109,2022-03-14 22:00:32.175109,2022-03-15 21:42:32.175109,23.7,1.84,normal,0.85,30.7,6.3,3.1,0.6,1,2.86,3.1,0
V02901,container,309.9,49.9,14.6,346713,2952,2022-03-15 17:34:27.417713,2022-03-15 20:25:27.417713,2022-03-16 23:37:27.417713,27.2,2.85,normal,0.82,25.6,5.2,2.6,0.7,1,7.4,1.3,1
V02572,container,347.7,47.4,8.9,219340,1734,2022-03-15 19:39:23.044731,2022-03-15 21:04:35.044731,2022-03-16 18:04:35.044731,21.0,1.42,low,0.64,5.5,5.6,1.0,0.5,0,4.61,0.88,0
V04298,container,164.5,21.9,8.4,102160,1014,2022-03-15 19:57:02.776358,2022-03-15 21:26:26.776358,2022-03-16 22:26:26.776358,25.0,1.49,normal,0.69,7.0,8.7,0.7,0.1,0,4.17,1.13,0
V04052,bulk,143.9,23.4,7.0,79967,4839,2022-03-15 21:54:04.882462,2022-03-15 23:52:16.882462,2022-03-17 09:52:16.882462,34.0,1.97,normal,0.88,12.7,9.7,1.5,1.1,0,2.14,0.65,0
V03994,tanker,146.3,22.9,12.3,119653,4769,2022-03-16 02:14:10.878935,2022-03-16 05:24:58.878935,2022-03-17 01:18:58.878935,19.9,3.18,normal,0.9,29.2,5.9,3.0,0.4,1,5.95,2.82,1
V04368,bulk,106.0,17.8,12.5,81724,2897,2022-03-16 11:54:34.995510,2022-03-16 13:40:10.995510,2022-03-17 04:46:10.995510,15.1,1.76,normal,0.76,6.7,5.5,0.6,0.1,0,2.38,4.85,0
V05218,container,378.9,51.7,9.6,268943,3210,2022-03-16 14:20:57.935622,2022-03-16 16:25:45.935622,2022-03-17 17:01:45.935622,24.6,2.08,high,0.86,27.0,7.6,3.0,0.1,1,5.53,4.97,1
V02896,tanker,194.6,30.3,11.7,165973,3531,2022-03-16 22:48:19.405645,2022-03-17 00:09:55.405645,2022-03-17 15:15:55.405645,15.1,1.36,low,0.8,19.6,8.6,1.8,0.3,0,2.09,3.07,0
V04003,container,279.5,40.6,12.7,242724,2741,2022-03-17 10:37:21.483186,2022-03-17 11:55:57.483186,2022-03-18 04:01:57.483186,16.1,1.31,normal,0.78,14.6,7.5,1.5,0.2,0,2.44,4.01,0
V01121,container,346.8,56.7,9.6,218353,3393,2022-03-18 06:10:09.745349,2022-03-18 07:53:57.745349,2022-03-18 19:23:57.745349,11.5,1.73,normal,0.8,18.0,11.5,1.4,0.2,0,7.99,3.98,1
V03810,tanker,151.6,22.2,13.6,127087,1528,2022-03-19 01:59:46.804999,2022-03-19 05:05:10.804999,2022-03-19 22:05:10.804999,17.0,3.09,normal,0.71,23.6,7.1,2.5,0.4,1,2.45,4.55,0
V02595,container,372.0,52.7,9.1,255084,2344,2022-03-19 05:19:10.464833,2022-03-19 06:59:58.464833,2022-03-20 17:17:58.464833,34.3,1.68,normal,0.63,15.9,4.9,1.6,0.5,0,6.86,3.64,1
V01131,container,231.6,36.3,14.6,248778,2129,2022-03-19 18:04:53.126162,2022-03-19 19:37:53.126162,2022-03-20 10:25:53.126162,14.8,1.55,normal,0.66,16.2,7.6,1.8,0.6,0,7.26,3.72,1
V05679,container,210.1,32.6,8.8,132998,4284,2022-03-19 21:50:40.574881,2022-03-19 23:20:40.574881,2022-03-21 01:08:40.574881,25.8,1.5,normal,0.65,3.6,7.8,0.0,0.0,0,6.12,1.91,1
V01601,general,114.1,15.1,8.6,77620,1369,2022-03-19 23:18:45.133141,2022-03-20 01:01:21.133141,2022-03-20 07:43:21.133141,6.7,1.71,normal,0.71,18.3,8.0,1.8,2.1,0,3.94,0.38,0
V04493,tanker,277.6,46.4,11.7,240065,1029,2022-03-20 16:19:39.547490,2022-03-20 17:58:03.547490,2022-03-21 20:04:03.547490,26.1,1.64,normal,0.75,12.2,8.5,0.6,3.9,0,3.72,1.09,0
V02547,bulk,241.8,32.0,7.3,118992,1377,2022-03-20 17:24:34.375396,2022-03-20 18:58:10.375396,2022-03-22 18:28:10.375396,47.5,1.56,low,0.85,18.0,9.0,2.2,0.2,0,5.32,0.48,0
V01349,tanker,204.5,31.9,13.6,171901,4765,2022-03-21 09:53:11.362430,2022-03-21 11:32:11.362430,2022-03-22 11:56:11.362430,24.4,1.65,low,0.5,10.4,5.2,0.8,0.3,0,7.47,0.76,1
V05211,container,277.0,41.5,9.3,190118,4144,2022-03-21 10:20:48.929324,2022-03-21 12:41:48.929324,2022-03-22 12:47:48.929324,24.1,2.35,normal,0.72,20.5,6.3,2.2,0.3,1,7.01,5.54,1
V04075,general,139.4,18.9,8.5,94152,4466,2022-03-21 16:31:16.542825,2022-03-21 19:11:28.542825,2022-03-22 11:05:28.542825,15.9,2.67,normal,0.73,24.2,7.2,2.4,1.4,1,2.96,1.15,0
V04797,bulk,167.8,24.9,13.0,149872,2677,2022-03-21 19:57:56.219497,2022-03-21 21:35:08.219497,2022-03-24 04:17:08.219497,54.7,1.62,normal,0.4,18.5,9.1,1.4,0.3,0,7.52,5.79,1
V05489,tanker,183.3,24.4,12.2,176917,2818,2022-03-21 21:47:59.243668,2022-03-21 23:25:11.243668,2022-03-23 01:43:11.243668,26.3,1.62,low,0.94,16.9,7.1,2.0,0.9,0,7.81,7.91,1
V04377,container,243.5,38.9,9.2,150247,1676,2022-03-21 23:29:57.121052,2022-03-22 01:14:21.121052,2022-03-22 16:38:21.121052,15.4,1.74,normal,0.91,7.2,6.4,0.8,0.2,0,6.04,1.64,1
V03064,tanker,315.4,46.2,9.4,221138,3505,2022-03-22 07:05:01.710864,2022-03-22 08:46:25.710864,2022-03-23 00:34:25.710864,15.8,1.69,high,0.83,13.2,9.0,1.2,0.7,0,6.02,1.0,1
V05829,bulk,138.2,19.8,8.9,92744,1693,2022-03-22 07:56:21.020377,2022-03-22 11:29:57.020377,2022-03-23 02:23:57.020377,14.9,3.56,normal,0.92,20.3,11.7,1.5,1.0,1,7.11,3.24,1
V03420,general,148.2,24.5,8.3,95481,2339,2022-03-22 08:16:03.308158,2022-03-22 09:51:27.308158,2022-03-22 20:03:27.308158,10.2,1.59,normal,0.59,10.2,6.8,0.9,0.2,0,7.43,2.24,1
V01026,tanker,323.6,50.2,11.6,277459,2545,2022-03-22 19:22:25.396487,2022-03-22 22:46:25.396487,2022-03-24 07:04:25.396487,32.3,3.4,normal,0.66,31.5,7.4,2.9,0.6,1,5.86,5.07,1
V04789,tanker,243.8,32.0,10.6,192160,609,2022-03-22 22:42:34.912742,2022-03-23 00:23:22.912742,2022-03-23 18:17:22.912742,17.9,1.68,normal,0.8,18.4,5.0,1.6,1.7,0,7.75,3.26,1
V04963,roro,139.0,20.1,8.8,80025,2872,2022-03-23 01:48:23.239310,2022-03-23 04:27:23.239310,2022-03-23 16:21:23.239310,11.9,2.65,normal,0.75,25.2,9.0,2.6,0.6,1,3.81,3.9,0
V01775,container,257.8,34.9,10.8,205343,4968,2022-03-23 03:51:06.850307,2022-03-23 06:29:30.850307,2022-03-23 15:53:30.850307,9.4,2.64,normal,0.76,30.0,4.9,3.4,2.0,1,2.02,0.83,0
V03447,tanker,254.5,42.9,10.3,200505,993,2022-03-23 16:43:35.632466,2022-03-23 18:15:59.632466,2022-03-24 08:03:59.632466,13.8,1.54,normal,0.69,11.0,10.2,1.2,0.8,0,2.02,4.67,0
V02127,container,190.9,27.3,13.4,194653,1282,2022-03-23 21:25:58.667287,2022-03-24 00:25:22.667287,2022-03-24 17:13:22.667287,16.8,2.99,normal,0.9,32.8,7.5,3.3,0.6,1,7.4,2.97,1
V01986,bulk,184.3,24.3,9.7,120192,3904,2022-03-23 22:52:09.653767,2022-03-24 00:09:33.653767,2022-03-25 18:27:33.653767,42.3,1.29,normal,0.69,10.1,5.4,1.0,0.5,0,7.99,2.98,1
V01286,container,342.6,47.2,9.7,232952,3959,2022-03-24 00:15:45.820124,2022-03-24 01:42:45.820124,2022-03-24 20:36:45.820124,18.9,1.45,normal,0.74,11.6,10.0,1.0,0.2,0,7.11,6.37,1
V03295,bulk,221.4,37.6,11.1,181007,3291,2022-03-24 03:26:18.309514,2022-03-24 05:09:30.309514,2022-03-25 08:51:30.309514,27.7,1.72,normal,0.47,17.9,6.1,1.6,0.3,0,2.79,3.72,0
V01859,tanker,202.7,26.4,10.4,156834,4252,2022-03-25 21:08:34.932207,2022-03-26 01:06:10.932207,2022-03-26 11:06:10.932207,10.0,3.96,normal,0.95,26.9,3.6,2.6,0.2,1,4.91,1.8,0
V05246,container,224.8,30.7,8.2,137372,4257,2022-03-25 22:01:36.770193,2022-03-25 23:31:00.770193,2022-03-26 20:55:00.770193,21.4,1.49,normal,0.43,13.5,8.8,1.2,0.1,0,6.22,1.27,1
V02484,tanker,302.2,43.9,12.4,234409,4174,2022-03-25 22:02:36.092624,2022-03-26 01:42:48.092624,2022-03-26 20:30:48.092624,18.8,3.67,normal,0.77,21.7,6.4,1.7,0.4,1,6.24,2.59,1
V01248,container,304.2,44.5,12.5,265387,2369,2022-03-26 01:12:06.719170,2022-03-26 04:21:42.719170,2022-03-26 23:09:42.719170,18.8,3.16,low,0.72,21.1,5.8,2.0,0.3,1,7.69,4.24,1
V03438,general,91.1,14.3,9.2,57270,4399,2022-03-26 13:20:52.493495,2022-03-26 14:29:52.493495,2022-03-27 01:35:52.493495,11.1,1.15,normal,0.7,10.7,7.0,1.2,2.6,0,7.84,0.05,1
V05280,container,154.3,21.8,13.4,129525,1319,2022-03-26 18:54:41.301852,2022-03-26 21:49:53.301852,2022-03-27 10:13:53.301852,12.4,2.92,low,0.81,32.6,7.3,3.8,1.1,1,2.0,2.37,0
V01345,container,173.5,29.0,10.9,137577,4108,2022-03-26 20:16:10.941161,2022-03-26 21:50:22.941161,2022-03-28 08:02:22.941161,34.2,1.57,low,0.36,0.0,6.5,0.1,0.1,0,2.69,8.1,0
V05782,container,231.7,33.2,14.5,256259,967,2022-03-26 20:17:45.788352,2022-03-26 23:05:45.788352,2022-03-28 03:35:45.788352,28.5,2.8,normal,0.74,22.3,10.7,2.6,0.8,1,2.72,5.51,0
V02991,roro,140.4,22.2,6.7,71900,788,2022-03-26 21:34:26.494028,2022-03-26 22:47:02.494028,2022-03-27 11:23:02.494028,12.6,1.21,normal,0.87,18.1,6.8,2.4,0.5,0,4.36,3.18,0
V03407,container,190.0,31.5,9.8,134483,4812,2022-03-27 00:24:27.064474,2022-03-27 02:06:27.064474,2022-03-27 15:06:27.064474,13.0,1.7,normal,0.97,8.7,4.2,1.6,0.8,0,7.82,3.92,1
V01027,roro,247.9,37.5,9.5,155882,4162,2022-03-27 02:51:58.533983,2022-03-27 04:11:46.533983,2022-03-27 08:59:46.533983,4.8,1.33,normal,0.93,9.8,8.6,1.4,1.5,0,6.88,2.06,1
V02128,container,203.7,28.6,12.4,161163,2565,2022-03-27 07:02:53.375427,2022-03-27 09:07:41.375427,2022-03-27 19:25:41.375427,10.3,2.08,normal,0.85,22.1,9.3,2.5,1.7,1,2.02,2.31,0
V01411,container,263.3,44.5,9.1,151358,2694,2022-03-27 09:40:43.713261,2022-03-27 11:42:31.713261,2022-03-28 12:00:31.713261,24.3,2.03,normal,0.67,28.1,4.9,2.7,0.1,1,3.93,4.71,0
V03936,bulk,204.8,32.5,11.9,149678,3674,2022-03-27 12:09:15.078977,2022-03-27 14:17:39.078977,2022-03-28 08:11:39.078977,17.9,2.14,normal,0.76,15.6,7.3,1.7,0.5,0,7.33,2.3,1
V01880,roro,114.9,14.9,10.3,91891,589,2022-03-27 12:34:51.994811,2022-03-27 15:13:51.994811,2022-03-27 22:49:51.994811,7.6,2.65,normal,0.73,27.3,6.4,3.3,0.0,1,7.68,4.39,1
V02640,general,166.3,21.9,6.6,79733,2180,2022-03-27 23:42:27.846115,2022-03-28 02:17:15.846115,2022-03-28 11:53:15.846115,9.6,2.58,normal,0.89,22.8,9.1,2.1,0.1,1,6.33,2.95,1
V01334,bulk,149.7,21.8,12.9,144163,3581,2022-03-28 02:18:35.873319,2022-03-28 03:40:47.873319,2022-03-28 21:58:47.873319,18.3,1.37,normal,0.79,11.0,6.3,1.1,0.2,0,7.94,2.41,1
V04887,bulk,146.6,20.1,11.4,111687,1073,2022-03-28 07:14:31.247534,2022-03-28 08:50:31.247534,2022-03-29 05:20:31.247534,20.5,1.6,normal,1.0,14.7,8.1,1.6,0.8,0,2.28,2.83,0
V01209,bulk,152.2,24.9,9.1,109014,1336,2022-03-28 10:31:39.033968,2022-03-28 13:14:15.033968,2022-03-29 03:38:15.033968,14.4,2.71,normal,0.76,22.1,7.2,2.3,0.0,1,4.0,2.98,0
V01935,general,87.8,13.4,5.7,37429,843,2022-03-29 09:03:58.980897,2022-03-29 10:23:46.980897,2022-03-29 23:11:46.980897,12.8,1.33,normal,0.62,13.5,12.5,0.7,0.8,0,2.01,1.46,0
V05140,tanker,298.1,40.7,10.8,213024,2354,2022-03-29 13:38:52.455550,2022-03-29 17:00:28.455550,2022-03-30 05:18:28.455550,12.3,3.36,normal,0.51,31.1,7.2,3.0,0.1,1,7.22,2.55,1
V03277,container,180.9,25.9,8.8,121948,1634,2022-03-29 15:43:15.495054,2022-03-29 17:51:39.495054,2022-03-30 13:09:39.495054,19.3,2.14,normal,1.0,23.3,5.3,2.0,0.1,1,7.85,3.44,1
V03448,container,175.3,25.1,8.0,92540,997,2022-03-29 23:01:40.201953,2022-03-30 02:07:04.201953,2022-03-30 18:19:04.201953,16.2,3.09,normal,0.75,20.3,6.2,1.8,0.1,1,3.08,3.78,0
V03544,container,220.4,30.5,13.2,191968,4573,2022-03-30 17:55:24.090167,2022-03-30 19:36:12.090167,2022-03-31 19:06:12.090167,23.5,1.68,normal,0.8,18.8,7.8,2.1,0.5,0,6.56,1.1,1
V03187,general,187.6,31.6,7.4,99380,3629,2022-03-30 19:41:36.817726,2022-03-30 21:02:00.817726,2022-03-31 05:32:00.817726,8.5,1.34,normal,1.0,18.8,8.7,2.0,0.3,0,3.97,3.3,0
V01175,roro,225.8,36.8,10.0,177601,2949,2022-03-30 20:36:01.482957,2022-03-30 22:48:37.482957,2022-03-31 13:42:37.482957,14.9,2.21,high,0.85,20.9,5.1,2.6,0.8,1,2.83,2.58,0
V03665,tanker,156.7,21.6,12.8,129497,4808,2022-03-31 03:46:20.308316,2022-03-31 05:28:56.308316,2022-03-31 16:46:56.308316,11.3,1.71,normal,0.79,17.0,5.7,1.5,0.0,0,7.89,2.52,1
V03911,roro,210.0,33.5,8.6,130446,1301,2022-03-31 09:03:00.146258,2022-03-31 10:53:24.146258,2022-03-31 19:23:24.146258,8.5,1.84,normal,0.81,28.5,9.7,2.4,0.2,1,2.77,1.86,0
V01033,general,208.9,29.5,5.3,84282,3867,2022-03-31 12:37:38.494619,2022-03-31 14:27:26.494619,2022-04-01 13:09:26.494619,22.7,1.83,normal,1.0,12.8,6.4,1.2,0.3,0,3.58,2.5,0
V04781,bulk,293.5,43.5,8.2,160487,1425,2022-03-31 12:45:45.284317,2022-03-31 14:40:57.284317,2022-04-01 23:10:57.284317,32.5,1.92,normal,0.77,8.9,6.5,0.6,1.3,0,3.76,4.07,0
V02473,tanker,218.7,36.0,11.2,148104,1631,2022-03-31 15:23:47.533144,2022-03-31 18:27:23.533144,2022-04-02 13:03:23.533144,42.6,3.06,normal,0.5,24.0,5.1,2.4,0.1,1,7.37,4.57,1
V04649,roro,205.0,34.7,10.4,148372,4116,2022-03-31 21:57:43.479689,2022-03-31 23:07:55.479689,2022-04-01 23:55:55.479689,24.8,1.17,high,0.72,19.9,7.7,1.7,0.2,0,2.33,2.7,0
V04346,container,199.3,26.3,8.1,119414,3287,2022-04-01 01:25:06.563664,2022-04-01 04:04:42.563664,2022-04-01 21:10:42.563664,17.1,2.66,normal,0.86,21.7,6.1,1.9,0.1,1,4.13,5.04,0
V01200,bulk,161.3,21.3,11.9,131238,2563,2022-04-01 02:07:00.055204,2022-04-01 05:41:12.055204,2022-04-02 11:29:12.055204,29.8,3.57,normal,0.46,30.1,9.9,3.1,1.2,1,5.18,0.63,0
V02212,tanker,255.9,41.0,10.1,159576,2703,2022-04-01 04:58:45.491229,2022-04-01 07:44:57.491229,2022-04-01 23:08:57.491229,15.4,2.77,normal,0.81,20.9,5.7,2.1,0.9,1,7.99,2.28,1
V01300,container,251.1,35.2,11.6,193201,891,2022-04-01 09:59:46.727402,2022-04-01 12:45:22.727402,2022-04-02 05:39:22.727402,16.9,2.76,high,0.83,20.4,9.3,2.1,0.0,1,2.63,2.32,0
V03405,bulk,166.2,22.8,10.4,123185,3445,2022-04-01 11:11:09.893251,2022-04-01 12:55:33.893251,2022-04-02 17:49:33.893251,28.9,1.74,normal,0.98,8.0,6.2,0.5,0.9,0,2.0,7.21,0
V04572,bulk,243.3,38.6,11.6,220858,734,2022-04-02 02:06:00.302960,2022-04-02 04:52:48.302960,2022-04-03 09:10:48.302960,28.3,2.78,normal,0.64,24.3,8.7,2.0,0.4,1,3.96,2.57,0
V01879,container,269.7,42.7,14.0,273510,2732,2022-04-02 02:19:47.379567,2022-04-02 03:23:59.379567,2022-04-03 18:59:59.379567,39.6,1.07,high,0.93,11.5,6.9,0.7,0.3,0,4.29,7.4,0
V01886,container,218.5,30.7,11.9,159803,3788,2022-04-02 14:40:27.898122,2022-04-02 16:06:15.898122,2022-04-03 07:12:15.898122,15.1,1.43,normal,0.89,2.4,8.1,0.2,0.5,0,4.21,3.36,0
V04168,general,174.0,25.3,9.7,127807,3144,2022-04-02 15:05:28.908147,2022-04-02 16:55:52.908147,2022-04-03 11:13:52.908147,18.3,1.84,normal,0.9,33.5,9.0,3.0,0.6,1,4.83,5.19,0
V04861,container,276.8,41.9,13.0,220983,2277,2022-04-02 15:07:08.347397,2022-04-02 16:14:56.347397,2022-04-03 08:20:56.347397,16.1,1.13,normal,0.65,19.5,6.0,1.7,1.1,0,4.88,0.92,0
V05621,bulk,223.9,37.4,13.0,223089,2754,2022-04-02 16:07:42.585466,2022-04-02 18:22:42.585466,2022-04-03 10:28:42.585466,16.1,2.25,low,0.82,19.1,10.3,2.2,0.4,0,6.36,2.85,1
V01750,container,318.6,47.1,11.0,231907,3233,2022-04-02 18:29:08.275354,2022-04-02 19:49:32.275354,2022-04-03 17:31:32.275354,21.7,1.34,high,1.0,7.8,5.3,0.5,1.3,0,7.99,0.58,1
V03561,bulk,184.9,28.2,12.8,172337,4019,2022-04-02 22:14:54.001172,2022-04-03 01:32:18.001172,2022-04-04 17:08:18.001172,39.6,3.29,normal,0.93,32.7,10.3,3.2,0.2,1,3.75,1.43,0
V01934,general,117.6,16.7,6.2,52164,2951,2022-04-02 22:21:21.156132,2022-04-02 23:33:57.156132,2022-04-04 04:33:57.156132,29.0,1.21,normal,0.92,16.4,9.7,1.8,0.1,0,3.6,7.15,0
V03118,tanker,221.3,31.1,9.7,130730,2121,2022-04-03 01:52:33.776236,2022-04-03 03:39:57.776236,2022-04-03 18:51:57.776236,15.2,1.79,normal,0.81,5.7,10.8,0.8,0.6,0,2.7,3.03,0
V01222,bulk,120.0,18.8,7.1,61386,1234,2022-04-03 02:52:29.871036,2022-04-03 04:38:41.871036,2022-04-04 01:20:41.871036,20.7,1.77,high,0.95,12.9,6.4,0.7,0.0,0,3.92,2.64,0
V01011,container,356.7,46.5,12.2,269936,3486,2022-04-03 03:11:53.808252,2022-04-03 06:11:53.808252,2022-04-04 11:29:53.808252,29.3,3.0,normal,0.92,31.9,8.5,2.9,0.6,1,4.39,1.36,0
V05909,tanker,296.3,43.5,11.1,251714,1448,2022-04-03 04:53:50.529468,2022-04-03 07:45:26.529468,2022-04-04 21:21:26.529468,37.6,2.86,normal,0.46,21.3,5.8,2.3,0.6,1,6.83,0.62,1
V01333,roro,200.0,30.7,7.4,92041,4846,2022-04-03 05:07:04.561443,2022-04-03 07:34:40.561443,2022-04-03 11:04:40.561443,3.5,2.46,normal,0.88,20.8,5.5,2.3,0.2,1,7.09,3.5,1
V01769,bulk,249.6,34.6,8.3,163548,4794,2022-04-03 17:07:21.788957,2022-04-03 18:59:33.788957,2022-04-05 07:17:33.788957,36.3,1.87,normal,0.63,12.6,6.4,1.2,0.2,0,6.62,4.18,1
V01215,bulk,196.4,27.3,12.0,159366,4138,2022-04-03 17:36:34.648139,2022-04-03 19:31:10.648139,2022-04-04 14:07:10.648139,18.6,1.91,low,0.78,13.7,9.9,1.3,0.4,0,7.18,3.9,1
V03582,container,306.3,42.3,13.9,291076,3287,2022-04-03 17:39:45.390526,2022-04-03 19:59:33.390526,2022-04-04 18:11:33.390526,22.2,2.33,normal,0.9,26.7,7.8,2.7,1.3,1,7.24,2.9,1
V05925,bulk,120.2,19.0,12.2,115667,3063,2022-04-03 17:56:49.793227,2022-04-03 19:38:13.793227,2022-04-04 23:50:13.793227,28.2,1.69,normal,0.72,17.1,3.0,1.8,0.1,0,7.5,1.32,1
V01954,tanker,239.9,36.2,13.6,204702,3077,2022-04-03 20:02:05.249825,2022-04-03 21:28:29.249825,2022-04-04 17:34:29.249825,20.1,1.44,normal,0.78,13.0,7.5,1.2,1.6,0,7.67,4.41,1
V01476,tanker,257.3,33.5,13.8,230651,4675,2022-04-04 07:04:06.780964,2022-04-04 08:45:30.780964,2022-04-05 06:03:30.780964,21.3,1.69,normal,0.67,19.5,7.1,1.8,0.4,0,7.93,2.81,1
V01046,roro,175.3,23.3,9.0,118326,1445,2022-04-04 10:59:21.397584,2022-04-04 11:59:21.397584,2022-04-04 21:35:21.397584,9.6,1.0,normal,0.98,18.2,12.7,1.7,0.0,0,4.41,1.16,0
V05537,roro,133.8,18.1,7.8,66096,4081,2022-04-04 11:35:28.401606,2022-04-04 13:03:04.401606,2022-04-05 03:15:04.401606,14.2,1.46,normal,0.89,15.2,7.1,1.2,0.1,0,3.56,4.89,0
V04231,general,84.6,12.5,8.2,44173,2854,2022-04-04 13:13:44.449941,2022-04-04 14:38:20.449941,2022-04-04 20:14:20.449941,5.6,1.41,normal,0.57,13.6,10.4,1.0,0.3,0,2.09,3.45,0
V03358,container,233.4,30.7,13.6,235173,3449,2022-04-05 02:28:55.009010,2022-04-05 04:06:07.009010,2022-04-05 19:54:07.009010,15.8,1.62,normal,0.85,15.6,7.1,1.2,0.1,0,2.06,0.14,0
V02590,container,277.9,37.7,15.0,258415,2472,2022-04-05 13:55:07.297893,2022-04-05 15:55:07.297893,2022-04-06 00:49:07.297893,8.9,2.0,normal,0.66,21.3,6.3,2.3,0.2,1,2.13,0.81,0
V02594,container,356.6,52.4,9.5,269114,4220,2022-04-05 20:22:46.626137,2022-04-05 22:07:10.626137,2022-04-06 16:19:10.626137,18.2,1.74,normal,0.72,9.1,9.4,0.5,0.9,0,7.96,5.37,1
V03274,tanker,122.1,19.7,10.0,74186,3410,2022-04-05 23:57:48.986846,2022-04-06 01:23:36.986846,2022-04-07 15:59:36.986846,38.6,1.43,normal,0.87,2.5,11.9,0.0,0.3,0,4.75,1.71,0
V05699,tanker,303.7,43.0,11.1,232305,4050,2022-04-06 00:45:55.084670,2022-04-06 03:19:31.084670,2022-04-06 22:37:31.084670,19.3,2.56,normal,0.9,34.6,8.5,3.3,0.0,1,3.59,3.88,0
V02353,general,190.5,29.4,9.9,132853,2835,2022-04-06 02:03:40.064989,2022-04-06 04:32:28.064989,2022-04-06 16:32:28.064989,12.0,2.48,normal,0.76,11.9,3.0,1.4,0.6,1,2.27,5.26,0
V05987,container,237.9,34.4,8.5,131203,4390,2022-04-06 08:50:44.335256,2022-04-06 11:27:20.335256,2022-04-06 20:45:20.335256,9.3,2.61,high,0.73,23.8,8.1,2.2,0.1,1,7.98,3.33,1
V03240,bulk,128.9,20.7,10.2,85117,4323,2022-04-06 16:28:40.033133,2022-04-06 18:14:52.033133,2022-04-07 10:02:52.033133,15.8,1.77,normal,0.55,12.5,9.7,1.6,0.0,0,2.52,2.58,0
V02925,bulk,193.1,29.9,9.6,117536,4399,2022-04-06 16:55:17.620560,2022-04-06 19:34:53.620560,2022-04-07 17:22:53.620560,21.8,2.66,normal,0.62,24.2,7.8,3.0,0.0,1,2.96,4.49,0
V03926,roro,212.7,29.4,9.1,129069,1150,2022-04-06 17:43:36.080564,2022-04-06 18:45:24.080564,2022-04-07 11:39:24.080564,16.9,1.03,low,1.0,18.2,9.1,1.9,1.3,0,4.0,2.16,0
V01870,tanker,311.4,43.8,9.5,230884,1780,2022-04-06 18:57:50.540884,2022-04-06 22:42:50.540884,2022-04-07 22:54:50.540884,24.2,3.75,normal,0.93,33.8,4.5,3.6,0.2,1,5.85,2.92,1
V01437,bulk,242.7,37.6,11.0,175268,2201,2022-04-07 01:13:10.647842,2022-04-07 02:44:58.647842,2022-04-07 17:26:58.647842,14.7,1.53,normal,0.91,19.4,6.5,2.2,0.4,0,4.07,1.86,0
V02482,bulk,130.0,19.4,10.6,82798,4891,2022-04-07 01:40:01.127747,2022-04-07 03:20:49.127747,2022-04-07 17:44:49.127747,14.4,1.68,normal,0.51,10.7,6.5,0.8,4.2,0,3.46,0.35,0
V04939,bulk,222.3,36.8,11.1,177190,1803,2022-04-07 03:24:54.027908,2022-04-07 06:07:30.027908,2022-04-08 08:01:30.027908,25.9,2.71,normal,0.81,31.4,8.3,3.3,0.9,1,2.03,1.96,0
V03809,container,349.0,48.1,13.8,299350,4353,2022-04-07 06:53:01.569184,2022-04-07 08:30:13.569184,2022-04-08 04:06:13.569184,19.6,1.62,normal,0.69,18.6,7.3,1.7,1.9,0,5.13,5.69,0
V02398,tanker,215.3,31.3,13.4,212306,1527,2022-04-07 08:46:40.720922,2022-04-07 10:13:04.720922,2022-04-08 01:13:04.720922,15.0,1.44,normal,0.64,5.9,5.5,0.6,0.0,0,7.53,8.47,1
V05127,bulk,241.7,40.0,7.3,128910,2837,2022-04-07 08:58:18.956189,2022-04-07 11:03:42.956189,2022-04-08 10:09:42.956189,23.1,2.09,normal,0.68,4.4,4.5,0.1,0.2,0,7.67,5.37,1
V02786,general,147.4,24.0,9.1,88988,520,2022-04-07 12:21:52.896204,2022-04-07 13:35:04.896204,2022-04-08 04:35:04.896204,15.0,1.22,high,0.68,19.2,8.2,1.9,0.0,0,5.95,1.93,1
V02674,container,234.4,31.6,10.8,163325,1677,2022-04-07 14:46:16.241019,2022-04-07 16:10:52.241019,2022-04-08 08:46:52.241019,16.6,1.41,normal,0.69,13.1,8.0,1.1,0.3,0,2.65,0.17,0
V02822,general,153.4,22.4,6.5,60253,3482,2022-04-08 02:09:17.435049,2022-04-08 03:45:17.435049,2022-04-09 04:15:17.435049,24.5,1.6,normal,1.0,10.0,10.5,0.7,0.9,0,3.88,3.57,0
V04481,container,368.6,59.2,13.8,355698,3526,2022-04-08 13:39:14.825345,2022-04-08 15:06:50.825345,2022-04-09 12:06:50.825345,21.0,1.46,low,0.88,19.4,5.7,1.8,1.0,0,5.22,1.5,0
V03572,container,336.0,45.9,12.6,286595,3937,2022-04-09 06:38:52.724622,2022-04-09 08:20:16.724622,2022-04-10 05:38:16.724622,21.3,1.69,normal,0.87,15.3,7.8,1.2,0.6,0,2.67,1.02,0
V04936,general,159.4,23.0,9.1,87595,710,2022-04-09 07:48:39.334117,2022-04-09 09:42:03.334117,2022-04-09 21:36:03.334117,11.9,1.89,normal,0.6,27.6,7.5,3.3,0.4,1,4.12,1.62,0
V01969,general,88.4,14.3,5.8,30775,1771,2022-04-09 09:27:57.906148,2022-04-09 13:05:45.906148,2022-04-10 03:29:45.906148,14.4,3.63,normal,1.0,31.1,10.7,3.7,0.9,1,6.54,2.94,1
V05873,tanker,149.7,21.9,13.3,154349,2833,2022-04-09 10:28:25.102577,2022-04-09 12:07:25.102577,2022-04-11 01:31:25.102577,37.4,1.65,normal,0.91,0.1,6.2,0.0,0.0,0,7.6,3.5,1
V02187,tanker,271.6,35.6,9.9,183287,3122,2022-04-10 02:51:46.505179,2022-04-10 05:58:58.505179,2022-04-11 05:28:58.505179,23.5,3.12,normal,0.91,24.2,8.8,2.2,0.6,1,5.21,1.34,0
V03891,bulk,265.4,44.1,11.4,195310,4897,2022-04-10 05:45:46.989011,2022-04-10 07:39:10.989011,2022-04-11 17:15:10.989011,33.6,1.89,normal,0.78,16.2,7.5,1.4,0.4,0,2.04,4.45,0
V01760,bulk,112.8,17.4,9.1,73006,2321,2022-04-10 12:49:23.270704,2022-04-10 14:36:11.270704,2022-04-11 04:00:11.270704,13.4,1.78,normal,0.86,14.0,8.8,1.4,1.1,0,7.9,1.61,1
V01596,bulk,138.7,21.7,8.3,90054,2317,2022-04-10 17:13:09.354431,2022-04-10 19:10:09.354431,2022-04-12 01:34:09.354431,30.4,1.95,low,0.79,7.7,8.3,1.3,1.2,0,2.61,0.67,0
V01254,tanker,235.6,35.5,11.0,201967,1383,2022-04-11 02:34:11.801836,2022-04-11 04:19:11.801836,2022-04-12 09:25:11.801836,29.1,1.75,normal,0.78,18.5,10.1,1.9,0.3,0,6.75,1.86,1
V04008,tanker,235.0,39.9,11.6,197264,4535,2022-04-11 14:08:32.862759,2022-04-11 15:55:20.862759,2022-04-12 11:43:20.862759,19.8,1.78,normal,0.7,15.6,8.9,2.0,0.9,0,7.59,1.17,1
V04611,container,256.2,39.7,10.7,195347,893,2022-04-11 16:19:42.397026,2022-04-11 17:31:06.397026,2022-04-12 07:25:06.397026,13.9,1.19,normal,0.36,18.1,8.5,1.9,1.2,0,4.8,3.3,0
V04815,bulk,261.8,44.3,7.8,124910,1801,2022-04-11 22:30:59.101995,2022-04-12 00:28:35.101995,2022-04-12 16:52:35.101995,16.4,1.96,low,0.77,11.9,10.1,0.9,0.4,0,5.18,5.36,0
V02400,container,289.0,43.4,14.8,261039,1495,2022-04-12 03:30:20.362214,2022-04-12 05:02:44.362214,2022-04-12 18:20:44.362214,13.3,1.54,normal,0.66,7.4,11.7,0.8,0.0,0,6.58,5.1,1
V02560,bulk,241.7,32.0,11.5,185671,1797,2022-04-12 10:10:47.047919,2022-04-12 11:35:59.047919,2022-04-13 09:05:59.047919,21.5,1.42,low,0.71,10.6,9.5,1.6,1.3,0,4.07,2.92,0
V04076,container,373.5,61.6,13.2,391572,2202,2022-04-12 11:32:08.729788,2022-04-12 14:20:08.729788,2022-04-13 02:38:08.729788,12.3,2.8,normal,0.62,21.5,4.7,2.2,0.1,1,6.09,3.01,1
V01951,bulk,163.4,25.6,10.2,123450,1115,2022-04-12 17:43:06.455081,2022-04-12 21:25:06.455081,2022-04-13 10:31:06.455081,13.1,3.7,normal,0.44,21.5,9.6,2.1,1.3,1,3.93,0.89,0
V05111,bulk,112.9,17.0,7.7,58285,2569,2022-04-12 18:20:08.295191,2022-04-12 20:35:08.295191,2022-04-14 00:23:08.295191,27.8,2.25,normal,0.77,7.1,7.6,0.7,0.3,0,3.12,2.02,0
V05789,roro,149.3,20.2,9.6,99982,681,2022-04-12 20:25:20.538328,2022-04-12 21:22:20.538328,2022-04-13 06:58:20.538328,9.6,0.95,high,0.62,15.8,9.7,1.6,0.8,0,2.04,3.55,0
V04225,container,305.0,41.8,10.8,213116,3740,2022-04-13 01:16:55.893110,2022-04-13 02:54:07.893110,2022-04-13 09:48:07.893110,6.9,1.62,normal,0.98,17.1,6.3,1.9,0.3,0,7.61,0.29,1
V05794,container,168.2,27.7,10.1,107341,1512,2022-04-13 01:23:47.815743,2022-04-13 02:49:35.815743,2022-04-13 16:25:35.815743,13.6,1.43,normal,0.72,9.9,7.5,1.4,2.2,0,7.69,3.08,1
V04040,container,176.6,23.1,9.8,115981,1460,2022-04-13 05:43:13.071609,2022-04-13 07:21:37.071609,2022-04-13 23:45:37.071609,16.4,1.64,low,0.74,1.8,7.7,0.1,1.1,0,4.52,5.14,0
V05264,general,110.5,16.7,7.2,58643,2693,2022-04-13 06:54:20.575269,2022-04-13 09:43:32.575269,2022-04-14 06:07:32.575269,20.4,2.82,normal,1.0,21.6,5.6,1.7,1.3,1,2.93,6.27,0
V01670,bulk,118.2,16.5,7.8,71167,4661,2022-04-13 07:23:22.058235,2022-04-13 09:47:58.058235,2022-04-14 05:23:58.058235,19.6,2.41,normal,0.71,25.0,8.3,2.5,0.8,1,2.46,3.92,0
V03644,tanker,273.0,41.5,9.6,208987,1968,2022-04-13 14:14:50.427976,2022-04-13 16:13:38.427976,2022-04-14 17:31:38.427976,25.3,1.98,normal,0.73,14.7,6.6,1.5,0.1,0,7.92,6.43,1
V04241,general,171.0,27.9,5.3,60932,1515,2022-04-13 17:51:20.706493,2022-04-13 20:20:44.706493,2022-04-14 07:56:44.706493,11.6,2.49,normal,0.36,21.7,4.6,2.0,0.1,1,4.92,2.01,0
V04832,tanker,318.9,47.3,11.5,283409,2411,2022-04-13 20:20:48.351881,2022-04-13 23:06:24.351881,2022-04-14 12:42:24.351881,13.6,2.76,high,0.75,29.6,5.2,3.0,0.1,1,2.12,5.52,0
V05737,container,376.0,58.6,11.8,347158,533,2022-04-13 22:38:41.526415,2022-04-14 01:45:17.526415,2022-04-14 23:15:17.526415,21.5,3.11,high,0.76,30.7,3.8,3.2,0.0,1,3.1,4.64,0
V02971,general,187.8,31.3,8.0,95211,3590,2022-04-13 23:28:51.734241,2022-04-14 00:51:39.734241,2022-04-14 23:03:39.734241,22.2,1.38,normal,0.56,18.3,6.6,1.8,0.3,0,4.22,1.12,0
V05210,general,184.7,29.9,6.3,80801,4494,2022-04-14 01:54:36.234375,2022-04-14 03:21:36.234375,2022-04-14 22:15:36.234375,18.9,1.45,normal,0.8,11.9,11.0,0.6,0.1,0,7.47,7.43,1
V05157,bulk,259.0,39.5,12.4,202535,4734,2022-04-14 02:54:03.233163,2022-04-14 04:36:39.233163,2022-04-15 02:06:39.233163,21.5,1.71,low,0.69,12.2,10.5,1.3,0.2,0,7.98,0.49,1
V01804,bulk,296.7,49.0,9.0,205250,4784,2022-04-14 06:32:11.329588,2022-04-14 09:45:59.329588,2022-04-15 16:27:59.329588,30.7,3.23,normal,0.85,26.0,8.1,2.7,0.9,1,4.49,4.61,0
V02426,tanker,280.0,38.1,12.9,254682,4359,2022-04-14 18:41:24.684595,2022-04-14 20:32:24.684595,2022-04-15 11:26:24.684595,14.9,1.85,high,0.73,2.7,6.8,0.2,0.0,0,4.86,0.98,0
V05878,container,311.1,40.5,8.0,168260,4402,2022-04-14 21:05:40.387211,2022-04-14 22:40:28.387211,2022-04-15 13:52:28.387211,15.2,1.58,normal,0.93,6.6,5.5,0.4,0.2,0,2.14,0.25,0
V05935,tanker,268.2,38.4,11.8,216754,4797,2022-04-15 11:20:55.268139,2022-04-15 12:56:55.268139,2022-04-16 20:14:55.268139,31.3,1.6,normal,0.89,0.0,9.2,0.0,0.7,0,2.58,6.25,0
V03815,container,344.7,46.3,9.2,246086,2497,2022-04-15 17:15:19.639437,2022-04-15 19:10:31.639437,2022-04-16 07:16:31.639437,12.1,1.92,normal,0.92,19.2,5.3,1.5,0.0,0,7.66,1.52,1
V01087,container,297.7,45.2,12.2,234765,2259,2022-04-15 19:22:42.668651,2022-04-15 20:58:06.668651,2022-04-16 18:34:06.668651,21.6,1.59,normal,1.0,16.3,12.8,1.4,2.6,0,5.03,1.89,0
V01450,roro,185.3,29.7,7.8,94160,3621,2022-04-15 20:25:13.227143,2022-04-15 21:25:13.227143,2022-04-16 20:19:13.227143,22.9,1.0,normal,0.67,10.7,9.0,1.8,0.9,0,3.52,2.99,0
V02718,container,170.3,24.8,12.0,134617,1921,2022-04-15 23:08:35.410991,2022-04-16 00:25:23.410991,2022-04-16 15:43:23.410991,15.3,1.28,low,0.79,6.3,8.9,0.8,0.1,0,2.16,1.9,0
V03483,roro,226.6,36.3,7.6,129600,1526,2022-04-16 00:29:54.865897,2022-04-16 01:46:42.865897,2022-04-16 07:52:42.865897,6.1,1.28,normal,0.57,5.6,8.9,0.3,0.9,0,3.41,4.45,0
V02369,bulk,218.0,31.8,7.3,103685,638,2022-04-16 09:17:44.098300,2022-04-16 12:59:44.098300,2022-04-17 15:35:44.098300,26.6,3.7,normal,0.7,21.0,6.6,1.9,0.3,1,2.94,0.73,0
V01124,container,152.9,21.7,11.3,124343,1838,2022-04-16 16:55:33.156250,2022-04-16 18:37:33.156250,2022-04-17 22:01:33.156250,27.4,1.7,normal,0.72,10.1,8.5,1.0,0.5,0,7.99,3.17,1
V04802,general,111.6,15.1,9.3,68676,4679,2022-04-16 17:37:42.987593,2022-04-16 19:02:18.987593,2022-04-17 14:50:18.987593,19.8,1.41,normal,0.75,16.1,6.0,2.0,0.4,0,7.89,7.8,1
V01910,container,161.9,25.8,15.0,149957,591,2022-04-17 02:19:33.583420,2022-04-17 05:11:09.583420,2022-04-17 20:05:09.583420,14.9,2.86,normal,0.83,30.7,5.1,3.1,0.9,1,4.89,0.75,0
V01558,tanker,214.8,29.0,13.7,189045,633,2022-04-17 03:54:06.509453,2022-04-17 05:47:30.509453,2022-04-17 15:59:30.509453,10.2,1.89,normal,0.76,13.0,8.2,1.0,0.6,0,7.07,2.56,1
V02748,container,262.1,42.1,11.5,224625,1406,2022-04-17 05:49:04.897007,2022-04-17 07:11:52.897007,2022-04-17 23:11:52.897007,16.0,1.38,normal,0.8,17.5,10.4,1.4,0.3,0,7.96,3.91,1
V04443,bulk,222.7,35.0,12.8,196329,4973,2022-04-17 10:19:00.184138,2022-04-17 12:12:24.184138,2022-04-18 21:18:24.184138,33.1,1.89,normal,0.56,8.4,6.8,0.8,0.6,0,2.71,5.84,0
V05231,bulk,175.6,27.9,9.2,97074,4010,2022-04-17 10:32:49.663338,2022-04-17 12:45:25.663338,2022-04-18 11:27:25.663338,22.7,2.21,normal,0.78,15.1,10.0,1.2,1.3,0,2.5,2.95,0
V05651,container,208.1,32.6,12.9,202060,3090,2022-04-17 13:08:43.624200,2022-04-17 14:48:55.624200,2022-04-18 07:30:55.624200,16.7,1.67,normal,0.68,0.0,7.0,0.0,1.2,0,2.77,1.65,0
V03669,container,215.3,33.7,14.7,209810,4796,2022-04-17 21:49:10.076834,2022-04-18 00:11:22.076834,2022-04-18 10:23:22.076834,10.2,2.37,normal,0.93,20.3,8.1,2.3,1.6,1,3.79,0.59,0
V03629,roro,226.1,31.8,9.7,162951,2474,2022-04-18 00:35:13.573856,2022-04-18 01:47:49.573856,2022-04-18 09:59:49.573856,8.2,1.21,normal,0.58,5.5,9.6,0.5,1.1,0,2.09,4.06,0
V05768,tanker,159.1,24.7,12.8,137986,941,2022-04-18 14:57:14.718581,2022-04-18 17:15:50.718581,2022-04-19 07:03:50.718581,13.8,2.31,normal,0.46,10.1,8.5,0.5,0.2,0,4.04,2.31,0
V04512,container,295.0,42.8,10.2,184153,3821,2022-04-18 15:05:24.364920,2022-04-18 18:03:36.364920,2022-04-19 17:15:36.364920,23.2,2.97,high,0.74,21.1,10.0,1.6,0.5,1,4.23,5.03,0
V04914,tanker,189.3,27.4,10.4,139965,1229,2022-04-18 18:16:30.175853,2022-04-18 19:41:06.175853,2022-04-19 14:59:06.175853,19.3,1.41,normal,0.67,15.2,9.6,1.6,0.8,0,7.93,3.82,1
V03321,container,235.8,37.8,8.7,155375,4262,2022-04-19 02:53:45.947926,2022-04-19 04:14:09.947926,2022-04-19 20:32:09.947926,16.3,1.34,normal,0.55,18.8,12.9,2.5,0.2,0,3.41,0.16,0
V01641,bulk,161.1,23.4,12.6,152559,2886,2022-04-19 03:39:02.414733,2022-04-19 05:47:26.414733,2022-04-20 04:29:26.414733,22.7,2.14,normal,0.79,8.7,9.4,0.9,1.7,0,4.47,1.64,0
V03605,container,238.3,39.2,14.6,274577,1043,2022-04-19 10:45:32.669407,2022-04-19 12:18:32.669407,2022-04-20 00:54:32.669407,12.6,1.55,low,0.66,5.3,8.4,0.4,0.0,0,4.16,0.37,0
V05110,container,368.9,57.2,8.1,206396,3998,2022-04-20 05:25:20.946129,2022-04-20 07:00:08.946129,2022-04-21 03:00:08.946129,20.0,1.58,normal,1.0,12.3,9.7,1.1,0.4,0,5.93,6.15,1
V01650,general,118.7,15.8,7.2,56178,4017,2022-04-20 17:59:54.904470,2022-04-20 19:27:30.904470,2022-04-21 11:57:30.904470,16.5,1.46,normal,0.68,9.2,8.1,0.8,1.0,0,6.18,4.78,1
V01557,tanker,262.8,34.6,13.2,209741,2179,2022-04-20 18:20:35.558276,2022-04-20 20:15:47.558276,2022-04-22 01:15:47.558276,29.0,1.92,high,0.85,18.5,5.3,1.7,1.5,0,6.64,2.46,1
V05168,tanker,144.3,21.4,11.4,107425,4234,2022-04-20 19:05:48.694742,2022-04-20 21:45:24.694742,2022-04-21 20:09:24.694742,22.4,2.66,low,0.87,4.9,2.2,0.3,0.0,1,7.46,5.93,1
V02460,bulk,295.5,47.2,9.3,166560,3627,2022-04-20 21:16:09.557255,2022-04-21 00:46:45.557255,2022-04-21 23:10:45.557255,22.4,3.51,normal,0.78,22.0,8.2,2.1,0.1,1,7.65,3.27,1
V02420,tanker,188.8,28.1,10.1,139831,2232,2022-04-21 00:15:07.338396,2022-04-21 02:37:19.338396,2022-04-22 04:25:19.338396,25.8,2.37,normal,0.81,23.4,9.5,2.8,1.2,1,3.74,1.77,0
V01120,container,182.7,27.0,10.4,142461,3430,2022-04-21 04:45:10.568154,2022-04-21 07:57:10.568154,2022-04-21 17:45:10.568154,9.8,3.2,normal,0.8,27.0,7.4,2.4,2.3,1,3.75,5.39,0
V02996,bulk,131.7,18.7,9.3,88166,2127,2022-04-21 06:38:51.962566,2022-04-21 10:28:39.962566,2022-04-22 11:34:39.962566,25.1,3.83,low,0.61,32.0,9.8,2.8,1.8,1,6.52,3.03,1
V04540,tanker,272.3,43.7,10.0,211272,1286,2022-04-21 07:36:26.301214,2022-04-21 09:14:50.301214,2022-04-22 15:38:50.301214,30.4,1.64,high,0.87,15.9,10.3,1.5,0.1,0,7.55,3.07,1
V03781,bulk,271.5,36.4,11.0,229816,3563,2022-04-21 12:04:15.664852,2022-04-21 16:21:03.664852,2022-04-22 03:21:03.664852,11.0,4.28,normal,0.72,32.0,6.7,3.5,0.1,1,4.59,1.76,0
V04974,tanker,327.8,54.3,12.8,290704,1139,2022-04-21 12:21:14.820834,2022-04-21 14:00:50.820834,2022-04-22 09:06:50.820834,19.1,1.66,high,0.85,16.6,12.0,1.1,0.3,0,4.17,6.08,0
V02872,tanker,271.6,43.2,12.6,216928,1918,2022-04-21 13:00:21.227031,2022-04-21 15:23:09.227031,2022-04-22 08:53:09.227031,17.5,2.38,high,0.45,24.9,5.2,2.8,0.3,1,3.28,0.7,0
V05959,general,149.7,20.7,7.5,86837,4227,2022-04-22 02:14:20.345443,2022-04-22 03:37:08.345443,2022-04-22 12:43:08.345443,9.1,1.38,normal,0.83,18.9,5.0,2.0,1.2,0,2.42,2.67,0
V03640,general,93.8,15.5,9.9,65625,2085,2022-04-22 06:22:40.565480,2022-04-22 07:44:16.565480,2022-04-23 11:38:16.565480,27.9,1.36,normal,0.77,18.6,7.4,1.7,1.0,0,4.97,0.25,0
V01036,container,206.6,28.4,9.1,123524,1280,2022-04-22 10:50:36.169671,2022-04-22 13:30:48.169671,2022-04-22 20:06:48.169671,6.6,2.67,low,0.86,22.5,8.4,2.1,1.2,1,7.33,4.06,1
V03517,container,190.6,26.6,9.7,128672,1938,2022-04-22 18:25:47.702394,2022-04-22 19:53:59.702394,2022-04-23 19:41:59.702394,23.8,1.47,high,0.69,1.4,9.1,0.3,1.0,0,4.44,2.51,0
V02174,general,120.1,20.0,6.3,57588,1135,2022-04-22 19:48:38.822296,2022-04-22 21:16:14.822296,2022-04-23 12:28:14.822296,15.2,1.46,normal,0.73,18.0,11.5,1.4,0.4,0,6.47,2.06,1
V01711,container,171.7,22.7,12.1,138654,3889,2022-04-23 19:20:39.947788,2022-04-23 22:22:27.947788,2022-04-25 02:34:27.947788,28.2,3.03,normal,0.55,25.0,6.0,2.2,0.8,1,4.61,2.07,0
V03424,bulk,175.2,28.6,12.0,131082,4155,2022-04-23 23:52:11.929774,2022-04-24 02:53:59.929774,2022-04-25 04:29:59.929774,25.6,3.03,normal,0.71,39.9,8.1,3.8,0.0,1,7.49,4.6,1
V03642,general,150.8,23.1,7.7,87692,2653,2022-04-24 18:25:59.075911,2022-04-24 19:43:23.075911,2022-04-25 02:49:23.075911,7.1,1.29,normal,0.83,12.4,7.1,1.3,0.0,0,2.48,3.0,0
V04192,roro,126.5,18.8,8.4,77044,3492,2022-04-25 01:58:21.186154,2022-04-25 03:18:09.186154,2022-04-25 10:54:09.186154,7.6,1.33,normal,0.62,7.2,8.7,0.7,0.4,0,5.94,2.53,1
V02576,tanker,169.8,25.5,9.7,125268,1755,2022-04-25 02:28:47.524823,2022-04-25 03:52:11.524823,2022-04-26 07:10:11.524823,27.3,1.39,normal,0.69,12.8,8.3,1.0,1.9,0,5.18,4.86,0
V05018,general,202.8,33.5,6.6,93229,3072,2022-04-25 05:16:35.843076,2022-04-25 06:02:47.843076,2022-04-25 16:44:47.843076,10.7,0.77,normal,0.44,0.0,9.1,0.0,0.1,0,2.07,6.53,0
V02675,tanker,147.6,22.9,11.2,117520,4899,2022-04-25 07:01:32.481763,2022-04-25 09:36:56.481763,2022-04-26 11:48:56.481763,26.2,2.59,normal,0.66,22.3,9.0,2.1,0.3,1,2.65,5.21,0
V05692,general,125.5,19.5,8.3,69282,744,2022-04-25 13:18:34.908295,2022-04-25 14:37:46.908295,2022-04-26 05:49:46.908295,15.2,1.32,normal,0.83,7.9,8.1,0.8,0.9,0,7.27,2.94,1
V05242,roro,110.8,18.7,9.8,72078,1272,2022-04-25 19:05:03.579835,2022-04-25 20:20:03.579835,2022-04-26 13:44:03.579835,17.4,1.25,normal,0.74,19.5,7.8,2.4,0.2,0,2.37,3.37,0
V05995,tanker,283.3,41.6,11.9,243207,4543,2022-04-25 20:07:05.981483,2022-04-25 21:39:29.981483,2022-04-26 09:33:29.981483,11.9,1.54,normal,0.95,6.0,5.2,1.2,0.6,0,3.44,0.26,0
V04385,bulk,187.9,31.2,8.4,113695,2062,2022-04-26 04:43:27.455987,2022-04-26 07:05:39.455987,2022-04-27 15:59:39.455987,32.9,2.37,normal,0.86,13.5,8.7,1.3,0.2,0,3.13,3.63,0
V05101,container,287.0,46.5,14.6,321296,3808,2022-04-26 09:52:44.643338,2022-04-26 12:23:20.643338,2022-04-27 01:17:20.643338,12.9,2.51,low,1.0,22.8,9.5,2.6,0.2,1,5.42,1.51,0
V04505,bulk,183.1,30.3,7.0,98724,4326,2022-04-27 03:58:15.319559,2022-04-27 07:48:39.319559,2022-04-28 16:12:39.319559,32.4,3.84,normal,0.66,22.0,9.2,2.4,0.6,1,5.35,3.44,0
V02940,tanker,148.7,22.3,10.5,114912,4668,2022-04-27 17:16:15.000567,2022-04-27 19:44:27.000567,2022-04-29 11:14:27.000567,39.5,2.47,normal,0.91,24.4,9.8,2.3,0.3,1,4.0,5.63,0
V05179,general,156.1,22.3,9.1,98927,4206,2022-04-27 18:31:14.578047,2022-04-27 19:42:02.578047,2022-04-28 09:42:02.578047,14.0,1.18,normal,0.74,13.7,9.8,1.9,1.0,0,2.52,2.29,0
V04274,container,258.3,40.0,10.1,206050,812,2022-04-27 19:11:08.340630,2022-04-27 20:40:32.340630,2022-04-28 10:40:32.340630,14.0,1.49,normal,0.83,16.8,11.7,1.2,0.2,0,2.1,1.93,0
V01312,tanker,302.3,46.9,13.1,243570,1006,2022-04-27 20:23:11.781636,2022-04-27 21:59:47.781636,2022-04-28 14:59:47.781636,17.0,1.61,low,0.87,12.1,8.8,1.4,0.6,0,2.18,1.19,0
V04541,roro,235.0,37.5,6.7,108978,4920,2022-04-27 21:57:49.042732,2022-04-27 23:03:49.042732,2022-04-28 04:15:49.042732,5.2,1.1,normal,0.74,16.6,6.2,1.8,0.2,0,3.77,4.29,0
V05718,tanker,261.1,43.1,11.8,205185,2652,2022-04-28 04:43:22.458724,2022-04-28 07:53:34.458724,2022-04-29 11:29:34.458724,27.6,3.17,normal,0.86,24.7,4.3,2.1,0.2,1,5.42,2.08,0
V01977,container,267.9,39.4,10.2,217649,1205,2022-04-28 12:20:03.830126,2022-04-28 13:59:03.830126,2022-04-29 04:29:03.830126,14.5,1.65,normal,0.73,9.6,7.8,1.0,0.2,0,6.63,1.73,1
V05548,bulk,265.5,36.0,10.3,173034,4542,2022-04-29 07:02:30.635030,2022-04-29 08:57:06.635030,2022-04-29 22:57:06.635030,14.0,1.91,normal,0.96,11.2,9.2,1.0,0.4,0,3.23,4.84,0
V04354,bulk,164.0,25.4,8.6,106934,2495,2022-04-29 11:12:32.173780,2022-04-29 12:59:20.173780,2022-05-01 22:29:20.173780,57.5,1.78,normal,0.78,16.2,7.7,1.2,1.1,0,3.83,3.51,0
V04736,container,336.1,48.6,9.9,205432,935,2022-04-29 14:50:36.512979,2022-04-29 16:48:48.512979,2022-04-30 19:24:48.512979,26.6,1.97,normal,0.81,34.1,6.8,3.6,0.3,1,7.97,5.26,1
V05119,bulk,187.0,29.2,11.0,146001,642,2022-04-29 16:53:43.567857,2022-04-29 18:47:43.567857,2022-04-30 05:35:43.567857,10.8,1.9,low,1.0,14.7,7.0,1.4,1.3,0,6.84,3.78,1
V05152,container,204.6,33.0,13.6,194468,2990,2022-04-29 21:04:26.038551,2022-04-29 23:39:14.038551,2022-04-30 14:51:14.038551,15.2,2.58,normal,0.86,25.9,9.3,2.8,1.6,1,2.02,0.62,0
V02403,container,248.8,35.0,13.2,233986,1754,2022-04-30 04:22:34.478068,2022-04-30 06:25:34.478068,2022-04-30 14:37:34.478068,8.2,2.05,low,0.68,23.4,7.2,2.4,1.2,1,7.71,5.33,1
V05746,bulk,254.3,33.2,12.4,230576,3188,2022-04-30 14:28:15.573138,2022-04-30 16:39:39.573138,2022-05-01 07:15:39.573138,14.6,2.19,low,0.87,17.5,6.3,1.6,0.2,0,7.25,1.11,1
V03369,tanker,275.2,42.9,11.5,200818,2156,2022-04-30 15:02:22.651229,2022-04-30 17:12:34.651229,2022-05-01 16:24:34.651229,23.2,2.17,normal,0.62,14.1,5.4,1.0,0.5,0,7.72,2.14,1
V05473,tanker,144.7,22.0,10.7,123597,3771,2022-05-01 12:22:28.190253,2022-05-01 16:02:04.190253,2022-05-03 04:02:04.190253,36.0,3.66,normal,0.88,22.7,6.9,1.9,0.2,1,3.25,5.59,0
V04895,tanker,315.8,48.8,11.9,290901,3558,2022-05-01 17:42:28.082296,2022-05-01 19:12:28.082296,2022-05-02 20:24:28.082296,25.2,1.5,high,0.76,19.8,9.7,1.8,0.3,0,7.62,3.32,1
V03653,bulk,163.8,26.4,12.0,133665,3490,2022-05-01 18:29:35.076266,2022-05-01 21:52:23.076266,2022-05-02 22:34:23.076266,24.7,3.38,normal,0.79,27.5,3.7,2.8,2.8,1,6.84,2.38,1
V01042,general,97.8,15.8,7.0,43129,1532,2022-05-02 03:24:07.369858,2022-05-02 06:12:07.369858,2022-05-03 02:48:07.369858,20.6,2.8,low,0.56,24.8,10.4,2.2,0.5,1,6.96,3.34,1
V02851,tanker,312.4,48.4,11.3,254797,2368,2022-05-02 04:32:18.424325,2022-05-02 06:27:30.424325,2022-05-03 13:15:30.424325,30.8,1.92,normal,0.57,5.6,9.0,0.5,0.3,0,7.88,4.15,1
V04619,container,281.0,42.7,10.8,196584,3005,2022-05-02 09:19:45.504157,2022-05-02 11:54:33.504157,2022-05-03 18:24:33.504157,30.5,2.58,normal,0.88,24.0,7.1,2.7,0.2,1,3.38,1.78,0
V02431,general,205.0,33.2,5.6,79135,1958,2022-05-02 10:13:45.231085,2022-05-02 12:34:45.231085,2022-05-03 04:40:45.231085,16.1,2.35,normal,0.75,22.5,10.5,2.1,0.9,1,2.43,1.15,0
V05241,tanker,188.4,24.8,9.4,114657,3503,2022-05-02 13:33:58.510204,2022-05-02 15:20:46.510204,2022-05-03 06:50:46.510204,15.5,1.78,normal,0.84,11.7,8.4,1.2,0.1,0,3.77,6.37,0
V01925,container,331.0,50.2,13.9,327074,3344,2022-05-03 03:31:53.634271,2022-05-03 05:38:29.634271,2022-05-04 02:32:29.634271,20.9,2.11,low,1.0,31.9,6.3,3.5,0.1,1,6.09,1.05,1
V03071,container,328.8,44.9,12.6,269566,3876,2022-05-03 06:10:59.518471,2022-05-03 09:24:11.518471,2022-05-04 05:24:11.518471,20.0,3.22,normal,0.83,32.6,10.6,3.4,0.1,1,7.97,6.18,1
V01661,tanker,172.2,26.8,11.2,125631,735,2022-05-03 10:06:49.521700,2022-05-03 11:35:01.521700,2022-05-04 08:23:01.521700,20.8,1.47,normal,0.81,10.9,6.2,1.0,2.6,0,3.4,4.69,0
V01996,tanker,170.9,28.4,10.4,123247,2265,2022-05-03 11:40:45.803933,2022-05-03 13:13:45.803933,2022-05-04 13:13:45.803933,24.0,1.55,normal,0.64,19.0,7.5,2.2,0.6,0,2.07,0.12,0
V01885,container,338.8,47.2,14.2,299575,740,2022-05-03 14:38:58.791833,2022-05-03 17:49:10.791833,2022-05-04 03:19:10.791833,9.5,3.17,normal,0.8,29.2,9.1,3.2,0.3,1,4.17,5.75,0
V04630,tanker,196.4,33.0,10.6,136269,4445,2022-05-03 15:34:35.225136,2022-05-03 17:29:47.225136,2022-05-04 09:11:47.225136,15.7,1.92,normal,0.77,7.6,5.0,0.9,0.3,0,5.57,1.7,1
V03659,bulk,198.9,28.2,10.9,170156,4566,2022-05-04 06:15:22.881269,2022-05-04 08:29:10.881269,2022-05-05 06:17:10.881269,21.8,2.23,low,0.81,15.0,8.0,1.5,0.0,0,7.92,7.38,1
V04948,container,185.6,27.0,12.9,166530,1679,2022-05-04 10:07:52.440146,2022-05-04 12:39:04.440146,2022-05-05 12:27:04.440146,23.8,2.52,normal,0.48,20.8,6.8,2.2,0.2,1,4.5,1.77,0
V02139,roro,179.5,25.8,7.4,86889,3208,2022-05-04 11:36:36.997542,2022-05-04 13:25:12.997542,2022-05-05 05:25:12.997542,16.0,1.81,normal,0.81,27.3,7.3,2.4,0.3,1,2.62,1.93,0
V01382,general,169.1,24.9,5.8,64482,3816,2022-05-04 13:26:58.235653,2022-05-04 14:41:58.235653,2022-05-05 06:11:58.235653,15.5,1.25,normal,0.76,16.8,7.3,1.1,0.4,0,2.12,3.82,0
V05830,tanker,226.3,32.6,11.1,158396,3425,2022-05-04 17:04:36.121389,2022-05-04 18:33:24.121389,2022-05-06 17:57:24.121389,47.4,1.48,low,0.68,8.5,9.1,1.1,0.4,0,6.56,4.68,1
V01552,general,115.3,19.4,8.9,75871,3182,2022-05-04 20:25:09.411115,2022-05-04 21:29:21.411115,2022-05-05 03:23:21.411115,5.9,1.07,normal,0.84,12.0,10.2,0.9,0.8,0,7.35,2.76,1
V02345,container,371.4,50.9,14.7,343419,2395,2022-05-04 23:16:54.124709,2022-05-05 00:46:18.124709,2022-05-05 19:04:18.124709,18.3,1.49,normal,0.47,18.1,6.8,1.6,0.0,0,3.44,1.07,0
V02644,roro,190.9,26.7,7.8,106402,4468,2022-05-05 03:28:15.093983,2022-05-05 04:22:51.093983,2022-05-06 03:34:51.093983,23.2,0.91,low,0.96,19.1,5.1,1.6,0.2,0,3.64,4.99,0
V01791,tanker,178.8,26.2,9.1,111733,2602,2022-05-05 18:55:15.132332,2022-05-05 20:36:39.132332,2022-05-07 03:42:39.132332,31.1,1.69,normal,0.95,8.7,9.8,0.8,0.2,0,7.64,1.06,1
V05559,bulk,233.9,36.9,11.6,198637,4411,2022-05-06 02:59:47.313722,2022-05-06 04:43:35.313722,2022-05-06 19:13:35.313722,14.5,1.73,normal,0.58,8.1,6.3,0.7,0.1,0,2.3,2.3,0
V05305,container,354.4,48.2,9.7,226557,1337,2022-05-06 10:27:49.543927,2022-05-06 12:36:49.543927,2022-05-07 08:42:49.543927,20.1,2.15,low,1.0,21.4,10.0,2.3,0.1,1,6.37,4.97,1
V05905,bulk,177.7,27.8,12.2,151343,1852,2022-05-06 10:55:11.679755,2022-05-06 13:50:23.679755,2022-05-07 19:14:23.679755,29.4,2.92,normal,0.88,20.5,8.2,2.5,0.5,1,5.72,3.11,1
V03940,tanker,238.6,38.0,13.8,220215,1109,2022-05-06 11:26:39.686524,2022-05-06 12:50:03.686524,2022-05-08 09:32:03.686524,44.7,1.39,high,0.63,15.4,8.6,1.7,1.0,0,4.93,3.51,0
V05268,general,195.3,31.0,6.4,77414,3421,2022-05-06 20:00:37.724663,2022-05-06 21:03:37.724663,2022-05-07 19:39:37.724663,22.6,1.05,normal,0.74,17.3,3.2,1.4,1.6,0,7.82,1.34,1
V01554,bulk,269.6,41.4,9.2,173810,3407,2022-05-07 08:42:29.792233,2022-05-07 10:29:53.792233,2022-05-08 23:23:53.792233,36.9,1.79,normal,0.68,18.7,6.0,1.6,0.5,0,7.94,4.51,1
V03748,container,208.9,29.5,8.0,120942,3207,2022-05-07 11:52:20.193448,2022-05-07 14:05:32.193448,2022-05-08 06:05:32.193448,16.0,2.22,normal,0.73,25.0,4.4,2.9,0.1,1,5.5,2.91,0
V04099,container,379.0,58.2,12.0,349739,2859,2022-05-07 20:45:10.750731,2022-05-07 22:09:46.750731,2022-05-08 15:15:46.750731,17.1,1.41,normal,0.89,13.8,4.7,1.6,0.8,0,7.79,0.37,1
V01348,roro,103.3,16.7,10.0,68120,1110,2022-05-08 09:11:52.040624,2022-05-08 10:30:28.040624,2022-05-08 22:24:28.040624,11.9,1.31,normal,0.82,10.6,10.0,0.8,1.7,0,7.81,2.15,1
V05787,tanker,126.7,17.3,10.7,96558,1360,2022-05-08 12:56:48.049602,2022-05-08 14:34:00.049602,2022-05-09 18:16:00.049602,27.7,1.62,normal,0.82,14.2,8.1,1.1,0.9,0,5.08,1.68,0
V05855,bulk,270.0,38.4,11.1,224310,4493,2022-05-08 16:30:36.460832,2022-05-08 19:48:36.460832,2022-05-10 03:48:36.460832,32.0,3.3,normal,0.84,25.9,5.3,2.4,0.1,1,2.06,4.26,0
V01365,bulk,125.4,18.7,10.6,96305,545,2022-05-09 04:27:09.983388,2022-05-09 05:55:21.983388,2022-05-10 15:01:21.983388,33.1,1.47,normal,0.51,16.7,4.8,1.1,1.8,0,2.0,4.63,0
V04760,container,359.6,46.8,10.5,241636,4863,2022-05-09 09:17:12.399636,2022-05-09 11:05:12.399636,2022-05-10 13:11:12.399636,26.1,1.8,normal,0.71,4.6,9.3,0.8,0.3,0,7.26,1.24,1
V01850,container,328.2,42.8,11.6,279710,2407,2022-05-09 20:32:19.508346,2022-05-09 22:02:55.508346,2022-05-10 07:56:55.508346,9.9,1.51,normal,0.63,17.5,8.4,1.5,0.0,0,5.81,5.32,1
V02338,container,221.5,33.5,9.0,140302,3088,2022-05-10 03:17:03.702643,2022-05-10 04:29:39.702643,2022-05-10 15:29:39.702643,11.0,1.21,normal,0.61,10.5,8.0,1.3,0.5,0,3.43,2.88,0
V01835,general,130.9,19.7,8.7,85154,4583,2022-05-10 13:33:23.898681,2022-05-10 14:56:47.898681,2022-05-11 16:44:47.898681,25.8,1.39,normal,0.72,17.5,9.2,1.7,0.4,0,6.51,0.92,1
V04175,bulk,108.9,15.2,11.0,82759,3450,2022-05-10 18:31:15.149650,2022-05-10 20:28:15.149650,2022-05-11 22:58:15.149650,26.5,1.95,normal,0.48,4.3,7.4,0.9,1.3,0,2.26,0.53,0
V05239,roro,110.8,15.7,10.9,93243,2994,2022-05-11 13:54:42.850961,2022-05-11 15:04:18.850961,2022-05-12 07:16:18.850961,16.2,1.16,normal,0.8,15.8,9.3,1.1,1.1,0,7.05,1.83,1
V05734,general,173.7,24.8,9.0,122223,1682,2022-05-12 06:27:36.856362,2022-05-12 07:33:36.856362,2022-05-12 23:27:36.856362,15.9,1.1,low,0.61,2.5,6.2,0.4,0.6,0,2.07,0.78,0
V05992,tanker,186.2,28.3,11.3,150371,3122,2022-05-12 10:26:15.500659,2022-05-12 11:59:51.500659,2022-05-13 08:59:51.500659,21.0,1.56,normal,0.55,15.3,6.3,1.7,0.1,0,5.66,2.87,1
V05779,container,156.7,26.6,9.6,100152,1626,2022-05-12 23:18:13.729455,2022-05-13 01:47:01.729455,2022-05-14 00:05:01.729455,22.3,2.48,normal,0.62,26.8,10.0,2.8,2.1,1,6.33,4.74,1
V02519,bulk,191.1,29.7,10.2,154274,3435,2022-05-13 00:29:01.186085,2022-05-13 01:47:01.186085,2022-05-13 12:11:01.186085,10.4,1.3,normal,0.9,18.2,9.6,2.2,0.6,0,7.61,3.23,1
V01445,container,244.5,38.7,12.5,194283,858,2022-05-13 18:50:29.030921,2022-05-13 20:27:05.030921,2022-05-14 07:57:05.030921,11.5,1.61,normal,0.66,12.2,8.6,1.6,1.0,0,2.59,2.28,0
V01095,bulk,120.2,15.9,11.2,94490,4985,2022-05-13 21:59:46.348877,2022-05-14 01:28:34.348877,2022-05-14 21:52:34.348877,20.4,3.48,normal,0.54,20.5,10.0,2.7,0.2,1,3.28,2.55,0
V03444,container,318.3,47.4,12.4,244867,1432,2022-05-13 22:11:25.129567,2022-05-14 01:12:37.129567,2022-05-14 18:36:37.129567,17.4,3.02,normal,0.6,27.8,6.3,3.2,0.2,1,3.53,3.74,0
V01609,bulk,151.1,25.5,10.0,108035,4505,2022-05-14 04:14:58.441462,2022-05-14 06:20:58.441462,2022-05-15 07:44:58.441462,25.4,2.1,normal,0.89,14.2,11.9,1.4,1.2,0,6.65,3.42,1
V04473,tanker,286.8,44.3,9.2,201355,2477,2022-05-14 05:25:06.549074,2022-05-14 06:51:30.549074,2022-05-14 23:09:30.549074,16.3,1.44,normal,1.0,8.1,6.1,0.4,3.3,0,4.97,4.38,0
V02609,tanker,324.1,43.3,9.2,186276,2438,2022-05-14 14:43:51.702338,2022-05-14 18:30:39.702338,2022-05-15 07:00:39.702338,12.5,3.78,normal,0.94,24.2,6.4,2.4,0.4,1,8.0,1.56,1
V01002,bulk,106.9,15.0,12.5,97881,1903,2022-05-14 15:09:53.322195,2022-05-14 18:50:05.322195,2022-05-17 19:44:05.322195,72.9,3.67,normal,0.7,26.5,8.0,2.6,1.5,1,7.92,4.55,1
V03738,tanker,322.9,50.9,13.4,303931,1937,2022-05-14 18:43:56.283509,2022-05-14 19:53:32.283509,2022-05-15 07:29:32.283509,11.6,1.16,normal,0.75,6.9,5.4,1.2,0.3,0,3.63,6.13,0
V05625,roro,224.5,34.2,7.6,121446,980,2022-05-14 22:12:45.235773,2022-05-14 23:25:21.235773,2022-05-15 07:01:21.235773,7.6,1.21,high,0.83,5.8,7.0,0.8,0.2,0,2.64,1.16,0
V05224,tanker,262.5,43.7,9.8,193322,2903,2022-05-15 00:28:23.034460,2022-05-15 02:19:59.034460,2022-05-15 23:31:59.034460,21.2,1.86,high,1.0,15.9,5.5,0.9,0.4,0,5.71,1.25,1
V01270,tanker,146.0,24.3,9.4,87563,4196,2022-05-15 03:14:37.724878,2022-05-15 04:56:37.724878,2022-05-15 19:26:37.724878,14.5,1.7,normal,0.7,17.7,7.2,1.8,1.2,0,7.99,1.72,1
V02814,general,166.8,28.3,8.0,96828,4680,2022-05-15 03:33:07.165831,2022-05-15 05:33:07.165831,2022-05-15 15:03:07.165831,9.5,2.0,normal,1.0,10.6,11.0,0.9,0.2,0,7.92,3.85,1
V03724,bulk,272.1,43.5,10.2,196941,2957,2022-05-15 03:34:28.508201,2022-05-15 04:54:52.508201,2022-05-15 21:42:52.508201,16.8,1.34,normal,0.8,11.8,6.7,1.1,1.0,0,7.91,6.18,1
V01519,roro,168.1,24.3,9.7,98450,952,2022-05-15 05:29:07.270832,2022-05-15 07:59:43.270832,2022-05-16 03:53:43.270832,19.9,2.51,normal,0.88,32.7,7.5,3.6,0.2,1,6.06,2.97,1
V01779,roro,118.4,19.2,7.3,62553,4272,2022-05-15 09:36:31.092656,2022-05-15 10:54:31.092656,2022-05-16 06:06:31.092656,19.2,1.3,low,0.89,0.0,8.2,0.0,1.5,0,2.04,3.39,0
V05845,container,348.5,56.3,14.7,365774,4411,2022-05-15 14:16:53.136043,2022-05-15 17:27:41.136043,2022-05-16 18:09:41.136043,24.7,3.18,normal,0.83,28.7,9.5,2.7,1.1,1,7.45,1.97,1
V05798,roro,219.5,34.8,10.0,157682,1046,2022-05-15 15:51:07.181115,2022-05-15 17:58:55.181115,2022-05-15 22:40:55.181115,4.7,2.13,normal,1.0,24.6,7.8,2.4,0.5,1,7.95,1.03,1
V01832,tanker,273.7,43.0,9.2,171967,1058,2022-05-15 22:36:25.471072,2022-05-15 23:55:37.471072,2022-05-16 11:43:37.471072,11.8,1.32,high,0.95,14.3,4.0,1.6,0.8,0,2.31,3.4,0
V01276,bulk,285.2,48.1,8.0,146287,3837,2022-05-15 22:56:35.519004,2022-05-16 01:23:35.519004,2022-05-17 13:17:35.519004,35.9,2.45,normal,0.53,18.0,10.7,1.5,0.1,0,2.58,3.76,0
V04442,bulk,185.6,29.8,9.2,131110,1169,2022-05-16 08:09:03.538192,2022-05-16 09:48:03.538192,2022-05-17 07:12:03.538192,21.4,1.65,normal,0.65,7.4,9.5,0.9,3.4,0,3.35,0.37,0
V02820,container,317.6,51.9,9.7,213772,1953,2022-05-16 10:07:00.884329,2022-05-16 11:37:00.884329,2022-05-17 22:19:00.884329,34.7,1.5,high,1.0,11.5,7.1,1.3,1.5,0,2.0,4.52,0
V02860,roro,220.2,35.9,6.1,96459,2835,2022-05-16 18:23:01.644507,2022-05-16 19:29:37.644507,2022-05-17 08:23:37.644507,12.9,1.11,normal,1.0,10.3,6.2,1.5,0.4,0,6.48,1.03,1
V03506,roro,124.7,16.9,7.1,61450,4638,2022-05-16 18:40:27.461067,2022-05-16 19:42:15.461067,2022-05-17 07:00:15.461067,11.3,1.03,normal,0.88,3.5,4.1,0.0,0.5,0,6.08,3.85,1
V04765,bulk,216.2,32.9,11.0,181940,3387,2022-05-16 20:51:42.718527,2022-05-16 22:51:06.718527,2022-05-17 10:27:06.718527,11.6,1.99,normal,0.69,18.7,8.5,1.6,0.3,0,2.98,2.71,0
V04417,roro,167.2,27.7,6.9,74553,4665,2022-05-16 22:02:35.177256,2022-05-16 23:30:47.177256,2022-05-17 12:18:47.177256,12.8,1.47,normal,0.61,6.6,8.2,0.5,1.1,0,2.08,5.57,0
V05822,container,291.3,43.6,8.9,157372,3510,2022-05-17 01:08:25.270629,2022-05-17 03:04:13.270629,2022-05-17 22:10:13.270629,19.1,1.93,normal,0.59,11.2,10.1,0.7,0.1,0,4.31,5.0,0
V04039,container,318.3,42.3,9.7,211299,3689,2022-05-17 07:46:11.582542,2022-05-17 08:50:23.582542,2022-05-18 06:50:23.582542,22.0,1.07,normal,0.62,15.6,3.7,1.3,0.1,0,5.05,2.85,0
V02450,bulk,297.4,45.0,8.7,193704,561,2022-05-17 09:38:06.557969,2022-05-17 12:27:18.557969,2022-05-18 10:21:18.557969,21.9,2.82,normal,0.8,23.6,6.7,2.1,0.3,1,2.6,3.0,0
V02337,tanker,199.0,29.3,13.1,191272,1887,2022-05-17 21:49:51.089501,2022-05-17 23:42:39.089501,2022-05-19 03:12:39.089501,27.5,1.88,normal,0.82,13.0,5.0,1.8,0.6,0,2.79,3.39,0
V05957,general,105.7,16.6,6.5,42505,4700,2022-05-18 03:10:00.438798,2022-05-18 04:23:48.438798,2022-05-19 10:17:48.438798,29.9,1.23,normal,0.55,19.9,6.0,2.5,0.6,0,6.14,2.88,1
V03533,general,161.4,24.7,7.3,70883,805,2022-05-18 09:13:31.771442,2022-05-18 10:42:55.771442,2022-05-19 02:42:55.771442,16.0,1.49,normal,0.77,6.6,7.8,0.6,0.5,0,4.07,3.73,0
V01207,general,113.2,17.3,8.4,74723,2243,2022-05-18 09:46:47.567574,2022-05-18 10:59:23.567574,2022-05-18 21:53:23.567574,10.9,1.21,high,0.76,17.8,10.2,1.4,0.9,0,3.31,3.5,0
V03635,bulk,255.1,35.8,11.4,224017,975,2022-05-18 19:29:47.946018,2022-05-18 22:50:11.946018,2022-05-19 19:08:11.946018,20.3,3.34,low,0.75,23.5,5.6,2.1,0.0,1,7.07,2.06,1
V03266,tanker,245.5,35.9,9.7,178846,575,2022-05-19 18:25:20.639925,2022-05-19 21:33:44.639925,2022-05-20 15:33:44.639925,18.0,3.14,normal,0.44,30.7,9.7,3.0,1.1,1,7.97,0.94,1
V03493,container,274.2,45.0,10.4,199317,4619,2022-05-20 02:57:31.349178,2022-05-20 04:17:55.349178,2022-05-21 07:17:55.349178,27.0,1.34,normal,0.77,19.4,6.2,1.8,1.3,0,3.49,3.77,0
V01836,bulk,212.3,28.2,9.0,150697,3980,2022-05-20 02:57:33.898517,2022-05-20 06:58:45.898517,2022-05-21 03:22:45.898517,20.4,4.02,low,0.62,25.4,7.4,2.4,0.1,1,3.49,0.47,0
V03400,container,314.0,52.0,8.0,182531,2484,2022-05-20 20:45:32.747200,2022-05-20 22:21:32.747200,2022-05-21 11:21:32.747200,13.0,1.6,low,0.67,14.1,8.0,1.3,0.2,0,7.41,4.39,1
V03337,roro,103.6,14.8,6.6,47988,1473,2022-05-21 20:31:56.343021,2022-05-21 21:57:08.343021,2022-05-22 05:33:08.343021,7.6,1.42,low,0.62,10.6,10.2,1.2,0.0,0,7.98,0.64,1
V03435,bulk,161.7,26.2,11.5,114031,1367,2022-05-21 23:11:41.128032,2022-05-22 01:17:05.128032,2022-05-22 20:29:05.128032,19.2,2.09,normal,0.45,15.4,9.4,1.6,0.4,0,5.31,0.88,0
V01339,tanker,141.2,20.4,12.1,129469,1552,2022-05-22 03:33:35.768634,2022-05-22 05:16:11.768634,2022-05-22 22:28:11.768634,17.2,1.71,low,0.57,6.8,8.9,1.0,0.8,0,2.42,2.49,0
V04233,container,263.6,39.7,11.0,216172,4515,2022-05-22 06:23:30.871130,2022-05-22 09:16:18.871130,2022-05-22 22:34:18.871130,13.3,2.88,normal,0.57,21.0,3.7,2.6,0.1,1,6.17,0.38,1
V05586,bulk,173.2,27.7,10.4,108734,1097,2022-05-22 06:32:21.292733,2022-05-22 07:30:33.292733,2022-05-23 18:24:33.292733,34.9,0.97,normal,0.74,12.2,11.0,1.3,0.3,0,6.37,1.16,1
V03040,container,276.9,41.6,9.8,179207,2778,2022-05-22 06:40:58.414125,2022-05-22 08:36:46.414125,2022-05-23 20:06:46.414125,35.5,1.93,normal,0.77,16.6,7.4,2.3,0.2,0,6.56,1.21,1
V03278,roro,148.4,25.0,9.5,98930,2784,2022-05-22 07:01:20.669016,2022-05-22 08:19:56.669016,2022-05-22 17:19:56.669016,9.0,1.31,normal,0.77,9.7,8.1,0.6,0.3,0,6.98,1.39,1
V01029,roro,190.9,29.9,7.1,98079,2112,2022-05-22 10:18:33.948653,2022-05-22 11:31:45.948653,2022-05-22 16:49:45.948653,5.3,1.22,normal,1.0,19.7,6.1,2.4,0.4,0,7.06,6.51,1
V01758,general,158.2,25.8,9.3,96575,2965,2022-05-22 10:57:12.096050,2022-05-22 11:55:24.096050,2022-05-22 19:07:24.096050,7.2,0.97,normal,0.67,5.0,6.9,0.9,0.2,0,6.25,2.4,1
V03933,tanker,189.6,25.9,12.7,191956,4115,2022-05-22 22:43:48.107718,2022-05-23 01:28:48.107718,2022-05-24 10:10:48.107718,32.7,2.75,normal,0.65,25.0,5.8,2.6,0.1,1,7.03,3.32,1
V03614,container,169.2,22.9,11.7,148187,1997,2022-05-23 04:26:52.462775,2022-05-23 05:58:40.462775,2022-05-24 06:22:40.462775,24.4,1.53,normal,0.89,19.8,6.6,2.0,0.2,0,2.49,4.06,0
V02636,container,289.1,38.3,9.3,209557,2904,2022-05-23 10:32:37.353541,2022-05-23 12:21:13.353541,2022-05-24 05:45:13.353541,17.4,1.81,normal,1.0,8.7,9.9,0.5,0.1,0,7.59,1.82,1
V03161,roro,130.4,20.2,6.7,61540,3092,2022-05-23 15:50:53.839227,2022-05-23 17:50:53.839227,2022-05-24 02:44:53.839227,8.9,2.0,normal,0.66,6.8,2.6,0.3,0.9,1,2.01,1.19,0
V01584,roro,230.2,38.1,10.5,171212,3409,2022-05-23 20:22:26.862854,2022-05-23 21:52:26.862854,2022-05-24 05:34:26.862854,7.7,1.5,low,0.94,17.5,7.7,0.6,0.6,0,7.15,1.47,1
V05560,bulk,283.9,39.3,7.2,156341,1604,2022-05-23 23:19:48.254604,2022-05-24 01:21:00.254604,2022-05-24 18:03:00.254604,16.7,2.02,normal,0.84,15.9,8.9,1.6,0.1,0,7.25,3.23,1
V05783,bulk,164.8,25.2,8.5,93282,4350,2022-05-24 02:45:38.394506,2022-05-24 04:19:50.394506,2022-05-24 13:43:50.394506,9.4,1.57,normal,0.74,3.9,4.2,0.3,2.4,0,2.66,3.17,0
V05279,tanker,220.6,30.4,11.4,188082,4663,2022-05-24 05:56:50.561387,2022-05-24 07:16:38.561387,2022-05-25 10:46:38.561387,27.5,1.33,normal,0.85,12.5,10.1,1.1,2.5,0,3.22,4.48,0
V02855,container,298.9,50.1,12.9,238058,1030,2022-05-24 20:17:24.032006,2022-05-24 22:04:48.032006,2022-05-25 08:22:48.032006,10.3,1.79,normal,0.74,17.4,6.3,1.6,0.6,0,6.03,2.67,1
V05353,tanker,283.7,43.1,12.6,252670,3409,2022-05-24 21:13:01.682560,2022-05-24 23:44:49.682560,2022-05-25 17:14:49.682560,17.5,2.53,low,0.74,29.8,8.3,3.0,1.3,1,7.19,1.72,1
V03007,bulk,179.7,28.9,8.9,97920,3410,2022-05-24 22:42:48.257340,2022-05-25 00:47:00.257340,2022-05-27 14:53:00.257340,62.1,2.07,high,0.77,10.1,9.5,1.1,0.6,0,8.0,1.13,1
V04919,container,162.2,22.9,9.9,108608,3162,2022-05-25 04:34:31.419133,2022-05-25 06:15:19.419133,2022-05-25 19:27:19.419133,13.2,1.68,low,0.59,11.2,8.8,1.0,0.9,0,2.04,0.72,0
V01635,tanker,165.0,22.8,11.2,131152,1022,2022-05-25 08:39:58.737155,2022-05-25 09:32:10.737155,2022-05-26 03:26:10.737155,17.9,0.87,normal,0.6,14.1,8.0,1.6,0.1,0,5.99,7.48,1
V05314,bulk,122.6,17.7,7.2,63866,1184,2022-05-25 09:27:12.855913,2022-05-25 12:33:48.855913,2022-05-27 03:51:48.855913,39.3,3.11,normal,0.71,26.7,9.3,2.8,1.0,1,7.02,6.69,1
V05628,bulk,263.9,43.9,9.0,162052,1894,2022-05-25 10:36:07.662501,2022-05-25 12:48:07.662501,2022-05-26 12:30:07.662501,23.7,2.2,normal,0.75,18.9,8.8,1.6,0.1,0,7.91,0.89,1
V02511,roro,212.5,33.4,10.6,143470,1887,2022-05-25 20:43:35.005759,2022-05-25 23:22:35.005759,2022-05-26 03:58:35.005759,4.6,2.65,normal,0.99,36.7,7.0,3.4,1.6,1,5.49,1.91,0
V03091,container,324.5,52.4,13.4,286407,4400,2022-05-26 02:55:30.286205,2022-05-26 05:14:42.286205,2022-05-26 18:32:42.286205,13.3,2.32,normal,0.58,23.2,8.6,2.4,0.7,1,4.51,5.26,0
V03816,bulk,144.6,21.2,10.0,115095,4629,2022-05-26 07:21:03.993936,2022-05-26 09:13:15.993936,2022-05-26 23:55:15.993936,14.7,1.87,normal,0.74,19.5,10.4,1.8,0.0,0,2.99,2.44,0
V03688,bulk,249.6,34.7,7.9,145780,1713,2022-05-26 10:32:32.435245,2022-05-26 11:38:32.435245,2022-05-27 07:38:32.435245,20.0,1.1,normal,0.85,9.1,5.9,1.0,0.3,0,7.32,3.09,1
V04198,roro,140.6,20.8,9.8,89302,4610,2022-05-26 12:52:55.116118,2022-05-26 13:52:55.116118,2022-05-27 16:10:55.116118,26.3,1.0,low,0.43,6.4,6.2,0.7,0.8,0,7.64,3.92,1
V01253,container,246.4,37.1,12.2,197691,529,2022-05-26 20:01:34.545153,2022-05-26 21:32:10.545153,2022-05-28 21:20:10.545153,47.8,1.51,normal,0.73,2.3,7.5,0.1,0.8,0,3.32,0.4,0
V03899,container,242.0,39.9,11.0,173975,3321,2022-05-27 10:25:51.010926,2022-05-27 12:12:03.010926,2022-05-28 11:00:03.010926,22.8,1.77,normal,0.8,11.5,9.3,1.4,0.2,0,6.23,3.66,1
V02983,bulk,289.4,39.0,11.6,235161,4651,2022-05-27 12:14:47.769440,2022-05-27 15:37:35.769440,2022-05-28 19:49:35.769440,28.2,3.38,normal,0.54,26.7,7.2,2.9,0.4,1,7.92,6.07,1
V05045,tanker,264.0,39.6,11.3,195093,1981,2022-05-27 20:01:58.273563,2022-05-27 23:16:58.273563,2022-05-28 23:10:58.273563,23.9,3.25,normal,0.61,26.3,5.8,3.1,0.5,1,2.48,0.24,0
V01701,container,378.2,57.4,12.6,358876,4280,2022-05-27 23:47:08.353621,2022-05-28 02:19:32.353621,2022-05-28 13:55:32.353621,11.6,2.54,normal,0.76,21.2,5.5,2.4,0.3,1,7.36,0.54,1
V01233,container,341.2,53.2,14.4,304961,2309,2022-05-28 08:39:51.478185,2022-05-28 10:50:03.478185,2022-05-29 10:44:03.478185,23.9,2.17,high,0.93,24.1,9.0,2.2,0.1,1,2.69,3.27,0
V05303,bulk,159.2,24.4,9.0,111721,4538,2022-05-28 21:52:21.455993,2022-05-28 23:28:57.455993,2022-05-30 15:22:57.455993,39.9,1.61,normal,0.56,2.9,4.7,0.3,0.4,0,3.64,7.4,0
V02181,tanker,229.5,34.7,9.8,176001,570,2022-05-28 22:17:05.810369,2022-05-28 23:52:29.810369,2022-05-29 20:58:29.810369,21.1,1.59,normal,0.87,12.1,8.0,0.9,0.0,0,4.23,0.13,0
V01326,roro,244.7,34.7,6.8,103171,1723,2022-05-29 15:24:03.670075,2022-05-29 17:21:03.670075,2022-05-30 01:45:03.670075,8.4,1.95,low,1.0,26.3,7.1,2.3,2.4,1,7.55,2.32,1
V01561,container,374.5,49.6,14.7,379113,1338,2022-05-29 19:05:16.891271,2022-05-29 21:13:04.891271,2022-05-30 12:07:04.891271,14.9,2.13,normal,0.84,27.3,7.5,3.1,1.8,1,2.74,2.46,0
V04459,roro,147.5,24.8,6.3,67069,662,2022-05-30 02:16:54.638867,2022-05-30 03:16:18.638867,2022-05-30 11:52:18.638867,8.6,0.99,normal,1.0,14.8,8.1,1.6,1.0,0,7.93,1.61,1
V05677,bulk,168.1,25.5,10.5,140834,4386,2022-05-30 04:00:22.055839,2022-05-30 06:12:22.055839,2022-06-01 17:42:22.055839,59.5,2.2,low,0.84,17.7,9.3,1.8,0.9,0,7.37,3.78,1
V04295,general,176.9,29.8,7.6,103511,1302,2022-05-30 09:18:19.033469,2022-05-30 10:37:31.033469,2022-05-31 01:25:31.033469,14.8,1.32,normal,1.0,0.0,11.3,0.0,1.1,0,2.06,4.48,0
V02163,container,173.7,23.4,12.3,164196,4968,2022-05-30 18:39:58.601632,2022-05-30 20:20:46.601632,2022-06-01 00:14:46.601632,27.9,1.68,low,0.98,11.1,3.4,1.4,0.7,0,4.3,3.02,0
V02779,general,215.7,30.7,6.5,95074,4164,2022-05-30 19:09:21.790363,2022-05-30 20:32:45.790363,2022-05-31 18:32:45.790363,22.0,1.39,low,0.7,11.1,10.8,1.2,0.2,0,3.6,3.15,0
V05646,tanker,135.0,18.5,12.1,114867,3315,2022-05-31 07:37:19.955289,2022-05-31 09:10:55.955289,2022-06-01 18:22:55.955289,33.2,1.56,normal,0.63,15.4,5.5,1.2,0.4,0,3.51,4.17,0
V02966,container,262.6,35.1,8.4,149884,4747,2022-05-31 18:23:29.549760,2022-05-31 20:58:17.549760,2022-06-01 14:28:17.549760,17.5,2.58,normal,1.0,24.1,7.1,2.7,0.3,1,5.91,4.38,1
V04673,container,308.4,52.1,9.0,208644,2267,2022-06-01 09:20:26.796383,2022-06-01 10:40:14.796383,2022-06-02 08:46:14.796383,22.1,1.33,normal,0.82,13.1,9.1,1.7,0.0,0,2.5,4.11,0
V03308,container,258.1,37.2,15.0,265393,2446,2022-06-01 16:37:15.953697,2022-06-01 18:00:03.953697,2022-06-02 19:18:03.953697,25.3,1.38,normal,0.82,8.8,12.3,0.8,0.0,0,8.0,3.38,1
V02859,container,277.3,39.7,14.4,265415,3039,2022-06-01 18:28:30.230504,2022-06-01 22:26:42.230504,2022-06-02 14:38:42.230504,16.2,3.97,normal,0.52,22.7,7.1,2.0,0.3,1,6.87,3.75,1
V05603,tanker,253.1,36.3,12.5,247724,1012,2022-06-01 19:29:54.479174,2022-06-01 21:06:30.479174,2022-06-02 16:06:30.479174,19.0,1.61,normal,0.94,16.4,11.7,1.6,0.0,0,5.46,5.32,0
V02300,container,285.4,42.8,9.3,178898,4117,2022-06-02 00:06:08.673676,2022-06-02 01:58:56.673676,2022-06-02 16:58:56.673676,15.0,1.88,normal,1.0,1.4,6.6,0.0,0.9,0,2.54,3.14,0
V05892,container,154.0,21.0,8.2,81614,1612,2022-06-02 02:28:24.288003,2022-06-02 05:23:00.288003,2022-06-02 15:59:00.288003,10.6,2.91,normal,0.8,22.4,9.6,2.1,0.3,1,5.71,3.93,1
V05131,tanker,149.5,22.1,13.8,125057,1178,2022-06-02 06:25:11.753781,2022-06-02 09:39:35.753781,2022-06-03 11:45:35.753781,26.1,3.24,high,0.76,25.2,5.5,2.2,0.8,1,7.35,1.1,1
V04015,bulk,272.3,44.5,7.2,141983,682,2022-06-02 09:26:34.109855,2022-06-02 11:10:22.109855,2022-06-03 14:58:22.109855,27.8,1.73,normal,0.58,6.0,11.4,0.8,1.1,0,3.23,0.92,0
V01001,container,234.3,37.8,11.2,167929,2814,2022-06-02 17:53:55.168568,2022-06-02 19:15:31.168568,2022-06-03 05:03:31.168568,9.8,1.36,high,0.66,12.6,7.8,1.5,0.6,0,7.94,6.7,1
V01435,container,247.7,37.6,14.5,253388,1135,2022-06-02 23:51:23.400745,2022-06-03 01:29:47.400745,2022-06-03 21:23:47.400745,19.9,1.64,high,0.58,18.9,6.2,1.6,1.5,0,2.01,3.7,0
V02305,container,363.6,56.8,12.8,330951,1818,2022-06-03 14:37:08.651998,2022-06-03 15:56:56.651998,2022-06-04 12:08:56.651998,20.2,1.33,low,0.83,6.5,11.1,0.8,0.1,0,4.13,5.08,0
V05153,tanker,283.2,36.9,10.8,240929,2467,2022-06-03 16:05:26.074499,2022-06-03 17:26:26.074499,2022-06-04 08:20:26.074499,14.9,1.35,low,0.88,14.1,6.0,1.6,0.6,0,6.31,1.61,1
V03822,tanker,152.4,21.9,10.9,120067,859,2022-06-03 20:07:54.481651,2022-06-03 22:04:54.481651,2022-06-04 20:04:54.481651,22.0,1.95,normal,0.81,10.2,4.8,0.8,0.1,0,6.8,5.14,1
V02205,container,348.5,58.9,8.2,182809,996,2022-06-03 23:23:52.291919,2022-06-04 00:47:52.291919,2022-06-04 18:11:52.291919,17.4,1.4,low,0.67,10.7,7.9,1.5,0.6,0,2.46,3.11,0
V05430,bulk,113.2,15.5,9.5,66595,1926,2022-06-04 02:58:54.784553,2022-06-04 04:51:42.784553,2022-06-05 08:51:42.784553,28.0,1.88,normal,0.66,8.5,10.5,1.7,0.4,0,4.08,5.2,0
V03476,bulk,264.2,44.6,11.4,183414,2216,2022-06-04 05:55:49.936766,2022-06-04 07:40:13.936766,2022-06-05 00:28:13.936766,16.8,1.74,normal,0.79,10.5,5.4,1.1,0.4,0,7.77,2.1,1
V01647,tanker,299.5,39.1,12.4,238889,813,2022-06-04 11:03:05.510367,2022-06-04 14:06:41.510367,2022-06-06 01:54:41.510367,35.8,3.06,normal,0.91,29.3,8.4,3.3,0.1,1,3.22,2.35,0
V05988,general,179.7,27.0,5.3,65694,2241,2022-06-04 11:23:07.193337,2022-06-04 12:24:55.193337,2022-06-05 04:12:55.193337,15.8,1.03,normal,0.74,13.9,7.1,1.4,1.3,0,2.84,0.59,0
V03999,roro,177.2,28.0,9.7,112924,3019,2022-06-04 16:17:50.779623,2022-06-04 17:23:50.779623,2022-06-05 07:17:50.779623,13.9,1.1,high,0.63,3.7,9.9,0.7,0.7,0,5.45,2.35,0
V03011,general,191.2,26.0,9.9,147895,2035,2022-06-04 17:56:54.428770,2022-06-04 20:19:42.428770,2022-06-05 06:19:42.428770,10.0,2.38,normal,0.44,9.6,2.7,1.0,0.6,1,7.5,3.1,1
V05204,container,322.0,44.5,10.4,208191,2066,2022-06-04 20:22:31.792688,2022-06-04 23:02:07.792688,2022-06-05 09:44:07.792688,10.7,2.66,normal,0.88,23.0,8.8,1.6,0.5,1,7.39,3.62,1
V05890,container,350.0,51.4,12.3,332926,1841,2022-06-04 22:22:40.309947,2022-06-05 00:07:40.309947,2022-06-05 17:55:40.309947,17.8,1.75,low,0.84,13.8,6.9,1.5,2.6,0,4.73,3.58,0
V04890,bulk,211.8,28.5,9.0,123232,992,2022-06-05 02:24:49.709999,2022-06-05 07:00:49.709999,2022-06-05 15:48:49.709999,8.8,4.6,low,0.85,25.6,7.4,2.4,0.8,1,2.47,4.6,0
V03098,tanker,231.0,37.4,11.1,170553,3056,2022-06-05 06:16:06.847520,2022-06-05 08:04:06.847520,2022-06-06 05:10:06.847520,21.1,1.8,normal,0.82,15.1,9.5,1.7,1.3,0,7.43,3.92,1
V05432,bulk,123.3,19.1,7.0,60089,2375,2022-06-05 09:27:00.990461,2022-06-05 11:02:24.990461,2022-06-06 12:38:24.990461,25.6,1.59,normal,0.71,10.9,4.2,1.7,1.3,0,6.65,1.52,1
V04178,container,178.9,26.2,13.2,147237,3826,2022-06-05 17:31:57.066162,2022-06-05 19:21:45.066162,2022-06-06 16:15:45.066162,20.9,1.83,normal,0.66,6.7,8.9,0.1,3.0,0,6.09,5.36,1
V05577,bulk,210.6,32.1,11.0,180951,2121,2022-06-06 04:00:45.647533,2022-06-06 05:50:33.647533,2022-06-07 03:44:33.647533,21.9,1.83,normal,0.74,9.0,9.4,0.9,0.7,0,3.3,1.05,0
V04731,general,115.8,17.8,8.4,71082,726,2022-06-06 13:50:55.248254,2022-06-06 15:38:55.248254,2022-06-07 09:50:55.248254,18.2,1.8,normal,0.87,23.4,8.9,2.0,0.4,1,2.16,5.08,0
V01203,bulk,259.5,34.6,9.2,169829,4303,2022-06-06 14:04:10.213159,2022-06-06 15:41:22.213159,2022-06-07 20:23:22.213159,28.7,1.62,normal,0.62,12.8,8.6,1.1,0.7,0,2.07,1.23,0
V04859,general,100.5,16.8,5.7,40785,1820,2022-06-06 16:37:34.903994,2022-06-06 18:09:58.903994,2022-06-07 17:39:58.903994,23.5,1.54,low,0.86,0.9,8.4,0.4,0.7,0,3.58,6.41,0
V01764,tanker,258.9,41.4,13.2,235785,3258,2022-06-07 05:12:56.661945,2022-06-07 08:01:32.661945,2022-06-08 05:07:32.661945,21.1,2.81,normal,0.99,32.8,12.0,3.7,0.5,1,3.84,3.61,0
V02614,roro,106.8,15.7,8.3,59569,4019,2022-06-07 05:34:07.704772,2022-06-07 06:24:31.704772,2022-06-07 18:06:31.704772,11.7,0.84,high,0.82,18.9,10.1,1.7,1.3,0,4.35,3.71,0
V03320,roro,118.2,19.6,9.4,70305,1466,2022-06-07 14:57:40.606975,2022-06-07 17:27:40.606975,2022-06-08 04:45:40.606975,11.3,2.5,high,0.55,38.9,13.1,3.7,1.8,1,2.04,5.73,0
V05123,general,82.5,12.3,5.8,31123,2145,2022-06-08 01:10:56.356575,2022-06-08 01:50:32.356575,2022-06-08 15:02:32.356575,13.2,0.66,normal,0.58,7.3,5.8,1.0,0.3,0,4.13,1.05,0
V05825,roro,193.6,28.6,8.2,119541,1308,2022-06-08 01:59:16.671612,2022-06-08 02:46:04.671612,2022-06-08 21:34:04.671612,18.8,0.78,normal,0.44,11.6,7.3,1.3,0.0,0,3.06,1.04,0
V05644,roro,142.8,22.2,7.3,62893,3441,2022-06-08 13:38:58.001406,2022-06-08 14:50:58.001406,2022-06-08 20:44:58.001406,5.9,1.2,normal,0.9,15.5,7.8,1.4,1.1,0,4.03,0.47,0
V05139,bulk,296.4,46.8,10.3,223674,1453,2022-06-08 17:11:52.311504,2022-06-08 19:12:28.311504,2022-06-09 08:12:28.311504,13.0,2.01,normal,0.69,14.3,6.9,1.1,0.1,0,2.45,3.18,0
V03937,tanker,212.5,28.5,10.1,147494,3429,2022-06-08 21:13:12.465376,2022-06-09 00:22:48.465376,2022-06-10 06:46:48.465376,30.4,3.16,normal,0.76,27.4,8.8,2.2,0.4,1,7.56,1.79,1
V03965,tanker,122.8,19.1,11.9,110718,806,2022-06-09 04:51:06.095812,2022-06-09 07:24:42.095812,2022-06-10 04:48:42.095812,21.4,2.56,normal,0.79,22.0,6.9,2.3,0.1,1,2.05,4.85,0
V02944,container,273.0,44.1,8.0,153141,2696,2022-06-09 05:18:40.617747,2022-06-09 06:48:04.617747,2022-06-09 17:18:04.617747,10.5,1.49,normal,0.75,5.2,7.0,0.2,0.1,0,2.25,2.01,0
V01978,container,292.2,43.4,8.5,179296,2398,2022-06-09 14:04:41.167085,2022-06-09 15:07:05.167085,2022-06-10 20:49:05.167085,29.7,1.04,normal,0.71,12.2,7.0,1.5,0.3,0,4.58,3.56,0
V02937,bulk,174.0,28.6,11.5,149944,3409,2022-06-09 19:47:44.995952,2022-06-09 22:26:08.995952,2022-06-10 14:38:08.995952,16.2,2.64,normal,0.76,23.2,9.3,2.0,0.4,1,4.69,4.04,0
V03357,tanker,238.1,33.3,10.0,159245,3724,2022-06-09 22:16:37.645674,2022-06-10 00:08:13.645674,2022-06-10 20:20:13.645674,20.2,1.86,low,0.79,11.7,7.9,0.8,0.9,0,7.74,6.33,1
V01788,tanker,244.5,35.0,9.6,167261,1342,2022-06-09 23:15:48.924132,2022-06-10 00:50:36.924132,2022-06-10 16:32:36.924132,15.7,1.58,normal,0.69,12.6,10.9,1.3,0.2,0,7.99,0.29,1
V01325,general,112.9,16.5,8.3,67395,984,2022-06-09 23:25:03.872733,2022-06-10 01:35:51.872733,2022-06-10 09:29:51.872733,7.9,2.18,normal,0.97,23.3,6.5,2.1,4.4,1,7.96,3.03,1
V05854,bulk,213.5,33.6,11.4,164456,3446,2022-06-10 03:21:15.277229,2022-06-10 05:20:03.277229,2022-06-11 05:02:03.277229,23.7,1.98,high,0.97,5.1,10.4,1.2,0.0,0,3.34,5.41,0
V01532,container,347.7,50.5,9.8,263824,3484,2022-06-10 06:41:03.083849,2022-06-10 08:10:27.083849,2022-06-11 14:16:27.083849,30.1,1.49,normal,0.78,8.1,10.3,0.1,1.9,0,2.71,4.41,0
V02435,general,145.1,22.9,9.0,83418,2796,2022-06-10 11:38:57.962261,2022-06-10 12:55:09.962261,2022-06-11 00:37:09.962261,11.7,1.27,normal,0.89,0.4,4.5,0.0,0.5,0,7.99,3.0,1
V01549,roro,242.1,33.6,10.4,182999,3924,2022-06-10 20:26:30.588389,2022-06-10 21:53:30.588389,2022-06-11 08:23:30.588389,10.5,1.45,normal,0.77,11.3,10.0,1.0,0.1,0,4.46,3.03,0
V02637,general,109.7,17.4,6.5,52531,4102,2022-06-10 23:08:05.854031,2022-06-11 00:06:53.854031,2022-06-11 21:30:53.854031,21.4,0.98,normal,0.83,12.9,5.4,1.4,0.1,0,7.78,2.84,1
V03264,container,205.6,33.6,13.2,209608,1716,2022-06-11 03:14:12.744925,2022-06-11 06:02:48.744925,2022-06-11 17:20:48.744925,11.3,2.81,normal,0.91,22.6,9.3,2.5,0.0,1,4.64,5.42,0
V03525,container,351.7,59.3,14.4,372797,3970,2022-06-11 07:50:46.408895,2022-06-11 10:21:22.408895,2022-06-11 21:03:22.408895,10.7,2.51,normal,0.69,20.7,9.6,1.9,0.2,1,3.1,6.72,0
V05803,container,188.3,31.9,9.2,114275,3045,2022-06-11 14:58:18.053223,2022-06-11 16:39:06.053223,2022-06-12 05:09:06.053223,12.5,1.68,high,0.73,8.3,9.0,0.4,0.0,0,5.65,1.53,1
V04967,container,380.0,60.0,13.8,356485,4343,2022-06-11 15:38:20.746076,2022-06-11 16:56:20.746076,2022-06-12 12:38:20.746076,19.7,1.3,low,0.75,18.5,8.3,1.9,0.3,0,4.64,1.71,0
V01976,container,377.7,63.1,10.0,301849,3199,2022-06-11 16:04:15.551416,2022-06-11 18:01:51.551416,2022-06-12 00:37:51.551416,6.6,1.96,normal,0.8,13.0,5.2,1.9,1.6,0,4.0,2.17,0
V05475,roro,210.2,29.9,9.0,129718,3326,2022-06-11 23:42:47.639926,2022-06-12 00:54:11.639926,2022-06-12 09:54:11.639926,9.0,1.19,normal,0.88,15.4,7.1,1.8,0.5,0,7.63,1.81,1
V02002,tanker,142.0,21.4,13.4,128825,757,2022-06-12 12:13:04.952985,2022-06-12 13:46:04.952985,2022-06-13 17:16:04.952985,27.5,1.55,normal,0.46,15.1,7.6,1.1,1.6,0,7.71,0.47,1
V02007,tanker,159.2,23.7,12.7,139658,4331,2022-06-12 19:49:05.105494,2022-06-12 23:33:29.105494,2022-06-14 10:39:29.105494,35.1,3.74,normal,0.87,22.7,6.8,2.4,0.0,1,2.1,4.84,0
V05744,tanker,187.8,27.1,13.3,172101,4911,2022-06-13 00:52:47.656700,2022-06-13 02:43:47.656700,2022-06-14 01:31:47.656700,22.8,1.85,normal,0.87,5.6,6.8,0.6,0.0,0,7.85,4.73,1
V03485,tanker,313.9,45.4,9.9,194140,3389,2022-06-13 00:53:13.384128,2022-06-13 04:05:13.384128,2022-06-14 01:05:13.384128,21.0,3.2,low,0.82,26.7,10.1,2.9,0.5,1,7.86,5.46,1
V03532,roro,117.8,16.4,8.4,79089,3136,2022-06-13 02:19:43.788898,2022-06-13 03:27:31.788898,2022-06-13 15:21:31.788898,11.9,1.13,normal,0.52,9.7,4.0,1.1,0.1,0,7.74,3.51,1
V05971,bulk,141.5,19.8,9.9,93888,4111,2022-06-13 03:57:10.567059,2022-06-13 06:53:34.567059,2022-06-14 01:11:34.567059,18.3,2.94,normal,0.65,24.1,4.3,1.8,0.2,1,5.97,2.48,1
V04494,general,214.2,31.5,9.0,115759,665,2022-06-13 17:01:03.108788,2022-06-13 18:37:03.108788,2022-06-15 02:01:03.108788,31.4,1.6,normal,0.73,16.6,8.4,2.4,2.3,0,4.97,5.55,0
V05219,general,99.5,15.1,8.2,62813,1903,2022-06-13 21:25:59.714274,2022-06-13 23:34:59.714274,2022-06-14 05:34:59.714274,6.0,2.15,normal,0.82,23.1,6.6,2.5,0.2,1,2.66,4.05,0
V04055,container,238.3,39.4,10.7,154694,4968,2022-06-13 22:14:19.686300,2022-06-13 23:34:43.686300,2022-06-14 07:04:43.686300,7.5,1.34,normal,0.87,17.4,8.8,1.6,0.8,0,3.6,2.74,0
V05550,bulk,186.2,31.1,9.5,136184,4074,2022-06-14 00:27:55.983869,2022-06-14 02:05:07.983869,2022-06-14 18:29:07.983869,16.4,1.62,low,0.77,6.9,9.2,0.7,0.3,0,6.79,5.16,1
V02173,roro,176.1,25.3,10.6,138729,2673,2022-06-14 02:11:14.326734,2022-06-14 03:11:50.326734,2022-06-14 11:41:50.326734,8.5,1.01,normal,0.62,17.6,12.3,2.0,2.0,0,8.0,0.11,1
V05317,general,133.0,22.0,8.1,76338,1661,2022-06-14 05:16:44.647108,2022-06-14 06:37:08.647108,2022-06-14 16:37:08.647108,10.0,1.34,normal,0.65,14.5,10.4,1.7,0.5,0,5.18,3.81,0
V04219,tanker,188.1,27.0,13.3,164455,2711,2022-06-14 06:57:20.970960,2022-06-14 08:14:44.970960,2022-06-14 20:08:44.970960,11.9,1.29,high,1.0,13.1,6.5,1.3,0.9,0,2.87,2.54,0
V03423,general,158.3,21.7,9.1,87314,1229,2022-06-14 12:30:02.669048,2022-06-14 16:03:02.669048,2022-06-15 07:45:02.669048,15.7,3.55,normal,0.63,27.6,2.2,2.5,1.2,2,6.32,3.79,1
V03465,bulk,152.2,22.0,8.8,86906,4742,2022-06-14 15:53:56.119332,2022-06-14 17:32:56.119332,2022-06-15 14:14:56.119332,20.7,1.65,normal,0.81,9.4,7.2,0.8,0.4,0,7.46,1.72,1
V04759,bulk,259.9,42.5,12.1,223117,3353,2022-06-15 02:15:47.501313,2022-06-15 05:21:47.501313,2022-06-15 21:15:47.501313,15.9,3.1,normal,0.86,33.6,11.1,2.9,1.3,1,7.73,4.54,1
V05908,container,174.9,23.4,14.8,189052,2483,2022-06-15 05:38:05.541986,2022-06-15 09:08:05.541986,2022-06-16 00:20:05.541986,15.2,3.5,normal,0.77,23.0,4.7,2.2,0.2,1,5.85,0.48,1
V01113,container,207.7,31.7,14.0,204906,1016,2022-06-15 14:45:59.972955,2022-06-15 17:36:59.972955,2022-06-16 09:30:59.972955,15.9,2.85,high,0.59,20.4,9.0,2.6,0.0,1,7.8,2.84,1
V02696,tanker,222.5,35.0,9.5,150620,4384,2022-06-15 20:37:43.377752,2022-06-15 22:32:19.377752,2022-06-17 08:08:19.377752,33.6,1.91,normal,0.58,32.3,4.6,3.2,1.9,1,2.43,0.4,0
V04668,general,98.8,14.1,8.0,54031,1451,2022-06-16 07:53:45.625182,2022-06-16 10:30:21.625182,2022-06-17 03:36:21.625182,17.1,2.61,normal,0.77,24.3,8.9,2.7,0.4,1,3.68,3.71,0
V01376,container,229.5,32.1,13.7,192627,1093,2022-06-16 10:02:21.103505,2022-06-16 12:05:21.103505,2022-06-17 08:53:21.103505,20.8,2.05,normal,0.85,24.7,8.3,2.1,0.4,1,2.0,5.23,0
V04973,tanker,161.2,24.9,11.4,127095,1940,2022-06-16 10:19:02.154161,2022-06-16 13:05:50.154161,2022-06-17 02:23:50.154161,13.3,2.78,normal,0.84,20.9,8.4,2.5,0.2,1,2.02,0.38,0
V04638,tanker,269.1,39.3,10.4,220278,3871,2022-06-17 17:00:55.710651,2022-06-17 19:23:07.710651,2022-06-18 16:05:07.710651,20.7,2.37,normal,0.59,28.9,8.5,2.1,0.9,1,8.0,2.45,1
V05665,container,187.2,28.8,11.7,140844,2767,2022-06-18 10:17:01.308005,2022-06-18 11:47:01.308005,2022-06-18 23:23:01.308005,11.6,1.5,normal,0.78,9.1,7.5,0.9,0.1,0,2.74,5.22,0
V05370,tanker,194.3,30.9,10.7,128510,669,2022-06-18 11:58:52.940440,2022-06-18 14:32:28.940440,2022-06-19 03:32:28.940440,13.0,2.56,normal,0.64,24.0,4.5,2.5,0.6,1,2.03,2.66,0
V01983,tanker,321.6,49.7,12.2,278844,898,2022-06-18 14:05:41.730232,2022-06-18 17:08:41.730232,2022-06-19 05:08:41.730232,12.0,3.05,normal,0.61,22.4,10.6,2.3,0.6,1,3.95,3.39,0
V04236,roro,101.3,13.3,8.2,58534,2355,2022-06-18 14:30:15.820231,2022-06-18 16:57:51.820231,2022-06-19 09:57:51.820231,17.0,2.46,normal,0.7,21.9,9.1,2.6,0.1,1,4.55,0.83,0
V01872,bulk,274.8,45.4,10.4,182671,1251,2022-06-18 19:13:15.542954,2022-06-18 22:45:03.542954,2022-06-19 13:51:03.542954,15.1,3.53,normal,0.84,36.2,9.8,3.6,0.8,1,7.35,1.05,1
V04515,container,240.6,35.4,9.6,171795,4497,2022-06-18 21:17:45.716930,2022-06-18 22:52:33.716930,2022-06-19 20:22:33.716930,21.5,1.58,high,0.83,19.1,6.8,1.9,0.1,0,4.55,0.28,0
V02581,container,377.5,51.0,11.2,271843,1708,2022-06-19 00:56:07.259304,2022-06-19 02:19:31.259304,2022-06-20 21:55:31.259304,43.6,1.39,high,0.73,0.2,7.9,0.0,0.4,0,2.26,3.39,0
V04244,roro,126.7,16.9,8.1,80488,3307,2022-06-19 16:48:26.430277,2022-06-19 18:11:50.430277,2022-06-20 02:41:50.430277,8.5,1.39,normal,0.58,7.9,4.6,0.9,0.7,0,6.72,8.57,1
V03641,container,359.7,52.0,8.4,193723,3835,2022-06-19 23:43:15.955764,2022-06-20 01:45:03.955764,2022-06-20 20:03:03.955764,18.3,2.03,normal,0.8,24.3,8.8,2.9,0.6,1,2.52,1.56,0
V04000,bulk,141.5,22.1,12.6,125458,544,2022-06-20 09:22:31.179862,2022-06-20 11:08:43.179862,2022-06-21 12:44:43.179862,25.6,1.77,normal,0.52,15.2,6.6,1.3,1.0,0,6.22,2.52,1
V02808,container,341.1,52.6,12.3,291954,3060,2022-06-20 18:48:57.101429,2022-06-20 20:09:57.101429,2022-06-21 17:21:57.101429,21.2,1.35,low,1.0,17.7,6.2,2.0,0.0,0,7.82,0.79,1
V04395,container,189.5,30.6,11.4,168429,3051,2022-06-21 00:02:09.004475,2022-06-21 02:30:21.004475,2022-06-21 18:12:21.004475,15.7,2.47,normal,1.0,29.7,7.5,3.0,0.6,1,3.0,5.24,0
V04480,general,134.3,19.1,5.1,51849,4367,2022-06-21 03:51:52.261966,2022-06-21 06:20:04.261966,2022-06-21 13:20:04.261966,7.0,2.47,normal,0.41,21.6,10.1,2.4,0.2,1,3.63,0.28,0
V01470,bulk,179.4,27.5,11.5,139801,1268,2022-06-21 04:23:24.723470,2022-06-21 05:28:12.723470,2022-06-22 09:40:12.723470,28.2,1.08,normal,0.81,5.4,8.6,0.8,0.1,0,4.38,3.89,0
V02884,bulk,223.9,31.2,12.1,188541,3413,2022-06-21 07:06:59.745575,2022-06-21 08:23:47.745575,2022-06-21 20:05:47.745575,11.7,1.28,normal,0.76,0.0,12.6,0.0,0.1,0,7.77,0.91,1
V03224,tanker,214.3,30.7,13.0,221124,724,2022-06-21 09:47:27.434300,2022-06-21 11:30:03.434300,2022-06-22 08:54:03.434300,21.4,1.71,normal,0.94,14.2,8.0,0.5,0.4,0,6.73,6.23,1
V05937,container,229.6,39.0,9.0,142409,2925,2022-06-21 12:24:52.708181,2022-06-21 13:48:16.708181,2022-06-22 08:48:16.708181,19.0,1.39,normal,0.77,7.2,8.5,0.7,0.4,0,3.03,2.64,0
V02438,container,225.4,35.2,11.0,162310,729,2022-06-21 13:20:14.602754,2022-06-21 14:50:14.602754,2022-06-22 17:38:14.602754,26.8,1.5,normal,0.66,14.2,8.7,1.2,0.4,0,2.22,7.64,0
V03456,bulk,170.8,23.5,10.9,147199,3779,2022-06-21 14:56:46.516586,2022-06-21 17:41:10.516586,2022-06-23 14:35:10.516586,44.9,2.74,normal,0.86,21.7,7.8,2.3,0.2,1,2.27,5.66,0
V04334,bulk,263.4,35.7,8.6,154486,4917,2022-06-21 16:36:16.362077,2022-06-21 18:33:52.362077,2022-06-22 18:33:52.362077,24.0,1.96,high,0.63,14.6,9.7,1.4,0.8,0,4.11,1.62,0
V01218,general,85.9,11.7,7.1,47319,3007,2022-06-21 17:02:16.424612,2022-06-21 18:20:16.424612,2022-06-22 08:26:16.424612,14.1,1.3,normal,0.85,4.4,8.3,0.5,1.6,0,4.75,5.93,0
V04287,roro,103.9,16.7,7.6,55599,1912,2022-06-21 20:38:37.210077,2022-06-21 23:12:13.210077,2022-06-22 07:18:13.210077,8.1,2.56,normal,0.6,23.4,6.7,2.3,0.1,1,7.95,2.36,1
V04073,general,103.7,15.6,7.4,53288,1796,2022-06-22 04:05:29.090383,2022-06-22 06:54:41.090383,2022-06-22 19:18:41.090383,12.4,2.82,normal,0.82,23.8,5.8,2.5,0.2,1,2.92,0.98,0
V04126,bulk,262.0,35.3,9.7,154443,2000,2022-06-22 06:57:12.397690,2022-06-22 08:39:12.397690,2022-06-23 13:21:12.397690,28.7,1.7,normal,0.52,11.8,8.9,1.6,0.6,0,6.9,2.68,1
V03406,container,284.0,46.8,8.2,156052,2375,2022-06-22 10:08:18.361022,2022-06-22 12:05:54.361022,2022-06-23 10:35:54.361022,22.5,1.96,normal,0.41,14.1,6.1,1.2,0.5,0,7.24,0.4,1
V01461,container,325.0,49.5,8.1,177929,2779,2022-06-22 15:19:54.423202,2022-06-22 16:58:18.423202,2022-06-23 08:40:18.423202,15.7,1.64,low,0.85,2.4,8.8,0.4,0.2,0,2.07,1.06,0
V01933,tanker,309.2,44.5,12.6,279523,1898,2022-06-22 16:53:23.758612,2022-06-22 18:29:59.758612,2022-06-23 20:29:59.758612,26.0,1.61,normal,0.78,6.9,11.4,0.7,0.6,0,3.4,4.26,0
V03482,tanker,303.2,40.4,9.3,184616,3435,2022-06-22 20:26:27.126806,2022-06-22 22:28:51.126806,2022-06-23 22:22:51.126806,23.9,2.04,normal,0.8,13.4,8.4,1.3,0.1,0,7.83,1.58,1
V05659,container,213.8,32.7,11.0,173215,840,2022-06-23 01:24:00.405807,2022-06-23 02:52:48.405807,2022-06-23 22:34:48.405807,19.7,1.48,normal,0.62,12.2,7.9,1.1,1.1,0,3.29,3.3,0
V02387,container,359.8,51.7,9.6,226623,2361,2022-06-23 13:05:57.887629,2022-06-23 15:22:09.887629,2022-06-24 14:40:09.887629,23.3,2.27,normal,0.57,22.5,8.4,2.7,0.1,1,4.25,3.11,0
V02075,container,378.1,63.7,13.3,331479,1241,2022-06-23 20:38:26.893065,2022-06-23 21:57:38.893065,2022-06-24 07:57:38.893065,10.0,1.32,low,0.86,0.0,11.8,0.4,0.1,0,7.41,0.78,1
V02742,tanker,234.8,35.6,9.9,184711,3715,2022-06-23 22:46:33.764479,2022-06-24 00:28:33.764479,2022-06-25 04:34:33.764479,28.1,1.7,normal,0.65,16.7,5.5,1.8,0.5,0,7.71,1.16,1
V05680,bulk,227.2,32.5,11.2,184426,511,2022-06-24 00:42:19.017810,2022-06-24 02:24:19.017810,2022-06-24 15:06:19.017810,12.7,1.7,normal,0.88,19.2,7.6,1.6,0.1,0,5.45,4.23,0
V05377,tanker,234.8,38.7,10.3,158950,787,2022-06-24 12:45:15.282261,2022-06-24 14:24:15.282261,2022-06-25 14:30:15.282261,24.1,1.65,normal,0.89,6.3,6.7,0.6,0.5,0,5.96,0.85,1
V02631,bulk,192.9,32.3,12.1,159923,4694,2022-06-24 12:51:03.205358,2022-06-24 14:16:51.205358,2022-06-25 11:34:51.205358,21.3,1.43,normal,0.84,14.8,7.1,1.5,1.8,0,5.82,4.0,1
V04456,roro,246.2,34.4,10.4,167890,2331,2022-06-24 14:33:01.240516,2022-06-24 15:42:01.240516,2022-06-25 02:06:01.240516,10.4,1.15,normal,0.65,17.1,8.0,1.4,1.3,0,3.35,2.7,0
V05886,bulk,138.8,22.0,12.8,127784,4160,2022-06-24 15:17:17.399548,2022-06-24 16:59:17.399548,2022-06-25 11:05:17.399548,18.1,1.7,normal,0.81,17.4,7.1,1.6,0.0,0,2.55,3.54,0
V01335,general,166.3,25.8,5.2,57228,2159,2022-06-24 20:01:53.980927,2022-06-24 22:25:17.980927,2022-06-25 14:01:17.980927,15.6,2.39,normal,0.89,22.3,8.8,2.4,0.3,1,5.65,2.92,1
V05402,container,275.1,37.4,13.9,237609,2829,2022-06-25 01:00:30.794668,2022-06-25 02:18:30.794668,2022-06-25 20:12:30.794668,17.9,1.3,low,0.95,16.1,8.6,1.7,0.6,0,6.17,3.08,1
V02307,bulk,146.6,22.5,8.9,87803,3023,2022-06-25 02:56:06.481630,2022-06-25 04:19:30.481630,2022-06-26 11:31:30.481630,31.2,1.39,high,0.76,3.1,6.6,0.4,0.1,0,3.37,2.51,0
V04176,general,133.3,18.9,8.5,86021,974,2022-06-25 07:43:55.956522,2022-06-25 10:32:31.956522,2022-06-26 09:02:31.956522,22.5,2.81,normal,0.76,20.9,10.2,1.9,0.4,1,4.59,3.25,0
V02826,general,126.6,20.3,6.4,63752,4617,2022-06-25 14:21:28.504746,2022-06-25 15:35:16.504746,2022-06-26 05:41:16.504746,14.1,1.23,normal,0.59,7.9,6.3,0.8,1.3,0,4.76,0.89,0
V01180,tanker,157.6,21.9,12.5,122832,1244,2022-06-25 14:24:10.342177,2022-06-25 17:33:46.342177,2022-06-26 14:27:46.342177,20.9,3.16,normal,0.7,31.0,7.0,3.0,0.3,1,4.69,0.16,0
V03257,container,282.2,44.4,8.6,178530,3263,2022-06-25 21:05:56.583785,2022-06-25 22:58:44.583785,2022-06-26 23:58:44.583785,25.0,1.88,high,0.48,14.6,9.4,1.0,1.4,0,6.04,4.25,1
V05066,bulk,188.6,27.1,9.4,133573,4190,2022-06-25 23:34:32.086824,2022-06-26 00:57:56.086824,2022-06-26 22:57:56.086824,22.0,1.39,normal,0.84,0.3,11.2,0.2,0.1,0,8.0,3.37,1
V05023,tanker,193.0,26.9,9.6,128754,2832,2022-06-26 03:21:54.625392,2022-06-26 05:03:18.625392,2022-06-27 01:21:18.625392,20.3,1.69,normal,0.56,17.8,3.1,2.4,0.1,0,3.87,4.9,0
V03366,roro,155.1,22.7,10.8,105394,4482,2022-06-26 04:14:44.613255,2022-06-26 07:11:08.613255,2022-06-26 19:59:08.613255,12.8,2.94,normal,0.81,22.1,6.1,2.0,1.5,1,2.78,4.57,0
V01380,tanker,318.2,44.4,9.0,225579,1270,2022-06-26 06:40:15.113079,2022-06-26 08:36:03.113079,2022-06-27 06:06:03.113079,21.5,1.93,normal,0.78,9.3,7.5,0.8,3.1,0,2.36,0.22,0
V05523,general,162.1,25.8,7.7,81707,836,2022-06-26 11:23:11.996397,2022-06-26 12:35:11.996397,2022-06-27 04:53:11.996397,16.3,1.2,normal,0.72,1.6,7.6,0.0,0.2,0,7.9,3.41,1
V04769,tanker,290.4,41.5,11.3,218976,3189,2022-06-26 12:11:17.492154,2022-06-26 14:04:05.492154,2022-06-27 08:04:05.492154,18.0,1.88,normal,0.82,12.8,8.4,0.7,0.7,0,7.97,1.92,1
V02246,container,311.2,48.6,11.9,282426,2454,2022-06-26 13:18:11.972385,2022-06-26 16:15:11.972385,2022-06-28 11:39:11.972385,43.4,2.95,normal,1.0,23.9,4.1,2.1,3.5,1,7.27,4.87,1
V03654,bulk,222.6,30.8,12.4,213971,4705,2022-06-26 14:35:11.968176,2022-06-26 16:30:59.968176,2022-06-27 13:36:59.968176,21.1,1.93,normal,0.79,15.5,7.4,1.1,0.6,0,5.62,0.44,1
V04610,bulk,109.5,17.0,12.0,103582,3199,2022-06-26 15:13:28.322258,2022-06-26 17:25:28.322258,2022-06-27 16:49:28.322258,23.4,2.2,normal,0.66,6.3,5.3,0.8,0.5,0,4.66,5.05,0
V01225,tanker,289.1,39.4,12.8,233075,1707,2022-06-26 16:44:03.042408,2022-06-26 18:46:27.042408,2022-06-27 02:28:27.042408,7.7,2.04,low,0.55,7.8,4.1,0.5,0.7,0,2.69,4.55,0
V03762,bulk,113.5,17.2,11.9,107270,4740,2022-06-26 19:01:50.008831,2022-06-26 22:25:50.008831,2022-06-27 11:43:50.008831,13.3,3.4,normal,0.81,30.6,3.8,2.5,0.0,1,2.33,4.41,0
V01252,bulk,210.7,29.2,10.4,164007,613,2022-06-26 19:06:42.765150,2022-06-26 21:01:54.765150,2022-06-28 11:55:54.765150,38.9,1.92,normal,0.8,12.0,4.4,1.6,0.7,0,2.39,2.48,0
V02352,bulk,242.6,32.8,7.3,110017,3134,2022-06-27 03:48:14.451916,2022-06-27 05:44:38.451916,2022-06-28 00:14:38.451916,18.5,1.94,normal,0.78,13.0,10.5,1.0,0.2,0,4.39,3.07,0
V03169,roro,159.7,25.9,8.2,92008,1039,2022-06-27 11:09:53.800149,2022-06-27 13:03:17.800149,2022-06-27 19:39:17.800149,6.6,1.89,normal,0.84,33.1,5.7,3.4,0.8,1,7.14,3.71,1
V05730,roro,149.3,22.5,7.4,72131,1548,2022-06-27 12:18:31.636152,2022-06-27 14:32:55.636152,2022-06-28 05:50:55.636152,15.3,2.24,normal,0.68,31.1,7.6,3.2,0.1,1,7.94,6.14,1
V02916,general,103.3,16.3,7.4,49354,842,2022-06-28 02:00:06.870675,2022-06-28 03:27:06.870675,2022-06-28 14:15:06.870675,10.8,1.45,normal,0.75,17.7,10.6,2.0,0.2,0,7.69,4.92,1
V04616,bulk,213.7,30.1,7.9,121837,3763,2022-06-28 02:09:35.198042,2022-06-28 05:32:23.198042,2022-06-29 23:26:23.198042,41.9,3.38,normal,0.95,24.1,10.0,2.5,1.1,1,7.58,3.95,1
V05326,container,304.3,45.2,9.8,228165,4513,2022-06-28 09:01:05.404516,2022-06-28 11:58:41.404516,2022-06-29 07:58:41.404516,20.0,2.96,normal,0.62,21.7,4.8,2.3,1.6,1,3.07,2.68,0
V02726,tanker,213.5,33.9,12.8,165422,1304,2022-06-28 12:05:11.421663,2022-06-28 13:22:35.421663,2022-06-29 16:22:35.421663,27.0,1.29,normal,0.98,16.6,10.0,1.9,0.0,0,7.26,3.97,1
V05228,bulk,217.8,30.7,8.0,125678,2575,2022-06-29 03:08:42.339851,2022-06-29 06:43:30.339851,2022-06-30 17:19:30.339851,34.6,3.58,normal,0.5,20.3,9.9,2.5,0.4,1,7.42,5.68,1
V01066,general,177.1,23.6,6.1,79522,3445,2022-06-29 04:02:02.475301,2022-06-29 05:30:50.475301,2022-06-29 18:18:50.475301,12.8,1.48,normal,0.65,7.8,7.4,0.3,0.6,0,6.41,4.8,1
V03249,container,258.6,43.7,14.8,247083,1937,2022-06-29 17:38:08.966787,2022-06-29 19:05:08.966787,2022-06-30 13:23:08.966787,18.3,1.45,normal,0.83,19.0,8.5,2.0,2.2,0,4.64,3.23,0
V04429,container,202.0,31.4,12.7,160560,3760,2022-06-30 00:13:08.980375,2022-06-30 01:31:08.980375,2022-07-01 00:13:08.980375,22.7,1.3,normal,0.66,12.3,3.5,1.7,0.1,0,5.93,2.81,1
V01212,container,275.7,39.6,14.3,294348,3464,2022-06-30 00:34:38.295095,2022-06-30 03:37:38.295095,2022-07-01 18:13:38.295095,38.6,3.05,normal,0.76,23.5,7.2,2.3,0.2,1,6.43,0.94,1
V02592,container,248.0,37.9,14.2,279291,965,2022-06-30 07:39:24.880274,2022-06-30 09:14:48.880274,2022-06-30 16:14:48.880274,7.0,1.59,normal,0.96,7.8,10.1,1.1,1.1,0,2.58,5.23,0
V05039,roro,100.6,15.8,7.2,55824,4971,2022-06-30 09:46:56.760672,2022-06-30 11:18:08.760672,2022-06-30 17:48:08.760672,6.5,1.52,normal,0.97,12.7,5.8,1.1,1.3,0,2.29,5.26,0
V05091,tanker,142.4,22.6,10.4,112673,2610,2022-06-30 16:23:45.285927,2022-06-30 18:15:57.285927,2022-07-01 13:39:57.285927,19.4,1.87,normal,0.84,15.5,8.6,1.9,0.2,0,7.38,0.35,1
V02124,bulk,257.3,40.6,9.5,171457,1586,2022-06-30 22:27:06.317026,2022-07-01 00:03:06.317026,2022-07-01 13:27:06.317026,13.4,1.6,normal,0.88,18.0,7.6,2.1,0.4,0,2.5,6.52,0
V01602,roro,114.4,17.7,8.9,72047,3480,2022-07-01 11:53:02.847871,2022-07-01 13:24:50.847871,2022-07-02 00:00:50.847871,10.6,1.53,high,0.66,9.0,8.1,0.6,0.9,0,3.66,4.56,0
V01114,roro,227.5,33.8,9.3,144369,3429,2022-07-01 12:33:17.695767,2022-07-01 14:07:29.695767,2022-07-01 21:37:29.695767,7.5,1.57,low,0.63,17.6,10.4,1.6,0.4,0,4.63,5.32,0
V04469,bulk,204.3,31.6,11.6,161119,1771,2022-07-02 07:07:08.743601,2022-07-02 09:35:56.743601,2022-07-03 05:23:56.743601,19.8,2.48,normal,0.95,13.9,6.1,1.2,0.2,0,5.43,4.99,0
V02004,container,241.0,38.6,14.0,237338,3075,2022-07-02 09:21:39.787985,2022-07-02 12:51:03.787985,2022-07-03 11:57:03.787985,23.1,3.49,normal,0.97,26.2,8.7,2.2,1.3,1,2.49,0.78,0
V04824,bulk,183.2,28.2,12.9,145080,2570,2022-07-02 09:36:25.188463,2022-07-02 13:44:49.188463,2022-07-04 09:44:49.188463,44.0,4.14,normal,0.71,24.0,7.4,2.5,2.0,1,2.3,2.11,0
V02508,container,180.9,25.2,13.6,155266,3304,2022-07-02 16:30:37.095631,2022-07-02 19:38:25.095631,2022-07-03 18:14:25.095631,22.6,3.13,normal,0.75,31.3,6.3,3.7,1.0,1,7.99,0.89,1
V05100,container,178.4,27.6,14.3,197126,4192,2022-07-02 19:19:58.654870,2022-07-02 21:09:46.654870,2022-07-03 13:51:46.654870,16.7,1.83,normal,0.65,7.6,7.3,0.7,0.4,0,5.7,1.62,1
V05894,general,93.5,14.0,5.4,32699,3477,2022-07-02 19:26:00.428656,2022-07-02 23:00:12.428656,2022-07-03 18:18:12.428656,19.3,3.57,normal,0.71,30.7,8.6,3.1,0.1,1,5.55,2.25,1
V02813,container,286.0,38.9,13.2,254596,4416,2022-07-02 21:09:17.663751,2022-07-02 22:51:17.663751,2022-07-03 23:45:17.663751,24.9,1.7,normal,1.0,16.4,8.9,1.4,0.0,0,3.1,2.61,0
V01059,roro,134.8,21.0,10.7,104073,2807,2022-07-02 21:39:07.571879,2022-07-02 23:20:31.571879,2022-07-03 07:02:31.571879,7.7,1.69,normal,0.96,11.9,6.5,1.0,0.1,0,2.58,1.86,0
V02599,general,162.1,26.3,8.9,110315,2978,2022-07-03 04:14:34.615071,2022-07-03 06:13:58.615071,2022-07-03 19:13:58.615071,13.0,1.99,normal,0.69,14.5,7.0,0.8,0.5,0,7.72,3.18,1
V01198,container,373.8,63.1,13.3,342016,1753,2022-07-03 09:39:56.957015,2022-07-03 12:46:32.957015,2022-07-04 02:52:32.957015,14.1,3.11,normal,0.56,25.4,5.6,2.3,0.1,1,2.97,2.24,0
V05257,container,306.9,46.9,10.6,243728,4039,2022-07-03 13:02:10.493844,2022-07-03 15:11:10.493844,2022-07-05 02:41:10.493844,35.5,2.15,normal,0.62,1.1,7.8,0.1,0.9,0,3.09,4.6,0
V03452,bulk,168.5,27.3,12.2,164162,2880,2022-07-03 15:23:22.208340,2022-07-03 16:59:22.208340,2022-07-04 23:47:22.208340,30.8,1.6,normal,0.76,17.8,10.0,1.5,0.3,0,6.44,1.75,1
V05164,tanker,256.5,40.6,11.7,227653,1258,2022-07-03 18:30:08.992826,2022-07-03 22:07:20.992826,2022-07-05 01:13:20.992826,27.1,3.62,low,0.82,32.4,7.0,3.1,0.3,1,7.62,1.04,1
V01294,bulk,180.0,27.6,7.3,102081,1183,2022-07-03 23:34:01.097845,2022-07-04 03:20:49.097845,2022-07-06 02:26:49.097845,47.1,3.78,normal,0.75,25.0,11.0,2.4,0.3,1,2.01,2.44,0
V02157,tanker,233.0,33.2,10.1,186695,4319,2022-07-04 01:50:53.924990,2022-07-04 03:46:05.924990,2022-07-04 23:04:05.924990,19.3,1.92,normal,0.51,16.1,9.7,1.5,0.6,0,3.61,4.41,0
V03728,general,156.8,26.6,9.3,103541,1032,2022-07-04 05:48:03.680624,2022-07-04 07:36:39.680624,2022-07-04 19:48:39.680624,12.2,1.81,high,0.51,16.2,5.8,1.7,0.0,0,8.0,6.12,1
V03445,container,263.3,43.8,14.7,245096,1795,2022-07-05 00:24:50.358143,2022-07-05 02:29:38.358143,2022-07-06 07:47:38.358143,29.3,2.08,normal,1.0,11.9,12.6,1.2,0.1,0,2.0,4.78,0
V04985,container,313.7,45.3,11.7,242020,1403,2022-07-05 02:51:09.170532,2022-07-05 04:41:33.170532,2022-07-05 20:29:33.170532,15.8,1.84,normal,0.84,18.0,7.8,2.0,0.3,0,3.89,1.62,0
V05142,container,341.8,57.5,8.4,204702,3644,2022-07-05 06:26:04.937842,2022-07-05 09:43:28.937842,2022-07-05 22:01:28.937842,12.3,3.29,normal,0.93,25.2,9.7,2.0,0.9,1,7.97,1.65,1
V01014,tanker,316.6,48.4,12.5,245142,3268,2022-07-05 14:16:09.778478,2022-07-05 16:45:33.778478,2022-07-06 23:15:33.778478,30.5,2.49,normal,0.61,17.4,9.3,1.3,0.7,0,2.69,3.61,0
V03814,roro,133.2,17.9,7.0,64398,1731,2022-07-05 15:36:33.286057,2022-07-05 18:40:45.286057,2022-07-06 01:46:45.286057,7.1,3.07,low,0.93,25.7,5.9,2.4,0.2,1,4.41,2.2,0
V01866,general,131.6,21.5,6.5,62248,4542,2022-07-05 15:59:02.731370,2022-07-05 19:46:26.731370,2022-07-06 19:58:26.731370,24.2,3.79,normal,0.75,22.9,8.7,2.0,0.0,1,4.98,4.21,0
V01637,bulk,274.3,46.1,9.2,199175,1152,2022-07-06 00:37:18.530105,2022-07-06 03:24:42.530105,2022-07-06 16:18:42.530105,12.9,2.79,low,0.83,19.1,7.1,2.0,0.3,0,2.18,5.99,0
V04530,bulk,218.8,33.6,10.5,172008,975,2022-07-06 02:39:53.860338,2022-07-06 05:35:41.860338,2022-07-06 23:29:41.860338,17.9,2.93,normal,0.67,10.4,5.3,1.6,0.1,0,2.69,3.75,0
V05387,bulk,261.5,40.5,12.8,243551,2612,2022-07-06 03:22:39.813518,2022-07-06 05:05:15.813518,2022-07-07 14:35:15.813518,33.5,1.71,normal,0.86,9.6,7.8,1.0,0.3,0,3.51,0.39,0
V01493,container,210.5,30.8,11.9,197777,1069,2022-07-06 07:36:41.073400,2022-07-06 09:25:53.073400,2022-07-06 21:37:53.073400,12.2,1.82,normal,0.59,11.5,9.9,1.4,0.1,0,8.0,8.12,1
V04968,container,241.7,34.2,11.7,197022,2168,2022-07-06 17:30:33.768284,2022-07-06 19:32:57.768284,2022-07-07 19:56:57.768284,24.4,2.04,normal,0.92,4.9,4.9,0.5,0.0,0,6.06,2.01,1
V05341,tanker,283.8,43.4,12.1,257271,1596,2022-07-06 18:19:38.686724,2022-07-06 20:15:26.686724,2022-07-07 19:15:26.686724,23.0,1.93,high,0.67,12.2,10.7,1.1,0.7,0,7.1,4.11,1
V02987,bulk,292.1,44.9,7.5,171719,4774,2022-07-06 18:33:45.716201,2022-07-06 21:09:09.716201,2022-07-07 19:15:09.716201,22.1,2.59,normal,0.49,18.0,7.8,1.5,0.6,0,7.34,3.37,1
V01822,container,192.7,28.2,13.4,199991,2861,2022-07-06 23:25:46.560648,2022-07-07 01:04:46.560648,2022-07-07 20:34:46.560648,19.5,1.65,normal,0.82,14.8,6.7,1.4,0.9,0,4.35,4.04,0
V02041,roro,179.6,24.8,10.6,137244,2317,2022-07-07 08:48:21.024388,2022-07-07 11:31:33.024388,2022-07-07 23:19:33.024388,11.8,2.72,normal,0.99,21.2,10.3,2.3,0.4,1,7.9,5.77,1
V02863,container,313.4,52.2,10.7,237436,2068,2022-07-08 00:39:36.514156,2022-07-08 03:00:00.514156,2022-07-09 13:00:00.514156,34.0,2.34,normal,0.67,9.9,6.9,1.1,0.5,0,3.73,2.43,0
V04678,bulk,290.0,44.8,10.7,226710,2582,2022-07-08 01:29:38.436828,2022-07-08 03:57:14.436828,2022-07-09 01:27:14.436828,21.5,2.46,normal,0.75,14.9,9.0,1.6,0.2,0,2.73,0.19,0
V03390,container,265.0,35.1,13.9,260963,3428,2022-07-08 03:54:49.963365,2022-07-08 05:32:01.963365,2022-07-09 08:08:01.963365,26.6,1.62,normal,0.82,18.9,10.4,1.7,1.8,0,2.39,2.66,0
V02827,general,153.8,22.3,8.5,92360,4897,2022-07-08 05:12:36.205001,2022-07-08 08:30:00.205001,2022-07-08 23:42:00.205001,15.2,3.29,normal,0.61,26.7,5.2,2.6,0.1,1,3.83,3.92,0
V02020,bulk,246.8,39.8,11.6,184837,1366,2022-07-08 12:33:56.602101,2022-07-08 16:35:08.602101,2022-07-10 12:47:08.602101,44.2,4.02,low,0.67,21.6,6.2,1.9,0.8,1,4.45,4.68,0
V01744,tanker,269.6,40.9,10.6,210955,2396,2022-07-08 20:02:03.667033,2022-07-08 23:32:39.667033,2022-07-09 23:08:39.667033,23.6,3.51,normal,0.76,21.3,7.9,2.3,0.2,1,7.21,0.21,1
V01665,container,286.5,44.9,14.2,324003,784,2022-07-09 01:26:11.403041,2022-07-09 05:08:47.403041,2022-07-10 00:08:47.403041,19.0,3.71,low,0.43,21.9,6.9,2.7,1.3,1,3.77,3.97,0
V02113,tanker,231.2,37.0,13.9,229827,4329,2022-07-09 06:46:28.548133,2022-07-09 08:38:40.548133,2022-07-10 13:14:40.548133,28.6,1.87,normal,0.71,12.0,8.2,1.5,0.1,0,4.96,4.11,0
V05308,roro,204.8,32.2,8.9,125255,2615,2022-07-09 09:08:57.561123,2022-07-09 12:00:33.561123,2022-07-09 23:24:33.561123,11.4,2.86,normal,0.73,21.6,8.8,2.0,0.7,1,7.79,3.99,1
V04061,container,179.1,29.6,9.2,114687,1000,2022-07-09 09:09:16.048017,2022-07-09 14:24:52.048017,2022-07-10 19:30:52.048017,29.1,5.26,high,0.89,42.1,11.3,4.1,0.4,2,7.79,2.74,1
V03741,bulk,275.9,42.2,11.7,245893,1188,2022-07-09 14:07:18.499519,2022-07-09 16:30:42.499519,2022-07-10 08:42:42.499519,16.2,2.39,normal,0.82,12.4,6.4,1.5,0.9,0,3.39,6.33,0
V03487,bulk,139.0,20.8,9.3,86867,3457,2022-07-09 15:51:34.917748,2022-07-09 18:16:46.917748,2022-07-11 06:46:46.917748,36.5,2.42,normal,0.56,15.5,8.7,2.1,0.3,0,2.02,3.72,0
V03289,general,161.7,25.2,8.8,88342,1857,2022-07-09 21:43:40.030116,2022-07-09 23:34:40.030116,2022-07-10 09:16:40.030116,9.7,1.85,normal,0.84,1.5,7.7,0.3,0.1,0,7.87,5.63,1
V05229,tanker,275.7,46.3,13.5,261122,2451,2022-07-09 23:35:31.522687,2022-07-10 03:06:07.522687,2022-07-10 22:48:07.522687,19.7,3.51,normal,0.59,31.0,7.7,2.9,0.0,1,7.38,0.96,1
V03539,general,137.2,20.3,8.1,86757,658,2022-07-10 11:26:09.413151,2022-07-10 14:28:33.413151,2022-07-10 22:28:33.413151,8.0,3.04,normal,0.57,23.8,10.2,2.4,0.6,1,7.79,2.58,1
V03062,container,205.1,31.2,10.2,162393,2417,2022-07-10 16:31:05.532597,2022-07-10 19:01:41.532597,2022-07-11 11:43:41.532597,16.7,2.51,high,1.0,17.1,7.3,2.0,0.1,0,2.06,5.52,0
V02208,container,300.0,50.8,8.4,181925,2617,2022-07-10 18:00:56.332865,2022-07-10 20:05:44.332865,2022-07-12 09:29:44.332865,37.4,2.08,normal,0.94,3.0,5.3,0.7,0.5,0,2.47,3.79,0
V02694,tanker,293.2,42.9,10.4,217689,2836,2022-07-10 18:01:45.998916,2022-07-10 19:53:57.998916,2022-07-11 13:47:57.998916,17.9,1.87,normal,0.72,13.3,9.2,0.7,0.5,0,2.48,4.42,0
V04141,container,235.6,31.6,8.4,148893,4041,2022-07-10 19:40:24.739623,2022-07-10 21:21:12.739623,2022-07-11 15:57:12.739623,18.6,1.68,normal,0.9,14.4,9.0,1.5,0.2,0,4.51,4.23,0
V01351,bulk,268.6,41.9,10.9,226421,4523,2022-07-11 01:49:12.801138,2022-07-11 05:18:36.801138,2022-07-12 15:06:36.801138,33.8,3.49,normal,0.68,30.3,8.2,3.1,0.8,1,5.57,3.48,1
V03126,roro,237.1,38.4,8.4,137222,3038,2022-07-11 08:07:01.441563,2022-07-11 09:43:37.441563,2022-07-11 16:43:37.441563,7.0,1.61,normal,0.49,13.2,9.7,1.6,0.2,0,4.57,2.22,0
V03402,general,196.8,32.1,6.7,93174,1216,2022-07-11 08:10:04.344983,2022-07-11 11:04:04.344983,2022-07-12 13:10:04.344983,26.1,2.9,normal,0.56,24.9,7.1,2.2,0.0,1,4.65,4.87,0
V02252,roro,132.0,20.6,7.0,59928,4724,2022-07-11 18:41:45.090701,2022-07-11 20:58:33.090701,2022-07-11 23:22:33.090701,2.4,2.28,low,0.79,28.6,7.6,2.9,0.3,1,2.37,3.1,0
V04708,tanker,310.6,48.7,10.0,222786,1980,2022-07-11 23:27:43.954611,2022-07-12 03:42:43.954611,2022-07-12 15:42:43.954611,12.0,4.25,normal,0.75,21.1,3.9,2.5,1.3,1,7.93,4.58,1
V02348,container,322.2,52.8,9.1,183656,659,2022-07-12 00:39:57.062740,2022-07-12 02:56:09.062740,2022-07-12 22:56:09.062740,20.0,2.27,normal,0.54,16.5,6.0,1.6,0.8,0,7.78,6.06,1
V04949,bulk,129.5,18.1,7.6,66806,3145,2022-07-12 06:17:28.056668,2022-07-12 08:36:40.056668,2022-07-13 15:18:40.056668,30.7,2.32,normal,0.9,9.7,9.1,0.8,1.0,0,2.01,0.7,0
V05842,general,188.6,27.1,9.2,120499,3682,2022-07-12 08:40:17.305222,2022-07-12 10:15:05.305222,2022-07-13 00:45:05.305222,14.5,1.58,normal,0.97,14.9,6.9,1.9,1.0,0,4.21,1.33,0
V05804,tanker,156.7,23.1,14.0,138136,832,2022-07-12 17:15:27.335454,2022-07-12 19:20:15.335454,2022-07-14 04:56:15.335454,33.6,2.08,normal,0.43,14.3,5.4,1.4,0.4,0,2.58,5.25,0
V03878,tanker,308.1,52.1,9.0,168020,551,2022-07-13 05:16:52.915253,2022-07-13 09:19:52.915253,2022-07-14 09:07:52.915253,23.8,4.05,normal,0.73,23.0,6.1,1.8,1.2,1,2.95,4.45,0
V01564,container,359.1,57.3,8.1,183374,4605,2022-07-13 20:41:52.008743,2022-07-14 00:35:52.008743,2022-07-14 20:53:52.008743,20.3,3.9,normal,0.84,23.1,8.2,2.2,0.3,1,2.72,2.23,0
V03326,tanker,178.6,25.5,10.3,129521,4120,2022-07-13 23:20:16.250558,2022-07-14 01:41:16.250558,2022-07-14 10:59:16.250558,9.3,2.35,normal,0.71,16.9,8.8,1.8,0.2,0,6.37,0.37,1
V02699,container,222.4,32.2,13.5,201651,4995,2022-07-14 05:11:55.460021,2022-07-14 07:01:43.460021,2022-07-14 23:49:43.460021,16.8,1.83,normal,0.62,5.9,6.3,0.6,0.6,0,4.1,0.84,0
V01487,container,336.5,45.6,14.6,343672,1464,2022-07-14 08:13:21.444830,2022-07-14 10:15:45.444830,2022-07-15 08:15:45.444830,22.0,2.04,low,0.81,15.6,6.7,2.1,0.1,0,2.1,0.65,0
V05232,general,208.7,31.0,7.0,102345,3967,2022-07-14 10:11:39.282557,2022-07-14 11:54:15.282557,2022-07-15 00:00:15.282557,12.1,1.71,normal,0.8,10.7,7.8,1.2,0.3,0,4.09,4.33,0
V02381,container,291.8,40.0,11.9,277111,2398,2022-07-14 18:26:24.897406,2022-07-14 20:22:12.897406,2022-07-15 11:04:12.897406,14.7,1.93,normal,1.0,19.6,7.7,2.1,0.5,0,3.0,3.0,0
V04605,container,345.1,57.6,8.8,204896,1630,2022-07-14 18:27:40.242934,2022-07-14 20:01:52.242934,2022-07-15 22:25:52.242934,26.4,1.57,normal,0.63,9.5,4.2,1.6,0.5,0,2.98,0.02,0
V03150,bulk,146.8,19.4,12.4,130964,3219,2022-07-15 06:17:43.769906,2022-07-15 08:32:43.769906,2022-07-16 09:44:43.769906,25.2,2.25,normal,0.45,15.3,11.1,1.5,1.1,0,3.68,2.87,0
V01375,container,246.1,35.1,9.8,151218,1833,2022-07-15 06:33:07.727809,2022-07-15 08:37:55.727809,2022-07-16 09:31:55.727809,24.9,2.08,normal,0.93,4.0,11.6,0.5,0.3,0,3.35,1.36,0
V05720,container,227.1,36.4,8.9,160446,877,2022-07-15 07:00:19.367465,2022-07-15 09:04:31.367465,2022-07-16 10:10:31.367465,25.1,2.07,normal,0.64,15.3,8.9,2.0,1.5,0,2.82,0.08,0
V04593,general,105.9,17.4,10.0,79154,3163,2022-07-15 12:00:33.023216,2022-07-15 14:12:33.023216,2022-07-16 03:36:33.023216,13.4,2.2,low,1.0,13.2,6.9,1.0,0.4,0,5.62,4.16,1
V03043,general,185.0,27.7,7.9,95169,2637,2022-07-15 14:57:53.576998,2022-07-15 18:36:17.576998,2022-07-16 07:12:17.576998,12.6,3.64,normal,0.78,26.7,8.8,2.9,0.1,1,7.97,0.06,1
V05961,container,344.6,48.3,9.7,231512,2624,2022-07-15 17:30:55.564395,2022-07-15 19:44:43.564395,2022-07-16 07:44:43.564395,12.0,2.23,normal,0.82,18.9,5.0,1.9,0.7,0,5.43,3.06,0
V03039,container,247.6,40.8,14.9,268053,4375,2022-07-15 19:37:50.322813,2022-07-15 21:15:38.322813,2022-07-16 16:51:38.322813,19.6,1.63,normal,0.72,3.2,10.1,0.5,0.1,0,2.6,3.3,0
V04910,bulk,128.8,17.6,11.3,101368,3022,2022-07-16 00:52:31.268027,2022-07-16 06:29:07.268027,2022-07-17 22:53:07.268027,40.4,5.61,high,0.68,38.5,6.4,3.5,0.8,1,6.29,1.48,1
V05482,container,295.9,48.6,13.5,297546,4536,2022-07-16 21:21:12.036968,2022-07-17 00:32:00.036968,2022-07-17 10:50:00.036968,10.3,3.18,normal,0.72,20.7,10.5,1.5,1.3,1,2.05,1.26,0
V05200,tanker,188.9,25.9,9.7,130435,3040,2022-07-17 09:28:32.947759,2022-07-17 13:50:08.947759,2022-07-18 05:08:08.947759,15.3,4.36,normal,0.73,23.2,7.7,2.5,0.1,1,2.15,2.72,0
V01889,general,108.6,15.6,8.4,64073,4702,2022-07-17 15:05:36.427310,2022-07-17 16:26:00.427310,2022-07-18 06:38:00.427310,14.2,1.34,normal,0.86,17.0,6.5,1.9,1.2,0,7.46,3.65,1
V04412,container,150.3,22.1,14.6,135299,1242,2022-07-18 03:05:01.736036,2022-07-18 05:21:13.736036,2022-07-19 03:51:13.736036,22.5,2.27,normal,0.83,1.6,5.5,0.4,1.9,0,7.05,4.43,1
V03478,bulk,175.9,23.1,10.0,126402,2110,2022-07-18 06:37:00.893439,2022-07-18 08:41:48.893439,2022-07-19 06:47:48.893439,22.1,2.08,normal,0.9,17.2,9.8,1.9,0.4,0,6.69,4.37,1
V05539,general,128.5,20.5,7.5,59774,1263,2022-07-18 07:41:21.416574,2022-07-18 10:46:45.416574,2022-07-19 07:04:45.416574,20.3,3.09,normal,0.63,20.2,4.7,2.3,0.1,1,5.17,0.31,0
V01039,container,320.5,52.5,12.0,241511,4079,2022-07-18 10:48:17.923801,2022-07-18 12:54:53.923801,2022-07-19 07:36:53.923801,18.7,2.11,normal,0.88,13.1,6.7,1.6,0.1,0,2.0,2.35,0
V03702,tanker,323.0,42.9,9.9,208782,2358,2022-07-18 21:03:23.637129,2022-07-18 23:11:11.637129,2022-07-20 03:35:11.637129,28.4,2.13,normal,0.73,12.9,4.3,1.2,1.8,0,3.74,5.24,0
V03918,general,86.8,12.0,6.6,44863,1301,2022-07-18 21:56:36.547510,2022-07-19 00:44:36.547510,2022-07-19 09:26:36.547510,8.7,2.8,normal,0.84,19.2,2.6,2.1,0.0,1,2.68,0.12,0
V01282,bulk,133.1,20.2,11.2,108385,1384,2022-07-19 02:10:04.499635,2022-07-19 04:49:04.499635,2022-07-20 11:43:04.499635,30.9,2.65,normal,0.87,2.0,8.4,0.2,0.3,0,4.65,2.27,0
V04255,bulk,188.8,28.6,10.9,146172,1206,2022-07-19 03:44:19.557931,2022-07-19 07:42:31.557931,2022-07-20 14:48:31.557931,31.1,3.97,normal,0.78,27.5,7.4,2.4,0.4,1,6.88,0.89,1
V01032,bulk,279.4,43.8,9.8,173724,1365,2022-07-19 03:48:31.024834,2022-07-19 06:04:43.024834,2022-07-19 23:22:43.024834,17.3,2.27,high,0.76,12.5,4.7,1.8,0.3,0,6.96,4.03,1
V02629,tanker,126.3,20.5,10.6,92554,1175,2022-07-19 09:05:12.932940,2022-07-19 10:31:36.932940,2022-07-20 09:13:36.932940,22.7,1.44,normal,0.93,6.1,7.0,0.6,0.3,0,4.27,3.43,0
V05020,roro,180.9,24.7,10.3,121967,1374,2022-07-19 12:41:01.174810,2022-07-19 15:49:25.174810,2022-07-19 22:43:25.174810,6.9,3.14,normal,0.62,20.1,6.3,2.3,0.2,1,2.36,4.71,0
V02650,container,183.8,25.5,14.8,214085,1424,2022-07-19 19:11:52.560715,2022-07-19 22:12:28.560715,2022-07-20 17:42:28.560715,19.5,3.01,normal,0.44,21.5,8.0,1.8,0.2,1,7.37,5.32,1
V05956,container,231.3,32.1,8.3,145009,2034,2022-07-20 01:06:39.377566,2022-07-20 03:22:15.377566,2022-07-20 18:04:15.377566,14.7,2.26,normal,0.71,12.7,7.6,1.4,0.6,0,2.39,4.23,0
V01867,tanker,164.4,26.1,12.1,148091,4168,2022-07-20 12:47:51.233662,2022-07-20 16:47:15.233662,2022-07-21 13:17:15.233662,20.5,3.99,normal,0.93,27.4,5.4,2.3,0.4,1,2.03,2.13,0
V04157,general,213.9,34.5,6.5,93220,512,2022-07-20 21:08:34.586643,2022-07-20 22:41:34.586643,2022-07-21 04:59:34.586643,6.3,1.55,normal,0.89,4.7,11.0,0.0,0.9,0,5.98,0.21,1
V02329,roro,176.0,23.9,6.3,73380,696,2022-07-21 00:14:54.879809,2022-07-21 01:37:42.879809,2022-07-21 12:49:42.879809,11.2,1.38,normal,0.7,14.0,7.3,1.2,0.2,0,2.16,5.03,0
V04776,container,195.1,31.1,8.7,110823,3378,2022-07-21 00:57:42.017588,2022-07-21 04:36:06.017588,2022-07-22 10:00:06.017588,29.4,3.64,normal,0.74,25.8,7.1,2.7,0.0,1,2.0,5.66,0
V03904,bulk,141.5,21.6,12.2,120758,4045,2022-07-21 02:34:23.783648,2022-07-21 05:22:23.783648,2022-07-21 20:40:23.783648,15.3,2.8,normal,0.89,16.6,7.3,1.6,0.6,0,3.02,4.25,0
V03865,bulk,172.8,26.5,8.7,94653,4553,2022-07-22 02:53:06.178098,2022-07-22 05:41:42.178098,2022-07-22 15:11:42.178098,9.5,2.81,normal,0.63,18.5,8.6,2.3,0.2,0,2.52,1.95,0
V03350,roro,155.0,22.7,8.1,95831,1482,2022-07-22 04:02:17.225919,2022-07-22 07:08:17.225919,2022-07-22 19:14:17.225919,12.1,3.1,normal,0.61,25.1,6.2,2.6,1.3,1,3.87,0.42,0
V04479,tanker,156.6,22.3,12.6,142636,4472,2022-07-23 06:08:01.654405,2022-07-23 08:42:49.654405,2022-07-24 04:12:49.654405,19.5,2.58,normal,0.9,5.9,7.5,0.3,1.3,0,5.8,0.25,1
V03442,general,189.6,25.4,9.9,134818,2713,2022-07-23 06:16:57.505685,2022-07-23 07:46:21.505685,2022-07-24 14:16:21.505685,30.5,1.49,normal,0.56,19.7,5.0,1.9,0.2,0,6.02,3.03,1
V04997,general,147.6,22.2,8.8,89682,2613,2022-07-23 06:18:27.447676,2022-07-23 09:07:39.447676,2022-07-23 18:49:39.447676,9.7,2.82,high,0.61,27.8,6.0,3.0,1.1,1,6.05,0.94,1
V05991,container,150.0,24.2,12.1,138774,2618,2022-07-23 11:42:32.568757,2022-07-23 13:22:08.568757,2022-07-24 03:46:08.568757,14.4,1.66,normal,0.62,13.7,6.8,1.3,0.2,0,5.14,3.11,0
V05772,container,206.1,26.9,14.2,181518,612,2022-07-23 17:14:58.934270,2022-07-23 19:44:58.934270,2022-07-24 13:20:58.934270,17.6,2.5,normal,0.67,24.5,4.9,2.8,0.3,1,3.89,3.02,0
V05505,container,230.9,35.2,13.8,239865,4506,2022-07-24 00:53:30.642710,2022-07-24 02:52:18.642710,2022-07-24 13:28:18.642710,10.6,1.98,normal,0.45,0.8,9.4,0.0,1.2,0,3.97,5.83,0
V01679,container,350.8,54.9,13.2,315514,1679,2022-07-24 05:30:33.870984,2022-07-24 08:41:21.870984,2022-07-25 12:05:21.870984,27.4,3.18,low,0.8,23.6,6.7,1.8,0.9,1,3.69,1.85,0
V05172,tanker,202.4,28.3,11.8,158125,1131,2022-07-24 18:30:09.241653,2022-07-24 20:15:09.241653,2022-07-25 10:21:09.241653,14.1,1.75,high,0.56,0.0,6.7,0.2,0.3,0,4.55,3.99,0
V01800,bulk,259.6,43.0,10.4,196362,3602,2022-07-24 19:51:13.142784,2022-07-25 00:11:37.142784,2022-07-25 19:05:37.142784,18.9,4.34,normal,0.87,32.7,6.7,3.1,1.2,1,6.53,4.42,1
V02783,bulk,264.7,42.1,9.1,181975,2755,2022-07-25 04:46:42.995341,2022-07-25 06:47:54.995341,2022-07-26 11:59:54.995341,29.2,2.02,normal,0.95,11.5,9.7,1.3,0.4,0,2.18,5.55,0
V04390,tanker,251.7,37.2,9.9,183330,4557,2022-07-25 05:25:28.602814,2022-07-25 08:41:04.602814,2022-07-26 09:53:04.602814,25.2,3.26,normal,0.88,27.8,7.1,2.7,0.8,1,2.65,2.37,0
V05458,general,147.4,24.7,9.4,93746,1215,2022-07-25 15:34:32.956713,2022-07-25 17:01:32.956713,2022-07-25 23:55:32.956713,6.9,1.45,high,0.75,17.3,3.8,2.4,0.4,0,2.32,1.57,0
V05297,bulk,238.8,33.1,12.8,201728,510,2022-07-26 01:05:10.972489,2022-07-26 03:11:10.972489,2022-07-26 18:53:10.972489,15.7,2.1,normal,0.52,13.6,4.7,1.2,0.4,0,6.06,0.74,1
V03223,tanker,136.9,18.9,13.8,138316,4626,2022-07-26 09:20:14.280798,2022-07-26 13:27:26.280798,2022-07-27 01:03:26.280798,11.6,4.12,low,0.73,20.6,7.4,1.9,2.1,1,6.88,2.85,1
V01531,tanker,181.0,25.7,10.5,141609,1534,2022-07-26 19:30:30.629260,2022-07-26 21:20:18.629260,2022-07-27 20:50:18.629260,23.5,1.83,normal,1.0,12.1,4.9,1.6,0.4,0,3.69,1.28,0
V04906,roro,178.0,28.2,10.7,115803,2925,2022-07-27 00:44:56.989201,2022-07-27 03:22:08.989201,2022-07-27 14:40:08.989201,11.3,2.62,low,0.9,24.9,7.3,2.2,0.0,1,7.42,0.87,1
V05158,roro,138.6,23.5,10.6,110328,533,2022-07-27 00:47:22.943892,2022-07-27 02:23:22.943892,2022-07-27 09:41:22.943892,7.3,1.6,high,0.6,9.8,5.2,0.8,0.0,0,7.38,2.05,1
V05300,container,231.6,31.2,12.7,204463,2327,2022-07-27 02:48:05.913088,2022-07-27 04:47:29.913088,2022-07-28 04:05:29.913088,23.3,1.99,high,0.77,16.2,10.0,1.8,0.3,0,4.69,4.22,0
V01678,bulk,104.8,16.1,11.6,88151,733,2022-07-27 08:16:53.988412,2022-07-27 11:01:53.988412,2022-07-28 21:01:53.988412,34.0,2.75,low,0.63,5.5,11.6,0.3,0.5,0,4.22,3.7,0
V03649,container,307.8,41.6,10.1,243582,4804,2022-07-27 09:12:29.411506,2022-07-27 11:05:53.411506,2022-07-28 04:47:53.411506,17.7,1.89,normal,0.82,13.9,6.6,1.3,0.5,0,5.62,4.7,1
V04425,roro,149.0,21.3,6.8,80267,3887,2022-07-27 11:51:55.570631,2022-07-27 13:15:19.570631,2022-07-28 02:39:19.570631,13.4,1.39,normal,0.41,15.1,8.6,2.3,0.1,0,8.0,4.86,1
V01357,bulk,157.3,24.5,8.5,97631,4210,2022-07-27 23:29:06.228282,2022-07-28 01:50:42.228282,2022-07-29 07:26:42.228282,29.6,2.36,normal,0.75,11.1,7.3,1.2,0.2,0,7.75,2.52,1
V05261,general,144.1,23.5,8.0,81213,997,2022-07-28 00:56:41.396920,2022-07-28 03:45:53.396920,2022-07-29 02:51:53.396920,23.1,2.82,normal,0.63,32.0,7.3,3.4,1.4,1,7.84,2.4,1
V05121,tanker,211.3,34.2,10.2,135762,3337,2022-07-28 09:10:27.426393,2022-07-28 11:20:39.426393,2022-07-29 18:14:39.426393,30.9,2.17,low,0.77,4.6,9.4,0.8,0.3,0,4.36,4.74,0
V04812,general,175.7,28.4,6.7,93922,1603,2022-07-28 19:28:39.293732,2022-07-28 22:25:39.293732,2022-07-29 03:13:39.293732,4.8,2.95,normal,0.88,31.2,7.2,3.3,0.3,1,2.13,0.53,0
V01395,bulk,273.1,36.4,8.4,153995,3864,2022-07-29 17:10:49.236520,2022-07-29 21:40:49.236520,2022-07-31 07:34:49.236520,33.9,4.5,normal,0.59,27.5,8.0,3.1,1.9,1,4.13,2.29,0
V03162,container,212.1,28.9,8.3,118395,593,2022-07-29 18:22:43.572849,2022-07-29 21:52:07.572849,2022-07-30 22:16:07.572849,24.4,3.49,normal,0.84,22.2,8.1,2.0,0.7,1,2.65,5.21,0
V02323,container,254.2,37.6,8.2,166272,3515,2022-07-29 20:56:24.326792,2022-07-29 23:03:36.326792,2022-07-30 19:03:36.326792,20.0,2.12,low,1.0,13.2,8.2,1.2,0.4,0,2.57,0.83,0
V02886,tanker,262.4,41.4,11.7,223475,3994,2022-07-30 04:38:02.182940,2022-07-30 06:24:50.182940,2022-07-30 23:24:50.182940,17.0,1.78,normal,0.9,4.9,7.1,0.8,0.7,0,5.55,0.64,1
V01273,container,365.8,60.5,14.4,381941,4137,2022-07-30 06:10:57.745085,2022-07-30 07:43:21.745085,2022-07-30 17:43:21.745085,10.0,1.54,low,0.94,15.4,6.5,1.9,0.2,0,3.31,3.76,0
V04044,container,290.3,48.0,10.7,200224,1898,2022-07-30 07:45:35.110293,2022-07-30 11:04:11.110293,2022-07-31 05:28:11.110293,18.4,3.31,high,0.78,20.7,9.4,2.4,0.8,1,2.04,5.46,0
V04016,tanker,175.0,28.4,11.3,149970,4349,2022-07-30 22:32:08.137402,2022-07-31 00:55:32.137402,2022-07-31 23:25:32.137402,22.5,2.39,normal,0.78,7.7,6.3,0.9,0.7,0,3.46,0.07,0
V02095,tanker,135.7,18.9,10.7,107996,2705,2022-07-31 09:03:29.236322,2022-07-31 11:26:17.236322,2022-08-01 05:32:17.236322,18.1,2.38,normal,0.98,17.8,10.9,1.9,0.1,0,2.01,3.87,0
V02537,general,193.5,25.5,5.6,72256,3317,2022-07-31 15:06:55.018855,2022-07-31 16:54:19.018855,2022-08-01 19:48:19.018855,26.9,1.79,normal,0.91,18.8,10.5,2.3,0.5,0,8.0,3.09,1
V04115,container,303.4,46.7,11.7,214444,2259,2022-07-31 15:24:30.466086,2022-07-31 19:56:18.466086,2022-08-01 20:08:18.466086,24.2,4.53,high,0.64,23.3,6.8,2.0,0.9,1,7.96,3.52,1
V02130,container,313.0,41.3,8.3,187472,3389,2022-08-01 03:11:33.004487,2022-08-01 07:25:57.004487,2022-08-01 18:49:57.004487,11.4,4.24,normal,0.66,28.8,7.9,2.8,0.1,1,7.96,4.85,1
V03788,general,97.6,15.1,7.1,51166,3799,2022-08-01 06:03:38.834312,2022-08-01 08:09:02.834312,2022-08-02 02:21:02.834312,18.2,2.09,normal,0.71,19.1,11.7,1.9,0.5,0,5.81,3.09,1
V01527,container,266.2,43.2,11.7,236166,3116,2022-08-01 10:09:40.210383,2022-08-01 12:21:04.210383,2022-08-02 17:33:04.210383,29.2,2.19,normal,0.69,12.0,8.7,0.9,0.0,0,2.08,4.4,0
V02357,bulk,292.4,41.8,11.6,268064,3405,2022-08-01 11:06:25.343052,2022-08-01 14:57:25.343052,2022-08-02 11:51:25.343052,20.9,3.85,normal,0.99,3.2,2.8,0.0,0.3,1,2.73,3.34,0
V01187,general,185.0,29.7,9.5,126440,3444,2022-08-02 11:56:53.712167,2022-08-02 13:40:41.712167,2022-08-03 06:58:41.712167,17.3,1.73,normal,0.62,18.5,9.5,1.5,0.6,0,2.77,1.7,0
V04826,tanker,158.6,25.3,13.5,168406,4456,2022-08-02 12:10:33.237259,2022-08-02 14:07:33.237259,2022-08-03 02:37:33.237259,12.5,1.95,high,0.74,18.3,6.3,2.2,0.1,0,3.02,4.06,0
V04173,tanker,170.2,25.6,10.0,109325,3746,2022-08-02 22:02:04.019087,2022-08-03 00:03:16.019087,2022-08-03 17:57:16.019087,17.9,2.02,normal,0.96,15.8,8.9,1.2,0.2,0,2.28,0.07,0
V04798,bulk,226.2,30.2,7.2,97894,1485,2022-08-02 23:13:52.273348,2022-08-03 01:12:04.273348,2022-08-04 04:48:04.273348,27.6,1.97,normal,1.0,14.5,8.7,1.0,0.1,0,2.04,2.56,0
V02422,bulk,187.4,27.1,12.8,162206,3441,2022-08-03 03:14:17.692505,2022-08-03 05:55:05.692505,2022-08-04 12:13:05.692505,30.3,2.68,normal,0.7,16.2,7.7,1.7,0.6,0,6.76,0.56,1
V01585,roro,123.0,18.9,7.3,64832,1193,2022-08-03 06:06:36.896522,2022-08-03 09:02:24.896522,2022-08-03 17:14:24.896522,8.2,2.93,normal,0.67,22.0,8.9,2.2,0.2,1,7.62,3.48,1
V02763,container,367.1,52.3,13.2,319367,4528,2022-08-03 06:29:52.753952,2022-08-03 08:18:28.753952,2022-08-04 11:00:28.753952,26.7,1.81,normal,0.76,18.1,5.0,1.8,0.8,0,7.28,4.86,1
V05997,tanker,208.4,31.5,9.4,155670,3420,2022-08-03 08:55:14.559039,2022-08-03 12:50:26.559039,2022-08-04 23:08:26.559039,34.3,3.92,normal,0.96,22.7,3.8,1.9,0.8,1,3.93,1.62,0
V02363,general,170.8,26.8,8.1,89560,2501,2022-08-03 11:32:52.458678,2022-08-03 15:09:28.458678,2022-08-04 00:09:28.458678,9.0,3.61,normal,0.67,28.2,10.3,2.6,0.9,1,2.02,6.96,0
V01418,tanker,202.0,30.1,11.1,151022,953,2022-08-03 21:02:12.921925,2022-08-03 23:29:12.921925,2022-08-05 06:17:12.921925,30.8,2.45,high,0.66,6.9,5.1,0.5,0.4,0,4.34,2.68,0
V03276,container,184.7,27.2,8.3,98882,2392,2022-08-03 23:24:55.176708,2022-08-04 01:53:07.176708,2022-08-04 23:23:07.176708,21.5,2.47,normal,0.74,1.0,7.3,0.0,0.0,0,2.03,3.37,0
V03986,container,312.8,41.5,10.8,229664,4999,2022-08-04 02:30:52.136013,2022-08-04 04:14:04.136013,2022-08-04 16:50:04.136013,12.6,1.72,normal,0.81,9.8,6.5,1.0,0.5,0,4.57,2.4,0
V03740,bulk,265.9,35.7,10.5,200272,3351,2022-08-04 07:54:57.992366,2022-08-04 12:16:33.992366,2022-08-05 18:52:33.992366,30.6,4.36,normal,0.68,25.0,8.6,2.8,0.3,1,6.57,3.73,1
V04602,tanker,268.4,38.9,12.7,267374,1979,2022-08-04 11:08:51.625527,2022-08-04 13:06:27.625527,2022-08-05 13:12:27.625527,24.1,1.96,high,0.79,17.3,10.4,1.7,0.1,0,2.34,3.26,0
V01486,bulk,145.6,21.1,10.5,105454,2917,2022-08-04 15:56:29.046787,2022-08-04 18:37:53.046787,2022-08-05 14:31:53.046787,19.9,2.69,normal,0.67,13.8,7.3,1.4,0.3,0,6.1,6.53,1
V03795,bulk,213.1,36.2,8.8,129481,733,2022-08-04 17:02:25.441525,2022-08-04 19:24:01.441525,2022-08-05 17:48:01.441525,22.4,2.36,normal,0.71,18.0,5.0,1.9,0.5,0,7.41,2.61,1
V04025,roro,182.0,28.5,10.6,140809,2055,2022-08-04 17:20:23.649411,2022-08-04 19:14:59.649411,2022-08-05 07:56:59.649411,12.7,1.91,normal,0.66,13.1,7.7,1.6,0.2,0,7.65,3.74,1
V05897,container,343.9,56.6,10.7,244607,3902,2022-08-05 06:39:27.556398,2022-08-05 08:42:27.556398,2022-08-06 09:18:27.556398,24.6,2.05,normal,0.89,14.5,8.6,1.4,0.1,0,8.0,3.99,1
V03453,tanker,129.3,16.8,11.3,103866,2579,2022-08-05 07:32:11.616429,2022-08-05 09:51:59.616429,2022-08-06 12:39:59.616429,26.8,2.33,normal,0.95,18.9,8.5,1.8,0.1,0,7.73,7.16,1
V01878,general,207.6,29.5,9.1,135515,4617,2022-08-05 13:19:59.713638,2022-08-05 15:17:35.713638,2022-08-06 11:53:35.713638,20.6,1.96,low,0.72,12.6,9.2,1.3,0.9,0,2.07,3.66,0
V05320,general,179.0,26.2,6.2,70011,739,2022-08-05 19:10:47.558845,2022-08-05 22:14:23.558845,2022-08-06 05:02:23.558845,6.8,3.06,low,0.71,26.0,7.0,2.7,0.7,1,8.0,4.2,1
V01255,container,220.5,33.9,11.9,179819,3269,2022-08-06 12:22:46.131110,2022-08-06 14:07:10.131110,2022-08-07 03:13:10.131110,13.1,1.74,normal,0.91,17.6,5.0,1.3,0.1,0,2.65,4.21,0
V02664,bulk,268.7,36.3,10.2,178245,3033,2022-08-06 17:00:27.920008,2022-08-06 21:05:51.920008,2022-08-08 19:35:51.920008,46.5,4.09,normal,0.76,31.3,7.8,3.7,1.4,1,5.32,5.76,0
V05187,container,284.7,47.0,9.4,192887,3004,2022-08-06 17:25:52.558330,2022-08-06 19:15:40.558330,2022-08-07 13:57:40.558330,18.7,1.83,normal,0.6,5.0,7.6,0.6,2.1,0,5.94,0.97,1
V02598,container,271.2,43.5,10.3,185155,4904,2022-08-06 19:24:06.742620,2022-08-06 23:55:54.742620,2022-08-09 08:07:54.742620,56.2,4.53,normal,0.63,20.2,7.6,1.6,0.4,1,7.9,2.13,1
V04359,tanker,311.6,41.5,10.5,232467,1275,2022-08-07 02:51:02.672523,2022-08-07 06:07:50.672523,2022-08-07 21:49:50.672523,15.7,3.28,normal,0.93,22.0,10.7,2.4,0.3,1,2.21,1.58,0
V05381,general,183.0,27.7,6.4,92832,1605,2022-08-07 20:50:38.098162,2022-08-07 22:21:50.098162,2022-08-08 21:57:50.098162,23.6,1.52,normal,0.64,18.1,8.3,1.4,0.5,0,7.99,2.41,1
V02230,container,369.2,50.8,8.9,224790,3153,2022-08-08 09:10:52.614989,2022-08-08 11:38:28.614989,2022-08-08 21:14:28.614989,9.6,2.46,normal,0.98,23.3,5.2,2.0,0.7,1,8.0,0.56,1
V02980,container,160.9,21.1,12.3,148004,3706,2022-08-08 13:47:56.540562,2022-08-08 15:39:32.540562,2022-08-09 17:39:32.540562,26.0,1.86,normal,0.75,17.4,5.7,2.0,0.9,0,2.83,1.95,0
V04282,tanker,310.6,44.5,12.9,306412,4850,2022-08-08 17:33:22.511928,2022-08-08 19:17:10.511928,2022-08-09 08:29:10.511928,13.2,1.73,normal,0.74,12.6,6.8,1.8,0.0,0,3.76,2.92,0
V05492,bulk,139.0,21.8,8.7,80029,4440,2022-08-08 18:08:23.174900,2022-08-08 20:49:47.174900,2022-08-09 19:31:47.174900,22.7,2.69,normal,0.53,13.5,8.3,1.0,0.9,0,4.61,1.7,0
V05536,container,226.9,31.7,14.5,200596,4470,2022-08-09 06:24:09.626389,2022-08-09 08:29:33.626389,2022-08-11 01:11:33.626389,40.7,2.09,normal,0.72,8.8,8.2,1.5,1.0,0,4.4,3.51,0
V01574,container,269.9,38.4,9.2,164949,1218,2022-08-09 14:24:29.193999,2022-08-09 16:22:41.193999,2022-08-10 15:22:41.193999,23.0,1.97,normal,0.6,12.0,8.1,1.3,0.2,0,3.04,4.1,0
V04400,container,303.2,47.5,11.4,233709,3879,2022-08-09 14:34:26.849486,2022-08-09 17:54:50.849486,2022-08-10 21:48:50.849486,27.9,3.34,normal,0.75,27.7,5.7,2.6,0.8,1,2.85,6.11,0
V03232,container,360.4,51.1,8.4,211126,599,2022-08-09 23:06:52.806870,2022-08-10 02:25:28.806870,2022-08-10 18:37:28.806870,16.2,3.31,normal,0.86,21.1,9.1,1.8,0.4,1,7.75,2.79,1
V04547,container,298.0,44.0,9.3,204285,2520,2022-08-10 00:56:06.340658,2022-08-10 02:24:54.340658,2022-08-10 19:06:54.340658,16.7,1.48,normal,0.75,18.4,8.1,1.4,0.2,0,5.7,2.53,1
V01917,container,260.8,43.8,11.7,187551,3199,2022-08-10 03:00:21.309750,2022-08-10 05:53:45.309750,2022-08-10 22:47:45.309750,16.9,2.89,high,0.63,30.9,13.3,3.5,1.2,1,2.82,0.83,0
V03014,container,252.1,37.8,8.3,164410,610,2022-08-10 05:46:19.774691,2022-08-10 09:04:19.774691,2022-08-11 12:40:19.774691,27.6,3.3,normal,1.0,20.3,6.0,2.3,0.0,1,2.6,4.05,0
V01949,general,207.6,33.4,8.0,124226,3478,2022-08-10 06:46:32.871386,2022-08-10 10:18:20.871386,2022-08-10 23:42:20.871386,13.4,3.53,normal,0.89,21.2,9.5,1.9,0.5,1,3.78,1.74,0
V01246,bulk,110.2,16.6,9.4,72165,2223,2022-08-10 12:17:05.941959,2022-08-10 14:37:29.941959,2022-08-11 12:49:29.941959,22.2,2.34,normal,1.0,18.5,6.1,2.4,0.0,0,7.08,4.09,1
V05407,tanker,225.4,31.3,13.1,207569,1443,2022-08-10 21:09:00.553312,2022-08-11 00:51:00.553312,2022-08-12 06:15:00.553312,29.4,3.7,normal,0.3,23.5,6.5,2.4,0.7,1,6.65,1.7,1
V03185,roro,213.3,34.6,7.8,104257,1089,2022-08-10 23:08:31.381295,2022-08-11 00:20:31.381295,2022-08-11 10:08:31.381295,9.8,1.2,normal,0.73,16.7,9.2,1.7,0.3,0,8.0,1.15,1
V04511,general,93.7,14.5,10.0,56649,4469,2022-08-11 03:26:15.664143,2022-08-11 06:53:51.664143,2022-08-11 15:29:51.664143,8.6,3.46,normal,0.59,26.2,9.7,2.5,0.2,1,3.24,3.6,0
V05838,bulk,284.2,41.2,11.5,217345,4645,2022-08-11 03:37:15.665193,2022-08-11 07:28:15.665193,2022-08-12 09:52:15.665193,26.4,3.85,low,0.82,24.2,10.0,2.9,0.7,1,3.02,3.95,0
V02773,general,124.3,20.7,6.6,49440,1373,2022-08-11 15:17:00.661858,2022-08-11 18:48:48.661858,2022-08-12 05:06:48.661858,10.3,3.53,low,1.0,30.7,6.3,3.2,0.6,1,3.98,3.35,0
V05365,bulk,221.0,30.2,11.5,175751,1232,2022-08-11 20:14:47.038680,2022-08-11 23:59:47.038680,2022-08-13 08:05:47.038680,32.1,3.75,normal,0.89,27.2,8.8,2.9,1.1,1,4.17,2.05,0
V03234,general,125.7,20.3,7.1,64893,2488,2022-08-12 04:27:17.231672,2022-08-12 06:06:17.231672,2022-08-13 01:30:17.231672,19.4,1.65,normal,0.56,10.8,8.3,1.0,0.3,0,2.98,2.23,0
V03497,container,183.3,25.5,14.4,193324,3612,2022-08-12 04:41:26.371385,2022-08-12 08:37:14.371385,2022-08-13 03:49:14.371385,19.2,3.93,high,0.75,23.0,11.7,2.3,0.4,1,2.73,1.66,0
V03567,container,263.2,37.4,12.0,203429,863,2022-08-12 13:37:13.173353,2022-08-12 16:29:25.173353,2022-08-14 10:29:25.173353,42.0,2.87,normal,0.79,10.6,10.1,1.3,0.0,0,7.35,2.1,1
V04608,bulk,156.2,23.5,8.3,85330,861,2022-08-12 14:16:05.149648,2022-08-12 17:36:29.149648,2022-08-14 02:48:29.149648,33.2,3.34,high,0.84,30.8,8.4,3.1,1.9,1,6.63,2.1,1
V05186,tanker,150.9,22.4,11.3,125832,4258,2022-08-12 18:04:59.026240,2022-08-12 20:12:11.026240,2022-08-13 14:30:11.026240,18.3,2.12,normal,0.76,16.3,4.3,1.3,0.0,0,2.07,0.12,0
V05448,general,117.2,16.4,8.3,60595,3488,2022-08-13 01:20:11.928873,2022-08-13 04:14:11.928873,2022-08-13 11:32:11.928873,7.3,2.9,normal,0.48,29.6,7.5,3.3,0.1,1,7.85,0.19,1
V02926,tanker,229.5,34.3,10.2,161970,3611,2022-08-13 08:45:25.766763,2022-08-13 13:10:37.766763,2022-08-15 00:58:37.766763,35.8,4.42,high,0.64,22.0,7.3,2.1,0.3,1,3.23,4.1,0
V03662,bulk,235.4,30.9,11.7,173651,3784,2022-08-13 11:42:41.817891,2022-08-13 15:50:29.817891,2022-08-14 10:56:29.817891,19.1,4.13,normal,0.98,22.5,7.2,2.4,0.1,1,7.29,3.86,1
V05389,general,131.2,18.8,8.7,84669,4096,2022-08-13 13:15:58.223301,2022-08-13 16:57:22.223301,2022-08-14 08:03:22.223301,15.1,3.69,normal,0.65,33.6,9.6,3.6,0.7,1,7.99,1.67,1
V04056,tanker,256.0,42.5,11.0,193448,1393,2022-08-13 14:01:31.493796,2022-08-13 17:11:43.493796,2022-08-14 12:47:43.493796,19.6,3.17,normal,0.78,20.2,6.5,2.7,0.6,1,7.68,2.26,1
V04393,container,259.0,36.3,9.5,190594,4006,2022-08-13 15:30:15.284010,2022-08-13 17:30:15.284010,2022-08-14 23:54:15.284010,30.4,2.0,normal,0.53,15.8,6.8,1.5,0.5,0,6.04,1.69,1
V01723,general,192.5,28.8,7.8,93512,878,2022-08-13 18:10:04.373289,2022-08-13 20:05:16.373289,2022-08-15 03:05:16.373289,31.0,1.92,normal,0.62,6.8,5.4,1.0,1.8,0,2.48,2.47,0
V04966,bulk,131.3,17.3,9.1,71834,4415,2022-08-13 20:23:51.459002,2022-08-14 00:40:39.459002,2022-08-15 14:04:39.459002,37.4,4.28,normal,0.7,31.3,11.1,3.1,0.8,1,2.45,4.78,0
V01318,bulk,125.2,19.7,7.8,75363,4832,2022-08-14 10:34:43.137575,2022-08-14 15:34:43.137575,2022-08-15 06:46:43.137575,15.2,5.0,high,0.83,20.7,11.3,2.3,0.9,1,4.66,4.28,0
V05709,container,151.5,20.8,9.3,84549,3727,2022-08-14 22:40:12.645944,2022-08-15 00:30:36.645944,2022-08-16 00:18:36.645944,23.8,1.84,normal,0.69,0.0,7.8,0.0,0.1,0,4.2,3.02,0
V05786,container,357.0,59.4,8.1,175773,929,2022-08-15 04:15:40.796784,2022-08-15 07:32:28.796784,2022-08-15 22:50:28.796784,15.3,3.28,normal,0.61,21.7,8.7,2.6,0.5,1,6.64,6.51,1
V04938,container,172.9,27.0,8.5,115837,3596,2022-08-15 05:53:29.815345,2022-08-15 07:52:53.815345,2022-08-15 19:28:53.815345,11.6,1.99,normal,0.3,7.0,9.8,0.7,0.1,0,4.26,5.99,0
V05616,container,252.2,32.8,8.1,147771,1964,2022-08-15 08:18:05.097111,2022-08-15 10:15:41.097111,2022-08-16 03:57:41.097111,17.7,1.96,normal,0.73,13.6,7.6,1.0,0.2,0,2.02,2.19,0
V05436,general,177.8,24.1,6.7,91648,2229,2022-08-15 10:12:08.687145,2022-08-15 11:34:56.687145,2022-08-15 23:40:56.687145,12.1,1.38,normal,0.73,14.5,10.3,1.9,0.3,0,3.05,1.54,0
V01533,roro,222.3,36.7,10.9,158950,977,2022-08-15 15:36:00.154235,2022-08-15 17:10:12.154235,2022-08-16 04:40:12.154235,11.5,1.57,high,0.59,14.3,6.3,0.7,0.6,0,7.69,2.0,1
V01128,bulk,101.1,14.0,7.0,42982,986,2022-08-15 15:45:53.860903,2022-08-15 19:03:53.860903,2022-08-17 08:03:53.860903,37.0,3.3,high,0.85,12.4,8.6,1.2,0.2,0,7.57,1.23,1
V02754,general,138.9,21.1,6.1,65468,4852,2022-08-15 20:29:04.525439,2022-08-15 22:09:16.525439,2022-08-16 10:51:16.525439,12.7,1.67,normal,0.82,10.4,6.0,1.4,1.3,0,2.07,0.4,0
V01354,tanker,302.2,51.0,11.2,233690,1143,2022-08-16 05:24:07.555373,2022-08-16 07:25:19.555373,2022-08-17 08:07:19.555373,24.7,2.02,normal,0.71,16.0,9.2,1.4,1.3,0,6.18,5.07,1
V05710,bulk,191.2,29.4,11.0,147614,4271,2022-08-16 11:26:54.208810,2022-08-16 15:46:42.208810,2022-08-17 14:28:42.208810,22.7,4.33,normal,0.78,26.9,10.0,3.1,1.7,1,3.61,4.14,0
V02824,container,269.5,42.5,9.5,181533,579,2022-08-16 13:52:29.303671,2022-08-16 17:56:41.303671,2022-08-17 07:14:41.303671,13.3,4.07,high,1.0,21.8,6.6,1.8,0.2,1,7.04,0.86,1
V05393,tanker,186.7,25.5,13.6,186686,2398,2022-08-16 21:04:40.189372,2022-08-16 22:59:16.189372,2022-08-17 18:17:16.189372,19.3,1.91,high,1.0,9.4,8.5,0.9,0.3,0,2.15,5.85,0
V02405,bulk,141.6,23.5,10.0,102446,4349,2022-08-16 23:04:34.294024,2022-08-17 01:41:46.294024,2022-08-18 10:47:46.294024,33.1,2.62,high,0.69,13.8,7.8,1.4,0.6,0,2.7,7.52,0
V03970,tanker,170.6,24.9,13.1,152618,4408,2022-08-17 04:12:39.276971,2022-08-17 06:27:39.276971,2022-08-17 22:09:39.276971,15.7,2.25,normal,0.72,12.5,7.7,1.3,0.1,0,7.96,3.49,1
V02318,tanker,227.3,33.2,10.2,156412,4943,2022-08-18 01:22:15.953421,2022-08-18 05:36:39.953421,2022-08-18 23:06:39.953421,17.5,4.24,normal,0.81,25.3,7.1,2.5,0.7,1,4.65,0.92,0
V02580,bulk,192.2,31.0,9.0,107039,4887,2022-08-18 14:21:29.828558,2022-08-18 16:34:41.828558,2022-08-19 19:28:41.828558,26.9,2.22,normal,0.58,13.8,9.5,0.9,0.0,0,5.54,4.21,1
V05879,tanker,197.3,31.1,10.2,137709,4307,2022-08-19 01:55:10.868633,2022-08-19 06:17:58.868633,2022-08-19 22:59:58.868633,16.7,4.38,normal,0.6,20.6,7.7,1.7,0.3,1,4.28,3.42,0
V05367,bulk,126.6,20.4,12.6,106096,1663,2022-08-19 08:37:05.711912,2022-08-19 10:49:05.711912,2022-08-20 07:19:05.711912,20.5,2.2,normal,1.0,15.4,9.6,1.6,1.2,0,4.97,3.88,0
V02900,container,280.9,38.3,12.5,234061,1984,2022-08-19 13:40:34.357805,2022-08-19 17:18:58.357805,2022-08-20 08:06:58.357805,14.8,3.64,normal,0.9,21.1,10.5,1.7,1.1,1,3.38,4.74,0
V01306,general,84.2,12.5,9.2,49849,1102,2022-08-20 00:17:19.411772,2022-08-20 02:37:07.411772,2022-08-20 13:49:07.411772,11.2,2.33,normal,0.63,8.0,9.2,0.5,0.1,0,2.01,6.3,0
V03850,bulk,144.6,20.4,8.4,73952,1235,2022-08-20 05:33:32.609268,2022-08-20 07:23:20.609268,2022-08-20 23:11:20.609268,15.8,1.83,normal,0.8,15.3,3.8,2.3,0.2,0,7.79,6.14,1
V01429,bulk,135.8,19.8,12.4,109296,2518,2022-08-20 06:33:10.928489,2022-08-20 11:27:46.928489,2022-08-22 01:21:46.928489,37.9,4.91,normal,0.82,26.1,5.9,2.6,2.1,1,7.98,1.28,1
V02374,container,183.9,27.3,14.8,209844,2593,2022-08-20 10:42:55.438060,2022-08-20 12:47:43.438060,2022-08-21 04:05:43.438060,15.3,2.08,high,0.68,4.4,5.4,0.8,0.9,0,3.15,0.66,0
V02710,container,268.9,40.8,10.4,220733,1145,2022-08-21 00:28:23.851765,2022-08-21 03:12:47.851765,2022-08-22 16:42:47.851765,37.5,2.74,normal,0.53,14.4,7.3,1.1,0.3,0,2.07,3.99,0
V05527,container,311.3,51.0,8.2,168691,2164,2022-08-21 05:07:35.107658,2022-08-21 09:38:11.107658,2022-08-22 06:56:11.107658,21.3,4.51,normal,0.93,21.3,8.6,2.3,0.3,1,6.62,3.24,1
V04894,container,243.7,35.6,9.2,172690,3445,2022-08-21 07:51:39.973224,2022-08-21 10:47:27.973224,2022-08-22 14:11:27.973224,27.4,2.93,normal,0.83,21.4,6.5,2.2,0.2,1,7.78,4.41,1
V02692,tanker,238.1,31.9,11.3,204313,1287,2022-08-21 14:21:23.963058,2022-08-21 16:27:23.963058,2022-08-22 14:51:23.963058,22.4,2.1,normal,0.95,10.0,6.4,1.2,0.3,0,2.42,3.99,0
V01700,bulk,154.4,25.2,7.5,89238,1489,2022-08-21 19:44:14.723504,2022-08-21 21:37:02.723504,2022-08-22 22:25:02.723504,24.8,1.88,normal,0.65,15.8,6.6,1.8,0.0,0,7.98,1.77,1
V04422,container,291.8,38.6,12.6,277435,3228,2022-08-21 20:37:57.745663,2022-08-21 22:30:45.745663,2022-08-22 18:06:45.745663,19.6,1.88,normal,0.69,16.6,7.6,1.4,0.1,0,7.52,3.34,1
V02451,tanker,152.8,23.7,10.0,121972,4510,2022-08-21 21:25:13.031275,2022-08-21 23:59:25.031275,2022-08-23 12:53:25.031275,36.9,2.57,normal,0.7,24.7,12.3,2.9,3.9,1,6.69,2.58,1
V03522,bulk,134.1,18.6,8.3,73906,1106,2022-08-22 03:02:02.766689,2022-08-22 07:12:50.766689,2022-08-23 02:18:50.766689,19.1,4.18,low,0.92,22.1,7.1,2.1,0.1,1,2.66,3.47,0
V05358,general,123.8,16.5,8.0,73645,2573,2022-08-22 05:34:31.886570,2022-08-22 07:19:31.886570,2022-08-23 01:49:31.886570,18.5,1.75,normal,0.71,16.0,6.9,1.6,1.9,0,6.15,3.63,1
V03713,bulk,284.7,39.4,9.4,178624,2816,2022-08-22 05:55:46.493029,2022-08-22 08:53:22.493029,2022-08-26 02:29:22.493029,89.6,2.96,normal,0.7,6.2,11.5,0.9,0.9,0,6.62,3.76,1
V03499,tanker,186.0,29.5,13.3,189308,1399,2022-08-23 06:02:55.375418,2022-08-23 07:48:31.375418,2022-08-24 12:42:31.375418,28.9,1.76,normal,0.79,7.6,6.8,0.8,0.1,0,5.68,6.48,1
V05865,bulk,173.2,28.4,8.4,95443,3167,2022-08-23 09:20:49.319285,2022-08-23 14:17:49.319285,2022-08-24 16:05:49.319285,25.8,4.95,normal,0.75,23.5,7.5,1.9,0.6,1,7.84,1.21,1
V05076,general,105.8,14.1,7.3,51601,3993,2022-08-23 12:42:20.158815,2022-08-23 14:29:44.158815,2022-08-24 03:53:44.158815,13.4,1.79,normal,0.67,14.8,8.6,1.3,0.2,0,3.67,0.51,0
V02671,tanker,275.1,41.3,12.7,210412,1676,2022-08-23 14:26:00.492712,2022-08-23 18:06:12.492712,2022-08-24 14:24:12.492712,20.3,3.67,normal,0.81,24.0,6.7,2.0,1.1,1,2.08,4.19,0
V02653,bulk,235.8,31.2,7.3,130277,4368,2022-08-23 23:54:11.803353,2022-08-24 02:26:35.803353,2022-08-25 11:50:35.803353,33.4,2.54,normal,0.7,6.4,11.5,1.1,1.1,0,5.45,0.35,0
V02389,tanker,218.8,32.1,12.5,212769,4926,2022-08-24 03:11:47.193567,2022-08-24 07:11:11.193567,2022-08-24 22:29:11.193567,15.3,3.99,normal,0.87,23.8,8.4,2.8,0.4,1,2.0,2.42,0
V04819,general,118.6,16.6,6.3,46261,2744,2022-08-24 05:09:08.385241,2022-08-24 06:24:44.385241,2022-08-25 15:54:44.385241,33.5,1.26,normal,0.53,19.1,3.5,2.0,0.4,0,3.23,3.34,0
V04705,container,347.3,54.2,13.8,293598,1931,2022-08-24 05:59:46.706139,2022-08-24 07:27:22.706139,2022-08-25 06:09:22.706139,22.7,1.46,normal,0.82,9.8,9.3,1.1,0.6,0,4.39,2.42,0
V01053,container,210.3,27.8,12.2,179410,3186,2022-08-24 08:37:59.337714,2022-08-24 12:13:59.337714,2022-08-25 07:31:59.337714,19.3,3.6,normal,0.66,26.2,6.2,2.5,0.1,1,7.72,6.62,1
V03894,container,274.1,42.7,12.5,230010,1568,2022-08-24 15:00:37.255208,2022-08-24 16:39:37.255208,2022-08-25 14:21:37.255208,21.7,1.65,normal,0.87,13.3,7.2,1.1,0.2,0,2.18,0.52,0
V05149,general,171.8,26.2,6.4,84734,4705,2022-08-24 15:11:11.480257,2022-08-24 16:58:35.480257,2022-08-25 02:58:35.480257,10.0,1.79,normal,0.82,16.7,8.6,1.8,3.2,0,2.1,2.52,0
V05493,container,348.2,53.7,12.9,339272,4617,2022-08-24 19:36:52.898517,2022-08-24 21:16:28.898517,2022-08-26 04:46:28.898517,31.5,1.66,normal,0.61,13.4,10.6,1.6,0.1,0,6.2,2.11,1
V01080,tanker,202.7,27.2,12.3,182396,4997,2022-08-25 03:56:34.818043,2022-08-25 06:33:10.818043,2022-08-26 12:27:10.818043,29.9,2.61,normal,0.89,15.0,8.3,1.4,0.8,0,2.01,5.09,0
V01706,container,198.0,33.2,13.4,197230,4467,2022-08-26 01:22:19.587913,2022-08-26 04:48:43.587913,2022-08-26 15:36:43.587913,10.8,3.44,normal,1.0,29.6,6.1,2.8,0.0,1,5.65,0.41,1
V01667,container,150.0,20.2,13.0,126510,1840,2022-08-26 06:31:29.987680,2022-08-26 07:51:17.987680,2022-08-27 12:33:17.987680,28.7,1.33,normal,0.64,0.5,10.0,0.0,0.7,0,2.96,3.73,0
V01417,tanker,323.8,49.8,9.9,219533,2510,2022-08-26 09:52:45.017101,2022-08-26 12:39:33.017101,2022-08-27 01:03:33.017101,12.4,2.78,low,0.79,22.8,6.5,2.4,0.4,1,7.44,2.06,1
V02293,general,200.0,26.6,9.8,138643,3419,2022-08-26 10:24:11.667498,2022-08-26 13:02:35.667498,2022-08-27 01:20:35.667498,12.3,2.64,normal,0.71,24.4,10.3,2.3,0.9,1,7.81,1.76,1
V02984,roro,177.2,30.1,8.4,100738,4344,2022-08-26 11:06:38.051564,2022-08-26 13:54:38.051564,2022-08-26 22:30:38.051564,8.6,2.8,low,0.86,21.2,12.4,1.8,0.9,1,8.0,2.27,1
V03095,tanker,277.3,39.1,9.1,193041,2782,2022-08-26 11:58:21.992745,2022-08-26 14:55:57.992745,2022-08-27 15:55:57.992745,25.0,2.96,high,0.83,22.6,7.3,2.6,0.1,1,7.71,0.51,1
V02290,container,269.2,38.6,11.8,230645,809,2022-08-26 14:42:02.759274,2022-08-26 16:24:02.759274,2022-08-27 11:30:02.759274,19.1,1.7,normal,0.67,7.8,8.4,1.2,0.3,0,4.25,3.08,0
V02583,bulk,198.4,33.4,7.5,109087,961,2022-08-26 17:47:00.727703,2022-08-26 20:27:48.727703,2022-08-29 02:15:48.727703,53.8,2.68,normal,0.52,12.7,9.5,1.0,0.5,0,2.09,3.63,0
V02114,container,180.0,24.0,8.4,103784,1944,2022-08-26 18:32:54.484919,2022-08-26 22:50:18.484919,2022-08-27 22:44:18.484919,23.9,4.29,high,0.96,20.2,7.9,1.7,0.1,1,2.58,2.1,0
V02705,container,291.5,44.7,13.8,318839,4080,2022-08-26 23:55:42.798435,2022-08-27 01:41:54.798435,2022-08-27 22:17:54.798435,20.6,1.77,high,0.85,14.3,7.9,1.6,0.1,0,7.93,1.64,1
V03283,container,168.8,23.1,8.6,87657,1698,2022-08-27 00:08:25.328397,2022-08-27 01:21:01.328397,2022-08-28 08:03:01.328397,30.7,1.21,normal,0.81,16.7,4.6,1.7,0.1,0,7.84,3.81,1
V03866,tanker,306.0,41.3,10.9,200978,2327,2022-08-27 00:50:50.337147,2022-08-27 02:36:26.337147,2022-08-27 17:30:26.337147,14.9,1.76,low,0.83,8.1,9.1,0.9,0.6,0,7.33,1.57,1
V02049,container,213.3,33.4,12.1,155764,1588,2022-08-27 01:42:51.855221,2022-08-27 03:49:27.855221,2022-08-27 18:37:27.855221,14.8,2.11,normal,0.87,2.1,6.1,0.6,1.3,0,6.3,3.96,1
V01307,bulk,178.2,30.0,12.9,174714,1587,2022-08-27 02:39:47.011208,2022-08-27 05:32:35.011208,2022-08-27 23:32:35.011208,18.0,2.88,normal,0.69,15.4,6.7,1.5,0.2,0,4.9,5.01,0
V01135,roro,168.1,22.8,9.4,110154,624,2022-08-27 14:12:58.772956,2022-08-27 16:33:58.772956,2022-08-28 09:09:58.772956,16.6,2.35,high,0.71,21.4,7.6,2.0,0.3,1,6.16,6.2,1
V02800,container,292.1,38.8,9.2,184170,1488,2022-08-27 21:25:31.256024,2022-08-27 23:07:31.256024,2022-08-28 09:43:31.256024,10.6,1.7,normal,0.78,10.9,7.9,1.1,0.0,0,5.34,1.79,0
V03008,tanker,165.1,25.1,9.6,122428,3583,2022-08-27 22:36:27.747318,2022-08-28 02:58:39.747318,2022-08-28 18:52:39.747318,15.9,4.37,normal,0.72,23.3,7.0,1.8,1.1,1,6.96,1.42,1
V03013,bulk,100.2,13.1,12.2,73518,3252,2022-08-27 22:38:04.639760,2022-08-28 00:48:52.639760,2022-08-29 23:30:52.639760,46.7,2.18,normal,0.61,10.9,6.3,1.4,0.6,0,6.99,3.31,1
V02115,general,206.3,29.7,6.7,98956,3800,2022-08-27 23:34:45.546255,2022-08-28 01:26:21.546255,2022-08-28 21:56:21.546255,20.5,1.86,normal,0.89,18.1,6.3,1.7,1.8,0,7.8,1.35,1
V04323,bulk,138.5,20.0,7.8,67990,2760,2022-08-28 04:42:08.323936,2022-08-28 06:42:44.323936,2022-08-29 20:12:44.323936,37.5,2.01,normal,0.65,16.4,6.6,1.5,1.9,0,3.16,5.05,0
V04364,roro,170.3,23.6,7.7,85704,4906,2022-08-28 09:40:10.786019,2022-08-28 10:56:22.786019,2022-08-28 17:14:22.786019,6.3,1.27,normal,0.87,11.2,6.9,0.8,0.2,0,5.11,1.96,0
V02164,general,87.4,13.5,8.9,51575,3744,2022-08-28 13:33:22.787509,2022-08-28 15:56:46.787509,2022-08-29 16:50:46.787509,24.9,2.39,normal,0.77,8.8,8.8,0.5,1.3,0,7.72,2.35,1
V05368,container,226.7,33.4,9.3,130331,4528,2022-08-28 19:26:14.550549,2022-08-28 21:08:14.550549,2022-08-29 17:32:14.550549,20.4,1.7,high,0.6,13.4,10.2,1.4,0.8,0,2.11,0.52,0
V02950,general,134.3,19.3,9.5,76772,2827,2022-08-29 22:18:05.769806,2022-08-29 23:52:17.769806,2022-08-30 09:04:17.769806,9.2,1.57,normal,0.59,17.5,9.1,2.7,0.0,0,4.25,3.18,0
V03446,tanker,131.0,17.1,10.1,89592,4326,2022-08-31 23:41:49.419504,2022-09-01 03:38:49.419504,2022-09-01 17:50:49.419504,14.2,3.95,normal,0.69,24.1,11.0,2.5,0.4,1,3.95,2.9,0
V05554,general,130.9,19.7,8.0,68344,4045,2022-09-01 00:30:09.601871,2022-09-01 02:13:57.601871,2022-09-01 22:55:57.601871,20.7,1.73,normal,0.77,11.5,6.8,0.9,0.9,0,5.16,2.99,0
V01007,container,227.7,32.5,14.6,233959,3664,2022-09-01 04:59:35.733015,2022-09-01 06:55:59.733015,2022-09-02 03:37:59.733015,20.7,1.94,normal,0.76,19.1,7.5,1.4,2.0,0,7.18,7.93,1
V02933,general,174.4,24.1,7.5,87411,3084,2022-09-01 07:23:25.891026,2022-09-01 08:53:25.891026,2022-09-02 01:35:25.891026,16.7,1.5,low,0.96,16.5,5.2,1.6,0.3,0,3.83,2.29,0
V03504,general,147.9,20.2,5.4,62182,3213,2022-09-01 07:24:51.648556,2022-09-01 09:26:03.648556,2022-09-02 03:08:03.648556,17.7,2.02,normal,0.72,9.8,6.6,0.8,0.5,0,3.8,2.47,0
V03722,container,238.4,39.8,9.4,166473,4540,2022-09-01 08:06:54.396037,2022-09-01 10:53:42.396037,2022-09-02 08:35:42.396037,21.7,2.78,normal,0.61,23.4,8.8,2.4,0.1,1,2.92,2.15,0
V04208,bulk,113.6,15.8,7.7,57788,4987,2022-09-01 21:54:48.092031,2022-09-02 00:23:00.092031,2022-09-04 00:11:00.092031,47.8,2.47,normal,0.7,11.6,7.1,1.3,0.1,0,2.01,5.61,0
V04013,general,108.5,14.8,6.9,49170,1819,2022-09-01 22:21:40.373400,2022-09-02 02:40:52.373400,2022-09-02 19:10:52.373400,16.5,4.32,normal,0.75,26.1,4.8,2.7,0.8,1,2.03,4.47,0
V05895,tanker,152.7,24.8,10.5,106918,551,2022-09-02 08:19:42.093999,2022-09-02 10:29:18.093999,2022-09-03 10:23:18.093999,23.9,2.16,normal,0.98,8.5,8.6,0.8,0.1,0,3.64,2.9,0
V03111,roro,220.4,34.8,9.2,161865,3169,2022-09-02 18:33:45.020242,2022-09-02 22:13:21.020242,2022-09-03 13:19:21.020242,15.1,3.66,high,0.76,26.7,10.2,2.9,0.8,1,6.76,4.06,1
V02766,roro,154.3,26.0,6.2,72607,1645,2022-09-02 19:59:00.952917,2022-09-02 21:05:36.952917,2022-09-03 12:17:36.952917,15.2,1.11,normal,0.57,14.9,9.4,2.0,0.5,0,4.72,2.81,0
V02184,bulk,212.5,36.1,11.2,144401,794,2022-09-03 00:44:35.216013,2022-09-03 02:44:35.216013,2022-09-04 04:20:35.216013,25.6,2.0,normal,0.72,14.7,8.3,1.0,0.2,0,3.22,4.24,0
V02772,container,258.3,38.3,9.4,159169,3217,2022-09-03 10:42:58.677024,2022-09-03 12:44:10.677024,2022-09-04 06:56:10.677024,18.2,2.02,normal,0.63,18.9,8.9,1.7,0.3,0,2.13,3.87,0
V02716,general,217.4,33.7,8.3,119793,592,2022-09-03 14:15:47.948526,2022-09-03 15:39:47.948526,2022-09-04 07:45:47.948526,16.1,1.4,normal,0.9,6.7,7.8,0.2,0.4,0,4.79,6.61,0
V04549,container,282.5,40.4,13.5,292650,1585,2022-09-03 14:52:44.145678,2022-09-03 16:25:08.145678,2022-09-04 10:55:08.145678,18.5,1.54,normal,0.93,14.1,8.7,1.1,0.6,0,5.72,2.99,1
V02292,container,249.7,37.0,12.9,222901,3514,2022-09-03 14:58:10.331602,2022-09-03 16:35:58.331602,2022-09-04 17:53:58.331602,25.3,1.63,normal,0.83,10.4,6.9,1.2,0.6,0,5.85,1.26,1
V01922,container,260.7,41.5,9.2,155302,2041,2022-09-03 19:20:51.260626,2022-09-03 22:37:03.260626,2022-09-04 07:43:03.260626,9.1,3.27,normal,0.66,21.3,9.9,2.1,0.1,1,6.78,1.35,1
V03686,container,319.5,46.5,14.7,286411,3735,2022-09-03 23:03:30.056462,2022-09-04 01:05:18.056462,2022-09-05 13:23:18.056462,36.3,2.03,normal,0.6,19.4,9.0,1.8,0.1,0,2.16,2.35,0
V04196,tanker,192.9,25.9,11.4,144969,2881,2022-09-04 03:14:01.088585,2022-09-04 05:18:49.088585,2022-09-04 14:00:49.088585,8.7,2.08,normal,0.76,13.6,10.9,1.9,0.4,0,5.65,4.31,1
V02544,container,204.6,34.1,12.9,163297,2990,2022-09-04 04:04:19.268564,2022-09-04 07:52:19.268564,2022-09-04 19:34:19.268564,11.7,3.8,normal,0.7,24.6,11.0,2.9,1.1,1,6.8,1.81,1
V05354,bulk,127.1,20.3,8.4,85103,1338,2022-09-04 10:19:25.834392,2022-09-04 12:26:37.834392,2022-09-05 03:02:37.834392,14.6,2.12,normal,0.86,6.4,6.3,0.7,0.1,0,3.14,4.13,0
V05465,general,121.3,16.4,6.4,46829,1222,2022-09-05 12:45:56.567948,2022-09-05 16:24:56.567948,2022-09-06 06:18:56.567948,13.9,3.65,normal,0.8,22.1,8.5,1.9,0.9,1,2.01,2.65,0
V03601,tanker,280.7,39.1,12.6,235588,4410,2022-09-05 13:08:52.517024,2022-09-05 16:40:40.517024,2022-09-06 23:28:40.517024,30.8,3.53,normal,0.65,24.7,9.6,2.8,0.2,1,2.02,2.26,0
V02495,container,246.2,35.1,10.2,173038,3510,2022-09-05 14:13:15.641286,2022-09-05 16:57:03.641286,2022-09-06 05:51:03.641286,12.9,2.73,normal,0.75,21.9,7.9,2.1,0.4,1,2.65,0.7,0
V05569,bulk,298.8,50.5,8.5,170889,4820,2022-09-05 23:56:23.417416,2022-09-06 02:07:47.417416,2022-09-07 00:37:47.417416,22.5,2.19,normal,0.91,17.5,10.2,1.8,0.7,0,2.68,1.18,0
V03097,container,278.7,43.3,9.7,177406,896,2022-09-06 06:55:58.354486,2022-09-06 11:39:10.354486,2022-09-07 12:45:10.354486,25.1,4.72,normal,0.71,39.8,8.0,3.7,0.4,1,7.88,2.32,1
V01734,container,228.9,36.1,14.8,230455,1367,2022-09-06 18:35:10.081063,2022-09-06 20:24:58.081063,2022-09-07 08:12:58.081063,11.8,1.83,normal,0.6,13.3,7.3,1.1,0.4,0,7.36,4.48,1
V01082,container,288.8,44.7,12.7,254065,2209,2022-09-06 20:38:44.896112,2022-09-07 00:08:44.896112,2022-09-07 18:32:44.896112,18.4,3.5,normal,0.5,26.0,6.7,2.2,0.3,1,7.79,7.66,1
V05481,bulk,214.7,32.3,10.6,153126,810,2022-09-07 01:07:57.401869,2022-09-07 03:31:57.401869,2022-09-08 17:07:57.401869,37.6,2.4,normal,0.49,16.7,6.8,1.8,0.1,0,2.35,1.13,0
V01419,container,179.3,23.8,12.5,140491,3401,2022-09-07 03:35:25.029205,2022-09-07 07:30:37.029205,2022-09-08 03:06:37.029205,19.6,3.92,low,0.39,27.2,5.6,2.3,0.5,1,2.82,5.78,0
V04663,bulk,104.9,15.2,9.5,78717,2112,2022-09-07 22:52:23.310629,2022-09-08 03:09:11.310629,2022-09-09 03:45:11.310629,24.6,4.28,normal,0.71,20.9,8.8,2.2,0.1,1,6.36,1.4,1
V05933,tanker,126.3,20.9,12.7,124555,3976,2022-09-08 04:20:17.054178,2022-09-08 06:40:41.054178,2022-09-09 20:22:41.054178,37.7,2.34,low,0.77,18.3,8.3,2.3,0.7,0,2.76,3.91,0
V04384,tanker,292.2,40.3,10.4,236009,523,2022-09-09 03:28:20.440822,2022-09-09 05:34:20.440822,2022-09-09 21:28:20.440822,15.9,2.1,normal,0.83,5.0,8.6,0.2,0.3,0,2.02,2.24,0
V05884,bulk,192.4,32.0,10.5,153722,2116,2022-09-09 12:27:42.853342,2022-09-09 16:48:06.853342,2022-09-10 23:30:06.853342,30.7,4.34,normal,0.47,21.0,3.8,2.8,1.7,1,5.81,2.28,1
V03208,tanker,173.3,26.9,13.7,156315,1471,2022-09-09 18:21:13.103111,2022-09-09 23:02:01.103111,2022-09-11 04:44:01.103111,29.7,4.68,normal,0.72,25.2,10.9,2.7,0.6,1,3.75,2.32,0
V01067,container,157.2,22.8,12.6,153084,2629,2022-09-09 19:12:25.354144,2022-09-09 21:17:13.354144,2022-09-10 13:53:13.354144,16.6,2.08,normal,0.78,19.7,8.5,2.2,0.9,0,5.01,4.42,0
V03310,bulk,110.1,16.3,10.5,86952,1429,2022-09-09 22:59:52.362882,2022-09-10 01:27:28.362882,2022-09-10 15:51:28.362882,14.4,2.46,normal,0.89,15.0,9.7,1.3,0.9,0,7.81,3.33,1
V05061,tanker,132.3,18.0,10.2,88813,1980,2022-09-10 11:37:12.389107,2022-09-10 17:31:12.389107,2022-09-11 10:01:12.389107,16.5,5.9,normal,0.68,44.8,5.9,3.9,0.6,2,7.68,2.19,1
V03331,container,209.3,30.5,11.5,175191,2815,2022-09-10 12:03:21.879524,2022-09-10 15:25:33.879524,2022-09-11 01:55:33.879524,10.5,3.37,normal,0.76,20.9,6.6,2.0,0.4,1,7.32,6.79,1
V05970,container,201.9,32.4,11.0,134461,1357,2022-09-10 17:44:30.580530,2022-09-10 22:09:06.580530,2022-09-11 11:27:06.580530,13.3,4.41,low,1.0,20.7,7.8,1.7,1.3,1,2.27,4.46,0
V04613,tanker,155.1,22.5,13.5,145379,608,2022-09-10 18:36:18.347203,2022-09-10 21:33:18.347203,2022-09-11 06:45:18.347203,9.2,2.95,normal,0.66,23.5,7.4,2.4,1.6,1,3.05,0.85,0
V03543,container,352.1,46.6,12.4,345882,3619,2022-09-10 21:39:59.087657,2022-09-11 00:08:47.087657,2022-09-11 14:44:47.087657,14.6,2.48,normal,0.59,25.2,7.2,2.6,0.3,1,7.24,1.59,1
V01603,bulk,277.6,40.5,11.2,209708,2551,2022-09-11 01:01:00.745307,2022-09-11 05:30:24.745307,2022-09-11 20:48:24.745307,15.3,4.49,normal,0.57,20.7,5.4,2.2,0.3,1,6.69,1.87,1
V03110,tanker,224.8,32.0,12.9,203319,1668,2022-09-11 06:33:57.313763,2022-09-11 09:58:33.313763,2022-09-12 06:16:33.313763,20.3,3.41,normal,0.68,23.0,6.5,2.3,0.1,1,2.6,1.72,0
V04130,container,295.3,49.5,8.2,158829,1726,2022-09-11 09:28:51.590605,2022-09-11 13:13:15.590605,2022-09-12 10:13:15.590605,21.0,3.74,normal,0.82,21.2,5.8,2.4,0.9,1,6.56,6.18,1
V02161,roro,175.3,26.3,10.8,131462,2521,2022-09-12 00:32:06.857270,2022-09-12 03:30:54.857270,2022-09-12 15:54:54.857270,12.4,2.98,normal,0.61,20.3,3.5,1.9,0.4,1,7.85,1.85,1
V01192,container,325.8,52.3,12.4,245541,4267,2022-09-12 01:26:16.002656,2022-09-12 05:07:04.002656,2022-09-13 08:43:04.002656,27.6,3.68,normal,0.75,33.2,9.5,3.4,0.5,1,7.13,6.54,1
V03273,container,281.2,38.1,14.5,302120,2471,2022-09-12 06:05:40.370850,2022-09-12 08:51:16.370850,2022-09-12 15:33:16.370850,6.7,2.76,high,0.52,23.2,6.7,2.9,0.4,1,2.0,6.58,0
V03668,roro,193.3,29.6,6.8,90730,4189,2022-09-12 06:31:20.908303,2022-09-12 08:19:20.908303,2022-09-12 22:19:20.908303,14.0,1.8,normal,0.82,14.2,8.7,1.4,0.2,0,2.07,2.32,0
V03219,bulk,227.0,35.7,12.9,228269,4308,2022-09-12 21:43:56.826718,2022-09-13 02:45:44.826718,2022-09-14 06:27:44.826718,27.7,5.03,low,0.88,24.3,8.0,2.3,0.3,1,5.2,0.14,0
V02518,bulk,213.1,35.7,10.6,165416,4038,2022-09-13 00:13:52.455906,2022-09-13 02:19:52.455906,2022-09-14 16:55:52.455906,38.6,2.1,normal,0.93,19.3,5.9,2.3,1.6,0,7.92,4.88,1
V05114,tanker,299.8,42.0,11.0,225627,4572,2022-09-13 00:57:22.474545,2022-09-13 02:42:58.474545,2022-09-14 11:12:58.474545,32.5,1.76,normal,0.77,6.7,10.0,0.8,1.3,0,7.97,5.05,1
V01656,roro,105.5,15.0,7.1,54185,2903,2022-09-13 02:30:35.040279,2022-09-13 03:41:59.040279,2022-09-13 11:41:59.040279,8.0,1.19,high,0.85,13.3,7.6,1.3,0.2,0,6.82,1.21,1
V04433,roro,109.8,15.4,9.1,77586,1049,2022-09-13 05:56:20.052278,2022-09-13 07:14:20.052278,2022-09-13 15:38:20.052278,8.4,1.3,normal,0.73,6.7,7.0,0.5,1.0,0,2.35,5.66,0
V01269,container,193.0,27.3,11.9,156975,2196,2022-09-13 18:09:00.895979,2022-09-13 19:47:24.895979,2022-09-14 08:53:24.895979,13.1,1.64,normal,0.82,0.4,7.4,0.0,0.1,0,2.49,1.9,0
V04554,roro,246.2,39.0,7.4,110406,3496,2022-09-13 20:28:18.234432,2022-09-13 23:07:18.234432,2022-09-14 14:55:18.234432,15.8,2.65,normal,1.0,20.5,9.0,2.0,1.2,1,2.51,2.27,0
V02577,container,152.6,25.3,10.9,129840,1075,2022-09-13 21:07:04.347885,2022-09-13 23:09:28.347885,2022-09-14 20:51:28.347885,21.7,2.04,normal,0.74,13.7,5.0,2.1,0.9,0,3.19,1.16,0
V04516,container,162.1,24.7,11.9,142995,1093,2022-09-13 23:02:16.407171,2022-09-14 00:32:52.407171,2022-09-16 02:02:52.407171,49.5,1.51,normal,0.78,17.0,8.1,1.8,0.7,0,5.95,1.22,1
V05774,container,224.6,36.5,9.9,154919,788,2022-09-14 12:53:56.583955,2022-09-14 17:37:44.583955,2022-09-15 07:49:44.583955,14.2,4.73,normal,0.68,23.4,10.4,2.2,2.1,1,7.62,0.17,1
V01745,bulk,122.8,16.0,10.3,84083,1490,2022-09-14 16:10:58.666977,2022-09-14 18:35:34.666977,2022-09-15 12:29:34.666977,17.9,2.41,normal,0.98,11.4,7.1,0.7,0.4,0,6.21,5.67,1
V03124,container,368.3,48.8,12.4,279700,3255,2022-09-14 21:44:23.341447,2022-09-15 00:16:11.341447,2022-09-15 13:34:11.341447,13.3,2.53,normal,0.6,17.6,4.3,1.7,0.2,0,2.98,2.16,0
V02625,tanker,322.0,43.4,9.5,226474,3502,2022-09-15 00:42:04.628041,2022-09-15 04:25:16.628041,2022-09-16 00:01:16.628041,19.6,3.72,low,1.0,22.9,6.4,2.1,0.1,1,7.07,3.56,1
V02253,bulk,149.0,22.7,10.9,99979,2869,2022-09-15 04:54:48.822262,2022-09-15 07:34:24.822262,2022-09-16 02:22:24.822262,18.8,2.66,normal,0.64,18.5,9.5,2.4,1.8,0,5.73,3.5,1
V02945,bulk,107.1,15.3,7.9,56019,4102,2022-09-15 13:19:00.669874,2022-09-15 16:04:00.669874,2022-09-16 13:34:00.669874,21.5,2.75,normal,0.86,13.9,8.5,1.5,0.1,0,7.29,4.08,1
V02541,general,82.7,11.1,8.6,53052,2872,2022-09-15 13:20:16.196257,2022-09-15 16:45:28.196257,2022-09-16 13:33:28.196257,20.8,3.42,normal,0.54,31.5,6.4,2.8,0.0,1,7.31,1.61,1
V04080,general,210.2,31.5,9.0,145104,1346,2022-09-15 15:25:54.629460,2022-09-15 16:59:30.629460,2022-09-16 06:11:30.629460,13.2,1.56,normal,0.71,9.2,6.5,1.2,0.5,0,7.8,0.79,1
V05196,tanker,207.8,34.9,9.1,132422,3675,2022-09-15 17:56:54.644583,2022-09-15 20:22:06.644583,2022-09-16 14:04:06.644583,17.7,2.42,normal,0.77,15.0,8.0,1.0,0.4,0,4.77,1.96,0
V02538,container,179.4,26.3,13.7,164568,4916,2022-09-15 21:22:36.251098,2022-09-15 23:02:48.251098,2022-09-16 18:38:48.251098,19.6,1.67,normal,0.56,0.0,7.8,0.0,1.0,0,2.09,0.32,0
V04316,container,364.7,58.1,9.1,232038,1130,2022-09-16 03:58:53.529136,2022-09-16 06:16:53.529136,2022-09-17 02:04:53.529136,19.8,2.3,normal,0.54,18.3,7.6,1.2,0.7,0,7.71,0.61,1
V05567,bulk,238.4,36.7,12.3,200295,3345,2022-09-16 14:50:47.557445,2022-09-16 19:05:47.557445,2022-09-18 03:05:47.557445,32.0,4.25,normal,0.73,34.5,7.5,3.5,0.6,1,7.84,0.75,1
V03977,general,185.5,30.6,6.0,69779,992,2022-09-16 15:30:11.955701,2022-09-16 18:08:35.955701,2022-09-17 14:44:35.955701,20.6,2.64,normal,0.77,23.5,7.0,2.2,0.7,1,8.0,3.05,1
V03388,roro,138.5,20.3,9.7,84268,1648,2022-09-17 03:23:57.363089,2022-09-17 06:23:57.363089,2022-09-17 12:41:57.363089,6.3,3.0,low,0.8,27.1,5.0,1.9,0.4,1,7.9,6.79,1
V04209,container,280.5,39.4,13.5,243112,2633,2022-09-17 05:10:15.309770,2022-09-17 09:15:03.309770,2022-09-18 01:51:03.309770,16.6,4.08,normal,0.71,20.2,6.4,2.0,0.5,1,7.4,0.76,1
V04737,general,95.4,15.9,5.4,32578,2587,2022-09-17 11:40:53.985309,2022-09-17 13:27:41.985309,2022-09-18 02:15:41.985309,12.8,1.78,normal,0.64,10.0,6.7,1.1,0.6,0,2.91,3.88,0
V01756,bulk,271.2,38.1,8.0,149504,3705,2022-09-17 20:36:58.133931,2022-09-17 22:41:10.133931,2022-09-19 05:53:10.133931,31.2,2.07,low,0.57,15.5,7.1,1.8,0.7,0,3.27,3.18,0
V05189,roro,202.4,27.9,9.8,145256,3932,2022-09-17 23:39:45.342378,2022-09-18 01:31:21.342378,2022-09-18 07:49:21.342378,6.3,1.86,low,0.86,9.3,6.7,1.5,0.7,0,2.51,0.21,0
V05176,container,296.2,46.2,14.9,318532,2490,2022-09-18 00:16:36.690912,2022-09-18 02:01:36.690912,2022-09-18 16:31:36.690912,14.5,1.75,high,0.68,3.5,6.7,0.5,0.4,0,3.14,3.38,0
V05064,roro,121.2,17.2,7.5,57287,4428,2022-09-18 01:56:37.283631,2022-09-18 03:14:37.283631,2022-09-18 09:14:37.283631,6.0,1.3,normal,0.69,14.1,7.1,1.9,0.0,0,5.52,1.0,1
V02116,tanker,287.5,45.6,10.2,223580,2114,2022-09-19 11:00:25.987097,2022-09-19 13:33:25.987097,2022-09-20 12:39:25.987097,23.1,2.55,normal,0.67,17.4,7.1,1.5,0.5,0,2.18,6.23,0
V04149,bulk,262.3,42.6,7.5,154340,3027,2022-09-20 09:41:23.060131,2022-09-20 12:17:59.060131,2022-09-21 19:11:59.060131,30.9,2.61,high,0.77,16.4,7.3,1.5,0.1,0,4.56,0.64,0
V04010,bulk,140.1,20.1,9.5,94085,4167,2022-09-21 01:15:17.517846,2022-09-21 03:30:53.517846,2022-09-22 01:24:53.517846,21.9,2.26,normal,0.8,10.0,8.0,0.7,0.4,0,2.05,2.97,0
V02828,roro,143.3,20.3,10.1,114034,4615,2022-09-21 10:39:06.253509,2022-09-21 11:55:18.253509,2022-09-21 20:07:18.253509,8.2,1.27,high,0.79,12.5,12.3,0.9,0.2,0,4.32,4.32,0
V03611,general,184.9,29.2,5.4,70303,1095,2022-09-22 03:51:23.083213,2022-09-22 05:24:59.083213,2022-09-22 14:12:59.083213,8.8,1.56,normal,0.83,14.1,8.0,1.9,0.1,0,3.62,6.61,0
V02177,tanker,241.5,41.1,13.9,259788,3920,2022-09-22 07:13:13.320283,2022-09-22 11:06:01.320283,2022-09-23 02:06:01.320283,15.0,3.88,normal,0.54,28.2,6.3,2.7,1.9,1,7.82,7.91,1
V05902,tanker,206.1,27.9,13.4,170284,4967,2022-09-22 13:39:27.629768,2022-09-22 15:19:03.629768,2022-09-23 19:07:03.629768,27.8,1.66,high,0.59,18.2,11.0,1.8,0.7,0,2.08,1.8,0
V05154,tanker,302.7,39.4,11.0,209236,1904,2022-09-22 20:20:18.143623,2022-09-22 22:29:54.143623,2022-09-23 14:11:54.143623,15.7,2.16,normal,0.92,9.9,6.8,1.0,0.0,0,8.0,2.66,1
V01155,bulk,235.9,33.3,7.5,134709,2568,2022-09-22 20:57:20.769432,2022-09-22 23:13:32.769432,2022-09-24 05:31:32.769432,30.3,2.27,normal,0.69,0.0,10.7,0.0,0.0,0,7.84,4.18,1
V05690,tanker,275.5,45.0,12.5,272481,4343,2022-09-22 22:12:24.919233,2022-09-23 02:20:48.919233,2022-09-23 13:50:48.919233,11.5,4.14,normal,0.79,23.2,8.6,2.6,0.0,1,6.71,1.47,1
V01914,tanker,305.6,51.4,13.6,313646,4577,2022-09-23 10:41:24.654044,2022-09-23 13:04:12.654044,2022-09-24 04:10:12.654044,15.1,2.38,normal,0.76,12.1,10.2,1.3,1.6,0,6.6,4.19,1
V02133,bulk,146.7,21.3,11.8,132727,2217,2022-09-23 17:24:11.112191,2022-09-23 19:30:47.112191,2022-09-25 12:36:47.112191,41.1,2.11,normal,0.79,12.9,9.6,1.3,0.3,0,4.11,8.5,0
V03889,container,214.0,33.4,12.8,194730,502,2022-09-24 16:53:45.778687,2022-09-24 21:09:21.778687,2022-09-25 12:09:21.778687,15.0,4.26,normal,0.98,20.4,7.1,2.5,1.2,1,2.53,1.77,0
V05592,general,122.7,18.3,6.2,46660,4380,2022-09-25 10:25:16.122463,2022-09-25 13:20:28.122463,2022-09-26 05:32:28.122463,16.2,2.92,high,0.62,23.3,5.9,2.3,0.7,1,7.99,0.88,1
V05429,roro,200.7,26.9,8.7,133607,2070,2022-09-25 14:31:58.457906,2022-09-25 16:07:22.457906,2022-09-26 12:37:22.457906,20.5,1.59,normal,0.9,16.3,6.4,1.5,0.0,0,3.37,6.85,0
V03046,tanker,308.0,46.9,11.1,220744,2355,2022-09-26 01:28:32.715771,2022-09-26 03:11:44.715771,2022-09-27 11:53:44.715771,32.7,1.72,normal,0.67,6.7,8.3,0.5,0.0,0,5.49,2.99,0
V02719,bulk,215.1,31.3,7.2,100555,3230,2022-09-26 01:38:48.924267,2022-09-26 04:25:00.924267,2022-09-26 22:25:00.924267,18.0,2.77,high,0.74,17.1,8.3,1.5,0.3,0,5.23,4.03,0
V04441,bulk,164.0,21.7,7.6,85272,837,2022-09-26 06:04:38.742601,2022-09-26 08:22:38.742601,2022-09-27 08:40:38.742601,24.3,2.3,normal,0.52,15.3,4.0,1.3,0.1,0,2.52,4.98,0
V03959,container,246.4,37.5,10.7,163104,3116,2022-09-26 14:49:46.482129,2022-09-26 18:21:34.482129,2022-09-27 09:21:34.482129,15.0,3.53,normal,0.59,32.9,7.6,3.1,0.9,1,4.06,4.97,0
V02768,bulk,181.2,28.0,8.2,118680,2144,2022-09-26 16:54:02.545437,2022-09-26 22:06:38.545437,2022-09-27 09:12:38.545437,11.1,5.21,normal,0.77,21.7,5.3,2.0,0.5,1,2.06,0.41,0
V05533,tanker,237.8,36.3,11.9,191254,1446,2022-09-26 17:37:19.305591,2022-09-26 20:18:07.305591,2022-09-27 09:00:07.305591,12.7,2.68,low,0.55,9.7,14.6,1.7,0.2,0,2.04,6.74,0
V03916,container,348.9,59.1,12.3,330482,4413,2022-09-26 18:51:25.769824,2022-09-26 20:49:37.769824,2022-09-27 10:07:37.769824,13.3,1.97,normal,0.59,18.4,9.9,1.7,0.4,0,2.89,1.36,0
V04584,bulk,233.1,32.9,7.9,118112,4382,2022-09-27 14:42:31.903467,2022-09-27 19:20:55.903467,2022-09-28 15:20:55.903467,20.0,4.64,normal,0.84,34.1,7.9,3.1,0.1,1,5.44,0.54,0
V01054,general,191.9,27.0,8.5,117124,2124,2022-09-27 19:26:43.560685,2022-09-27 21:14:07.560685,2022-09-28 05:32:07.560685,8.3,1.79,normal,0.91,15.2,9.7,1.7,0.8,0,2.67,2.09,0
V05486,container,283.2,39.5,12.9,268659,3326,2022-09-28 01:12:59.390014,2022-09-28 03:27:23.390014,2022-09-28 15:03:23.390014,11.6,2.24,normal,0.46,11.2,8.0,0.9,0.7,0,7.68,1.59,1
V01210,bulk,232.4,37.2,11.5,191245,4570,2022-09-28 02:11:18.324118,2022-09-28 05:41:54.324118,2022-09-29 11:47:54.324118,30.1,3.51,normal,0.71,22.6,8.9,2.5,0.3,1,6.73,2.46,1
V05116,general,131.0,19.1,5.9,58505,1004,2022-09-28 04:51:28.788697,2022-09-28 06:59:16.788697,2022-09-29 10:35:16.788697,27.6,2.13,normal,0.82,17.9,6.4,1.7,0.4,0,2.98,0.24,0
V01111,roro,137.4,22.0,7.4,70151,3995,2022-09-28 10:36:10.222604,2022-09-28 12:10:58.222604,2022-09-28 19:10:58.222604,7.0,1.58,normal,0.86,16.8,6.1,1.3,0.0,0,6.46,2.44,1
V01948,container,351.4,55.9,11.6,247486,2143,2022-09-28 15:48:38.684155,2022-09-28 17:43:50.684155,2022-09-29 04:07:50.684155,10.4,1.92,normal,0.76,16.3,8.3,1.7,0.1,0,4.98,0.51,0
V04725,tanker,136.8,19.6,12.0,121464,2448,2022-09-28 18:44:28.796423,2022-09-28 22:56:28.796423,2022-09-29 18:44:28.796423,19.8,4.2,normal,0.86,20.4,3.9,2.3,0.1,1,2.01,2.55,0
V04224,bulk,135.8,22.3,9.1,80006,633,2022-09-29 14:39:24.681779,2022-09-29 17:59:12.681779,2022-10-02 08:47:12.681779,62.8,3.33,normal,0.69,25.8,9.9,2.3,0.0,1,7.5,2.73,1
V05608,general,145.0,19.8,7.3,84328,2052,2022-09-30 01:55:15.584876,2022-09-30 03:39:03.584876,2022-09-30 15:03:03.584876,11.4,1.73,normal,0.83,16.9,9.4,1.7,0.4,0,8.0,3.11,1
V03874,tanker,202.7,27.4,13.6,181152,797,2022-09-30 04:23:20.546230,2022-09-30 06:37:44.546230,2022-09-30 19:49:44.546230,13.2,2.24,normal,0.87,14.2,6.2,0.8,0.3,0,5.91,0.93,1
V04272,tanker,326.4,50.8,9.6,220461,4327,2022-09-30 10:30:32.431090,2022-09-30 14:32:56.431090,2022-10-01 05:26:56.431090,14.9,4.04,normal,0.81,20.4,9.5,1.8,0.0,1,3.97,1.37,0
V03826,bulk,155.3,24.7,12.2,131119,4695,2022-09-30 16:49:52.560353,2022-09-30 21:24:04.560353,2022-10-01 23:18:04.560353,25.9,4.57,high,0.67,20.1,8.2,1.5,0.6,1,5.85,2.42,1
V05563,tanker,217.9,36.6,11.4,175625,4031,2022-09-30 19:26:00.964560,2022-09-30 21:16:24.964560,2022-10-02 18:46:24.964560,45.5,1.84,normal,1.0,18.8,9.7,1.7,0.9,0,2.43,2.09,0
V02662,bulk,111.8,16.7,8.5,75000,2250,2022-09-30 21:56:11.004782,2022-10-01 01:45:23.004782,2022-10-01 17:57:23.004782,16.2,3.82,normal,0.82,32.3,7.6,3.3,0.0,1,2.76,1.35,0
V05985,general,185.6,27.8,5.3,60833,1938,2022-10-01 01:32:05.101593,2022-10-01 02:46:29.101593,2022-10-02 08:58:29.101593,30.2,1.24,normal,1.0,7.1,7.0,1.2,0.4,0,7.49,0.19,1
V04995,bulk,224.0,32.4,7.4,107396,3409,2022-10-01 06:58:49.335669,2022-10-01 08:40:13.335669,2022-10-04 00:28:13.335669,63.8,1.69,normal,0.74,4.4,9.3,0.3,0.0,0,3.31,0.44,0
V01884,bulk,168.3,27.3,12.8,149011,1399,2022-10-02 08:21:01.543356,2022-10-02 09:49:13.543356,2022-10-03 06:13:13.543356,20.4,1.47,normal,0.74,20.0,6.5,1.5,1.3,0,2.67,1.33,0
V05848,container,335.5,54.0,10.4,274358,1909,2022-10-02 10:11:25.763520,2022-10-02 11:16:49.763520,2022-10-03 00:04:49.763520,12.8,1.09,normal,0.81,16.2,8.4,1.0,0.1,0,2.09,2.17,0
V05366,bulk,215.3,35.8,7.2,108869,1364,2022-10-02 17:40:05.706667,2022-10-02 19:14:53.706667,2022-10-04 00:26:53.706667,29.2,1.58,normal,0.7,9.9,7.4,0.8,0.5,0,6.87,1.21,1
V03832,container,362.4,51.7,14.0,389254,1453,2022-10-02 21:58:06.486596,2022-10-02 23:25:42.486596,2022-10-03 22:31:42.486596,23.1,1.46,normal,0.78,11.4,6.6,1.1,0.8,0,2.01,5.95,0
V03083,tanker,247.6,36.4,13.3,201001,3084,2022-10-02 22:30:37.954382,2022-10-02 23:52:49.954382,2022-10-03 23:10:49.954382,23.3,1.37,normal,0.49,10.8,5.4,0.9,0.9,0,2.06,0.78,0
V05205,bulk,245.9,32.1,10.2,165833,791,2022-10-03 00:59:05.165892,2022-10-03 03:07:29.165892,2022-10-03 20:37:29.165892,17.5,2.14,normal,1.0,25.2,7.5,2.6,0.7,1,4.67,5.75,0
V05346,tanker,177.7,27.2,12.9,157166,630,2022-10-03 07:28:26.545924,2022-10-03 11:00:14.545924,2022-10-04 07:00:14.545924,20.0,3.53,normal,0.66,22.5,6.7,2.1,1.1,1,4.89,2.77,0
V01492,container,370.3,51.6,14.0,345015,1445,2022-10-03 07:35:03.838152,2022-10-03 09:32:39.838152,2022-10-04 00:50:39.838152,15.3,1.96,normal,0.68,16.9,8.2,1.8,1.4,0,4.72,2.47,0
V01588,bulk,104.0,15.6,10.1,74058,4883,2022-10-03 17:00:01.994242,2022-10-03 18:39:01.994242,2022-10-04 10:09:01.994242,15.5,1.65,normal,0.78,1.9,9.9,0.5,0.4,0,7.97,3.81,1
V01506,container,228.3,32.4,11.3,181356,1244,2022-10-04 03:20:32.935957,2022-10-04 04:37:20.935957,2022-10-05 17:07:20.935957,36.5,1.28,normal,0.49,18.6,11.6,2.1,0.2,0,6.89,0.32,1
V05037,container,322.5,52.9,11.8,265601,3964,2022-10-04 04:40:02.149598,2022-10-04 07:40:02.149598,2022-10-04 23:40:02.149598,16.0,3.0,normal,0.56,24.6,4.3,2.6,0.6,1,7.93,2.01,1
V02137,container,368.3,47.9,10.5,292487,3647,2022-10-04 10:53:35.299893,2022-10-04 12:19:59.299893,2022-10-05 14:31:59.299893,26.2,1.44,normal,0.8,17.1,12.6,1.8,0.3,0,2.06,2.02,0
V02852,tanker,280.1,40.2,11.3,247530,1111,2022-10-04 13:31:56.926334,2022-10-04 16:34:56.926334,2022-10-05 21:58:56.926334,29.4,3.05,normal,0.55,25.9,8.4,2.3,0.8,1,3.72,3.42,0
V03370,container,312.7,49.7,13.7,312194,1885,2022-10-04 16:14:34.073344,2022-10-04 18:36:10.073344,2022-10-05 19:06:10.073344,24.5,2.36,normal,0.85,29.4,7.6,3.0,0.4,1,7.41,2.95,1
V02712,roro,113.8,16.9,10.7,97233,2928,2022-10-04 18:18:59.689010,2022-10-04 19:35:47.689010,2022-10-05 15:29:47.689010,19.9,1.28,normal,0.72,16.8,6.5,1.4,0.3,0,7.75,1.78,1
V03969,bulk,245.7,32.8,12.1,233415,4675,2022-10-05 00:58:36.558565,2022-10-05 03:20:48.558565,2022-10-06 09:08:48.558565,29.8,2.37,normal,0.67,17.0,7.1,2.0,0.5,0,2.61,2.43,0
V02179,container,166.7,21.8,9.7,104956,3447,2022-10-05 01:40:08.270489,2022-10-05 03:01:08.270489,2022-10-05 23:19:08.270489,20.3,1.35,normal,0.67,16.2,6.2,1.9,1.5,0,3.37,2.57,0
V03000,bulk,115.7,16.4,10.2,79851,4061,2022-10-05 05:44:12.623918,2022-10-05 09:11:12.623918,2022-10-06 03:41:12.623918,18.5,3.45,normal,0.61,32.7,10.5,3.1,0.8,1,7.99,3.9,1
V02052,general,218.0,28.8,6.3,104805,3291,2022-10-05 09:59:42.066048,2022-10-05 11:16:30.066048,2022-10-06 01:10:30.066048,13.9,1.28,normal,0.72,10.7,7.2,1.0,0.1,0,3.55,2.13,0
V04448,bulk,289.4,44.9,12.5,258934,1447,2022-10-05 16:23:41.341200,2022-10-05 18:01:29.341200,2022-10-07 08:25:29.341200,38.4,1.63,normal,1.0,13.5,6.3,1.9,0.9,0,6.71,2.31,1
V01473,container,152.7,21.7,8.9,84719,4936,2022-10-05 17:43:27.212489,2022-10-05 19:04:27.212489,2022-10-06 06:28:27.212489,11.4,1.35,normal,0.69,10.9,6.8,1.1,0.1,0,7.87,2.92,1
V05004,tanker,120.2,16.5,10.4,76919,2678,2022-10-05 18:37:26.231365,2022-10-05 20:05:02.231365,2022-10-06 12:41:02.231365,16.6,1.46,normal,0.66,18.1,9.0,1.5,0.8,0,7.96,0.99,1
V02584,bulk,129.0,20.3,9.0,88952,1997,2022-10-05 19:20:09.821109,2022-10-05 21:23:09.821109,2022-10-07 04:11:09.821109,30.8,2.05,high,0.85,13.0,7.2,1.6,0.0,0,7.6,6.16,1
V03536,bulk,230.8,35.1,11.9,172093,2508,2022-10-05 22:53:27.830678,2022-10-06 00:51:03.830678,2022-10-07 06:33:03.830678,29.7,1.96,normal,0.81,17.8,8.5,1.9,0.8,0,2.94,1.43,0
V05165,container,191.0,28.6,8.7,132211,4043,2022-10-06 01:33:31.274346,2022-10-06 02:47:55.274346,2022-10-06 16:17:55.274346,13.5,1.24,normal,0.85,14.4,12.6,1.3,0.6,0,2.42,3.09,0
V05529,general,151.6,23.3,9.6,101991,3623,2022-10-06 10:08:23.176645,2022-10-06 12:20:59.176645,2022-10-06 21:50:59.176645,9.5,2.21,low,0.66,29.3,7.8,3.1,0.3,1,4.49,2.39,0
V05494,container,237.1,33.0,9.8,157620,4406,2022-10-06 20:07:28.546303,2022-10-06 21:39:52.546303,2022-10-07 14:21:52.546303,16.7,1.54,normal,0.66,13.8,9.7,1.7,0.2,0,7.6,2.7,1
V02563,container,288.3,42.0,12.9,226058,4589,2022-10-07 14:25:31.807326,2022-10-07 15:54:55.807326,2022-10-08 09:12:55.807326,17.3,1.49,normal,0.53,9.6,9.5,0.9,0.4,0,2.2,3.17,0
V05605,general,124.3,16.3,9.2,74518,1299,2022-10-07 16:54:41.598057,2022-10-07 18:09:05.598057,2022-10-08 06:09:05.598057,12.0,1.24,normal,0.8,15.6,9.5,1.5,0.5,0,5.17,2.64,0
V03116,tanker,205.1,30.1,9.2,133972,1183,2022-10-08 02:52:03.699273,2022-10-08 04:02:15.699273,2022-10-08 22:50:15.699273,18.8,1.17,normal,0.71,6.3,6.1,0.6,0.4,0,2.22,3.94,0
V03049,bulk,162.9,27.5,8.4,107076,2506,2022-10-08 03:10:42.079786,2022-10-08 06:13:42.079786,2022-10-09 11:19:42.079786,29.1,3.05,normal,0.77,20.3,6.3,1.7,0.2,1,2.44,1.23,0
V04301,general,130.1,19.8,8.4,83438,4245,2022-10-08 07:03:20.973863,2022-10-08 08:29:08.973863,2022-10-08 19:05:08.973863,10.6,1.43,low,0.5,15.5,6.8,0.8,1.2,0,7.42,3.75,1
V04344,tanker,164.0,22.6,11.4,140582,1944,2022-10-08 07:54:30.205942,2022-10-08 09:58:06.205942,2022-10-09 23:28:06.205942,37.5,2.06,normal,0.72,14.1,5.5,1.3,0.0,0,7.94,2.01,1
V01085,roro,172.5,26.2,10.0,104998,3349,2022-10-08 22:28:11.840419,2022-10-08 23:37:11.840419,2022-10-09 06:31:11.840419,6.9,1.15,normal,0.54,18.0,8.7,1.9,1.0,0,6.87,6.5,1
V04741,tanker,158.6,25.1,13.0,156517,2450,2022-10-08 23:31:51.562776,2022-10-09 01:42:39.562776,2022-10-10 07:24:39.562776,29.7,2.18,normal,0.78,9.6,7.9,0.0,0.7,0,5.41,6.07,0
V02203,container,212.8,29.3,11.1,145851,3730,2022-10-09 01:49:51.273121,2022-10-09 03:24:03.273121,2022-10-09 21:54:03.273121,18.5,1.57,normal,0.88,12.7,7.9,1.0,0.8,0,2.43,5.17,0
V01618,tanker,231.9,35.6,9.7,149128,736,2022-10-09 14:36:54.484999,2022-10-09 17:56:06.484999,2022-10-10 15:08:06.484999,21.2,3.32,normal,0.77,20.8,8.3,2.7,0.3,1,2.18,4.1,0
V03946,container,167.8,24.3,11.8,132255,2559,2022-10-10 00:20:33.715120,2022-10-10 01:39:45.715120,2022-10-10 11:57:45.715120,10.3,1.32,normal,0.75,17.9,6.2,2.1,0.4,0,5.39,0.23,0
V02516,roro,223.6,36.8,9.9,166006,1043,2022-10-10 04:06:25.173491,2022-10-10 06:06:25.173491,2022-10-10 09:18:25.173491,3.2,2.0,normal,0.72,23.7,9.4,2.3,0.4,1,2.06,3.62,0
V03139,bulk,270.2,36.4,12.6,257243,3102,2022-10-10 06:07:07.488849,2022-10-10 08:23:55.488849,2022-10-11 18:41:55.488849,34.3,2.28,high,0.62,28.2,8.5,2.9,0.2,1,3.98,3.5,0
V04195,container,228.6,38.4,11.6,177513,640,2022-10-10 10:56:13.968809,2022-10-10 13:49:37.968809,2022-10-11 04:19:37.968809,14.5,2.89,normal,0.88,25.9,6.6,2.5,0.2,1,7.6,6.3,1
V02372,roro,189.6,24.9,6.0,71612,1344,2022-10-10 17:34:25.589402,2022-10-10 19:49:25.589402,2022-10-11 03:19:25.589402,7.5,2.25,normal,0.72,22.7,7.8,2.4,0.7,1,2.8,3.69,0
V04363,bulk,294.7,41.6,11.1,221289,2328,2022-10-10 18:08:02.861069,2022-10-10 20:29:02.861069,2022-10-11 19:11:02.861069,22.7,2.35,normal,0.75,15.0,7.1,1.6,0.1,0,3.46,3.63,0
V04768,tanker,311.5,45.0,13.5,322179,2801,2022-10-11 00:02:44.642644,2022-10-11 02:06:20.642644,2022-10-11 10:42:20.642644,8.6,2.06,normal,0.95,13.0,9.4,1.1,0.3,0,6.9,1.16,1
V03020,container,186.0,26.5,11.7,132403,2548,2022-10-11 01:15:13.459188,2022-10-11 02:53:37.459188,2022-10-12 00:35:37.459188,21.7,1.64,normal,0.75,19.4,10.8,2.5,0.3,0,5.22,5.65,0
V04360,tanker,126.6,16.9,10.5,91754,2458,2022-10-11 01:53:18.073000,2022-10-11 03:23:18.073000,2022-10-12 06:29:18.073000,27.1,1.5,normal,0.92,11.7,3.7,0.7,0.1,0,4.27,2.23,0
V04050,general,100.7,15.4,7.3,56215,1176,2022-10-11 09:57:59.386911,2022-10-11 12:57:23.386911,2022-10-12 00:15:23.386911,11.3,2.99,normal,0.63,22.2,9.0,2.0,0.0,1,7.8,4.74,1
V01713,general,181.0,29.9,5.7,65636,4088,2022-10-11 11:35:46.100345,2022-10-11 13:02:46.100345,2022-10-11 21:56:46.100345,8.9,1.45,normal,0.77,1.2,6.6,0.0,0.1,0,7.7,2.57,1
V02930,roro,146.3,21.1,9.5,95489,1562,2022-10-12 01:56:40.552232,2022-10-12 06:20:04.552232,2022-10-12 20:14:04.552232,13.9,4.39,normal,0.61,24.1,1.7,2.5,1.0,2,5.39,5.58,0
V05030,bulk,152.6,23.8,12.2,142569,4372,2022-10-12 10:13:14.991157,2022-10-12 12:22:50.991157,2022-10-13 04:58:50.991157,16.6,2.16,normal,0.76,0.0,8.3,0.0,0.4,0,7.39,1.61,1
V03578,bulk,222.8,29.1,7.4,103230,1259,2022-10-12 13:22:14.850891,2022-10-12 14:29:26.850891,2022-10-13 21:05:26.850891,30.6,1.12,high,0.62,11.6,4.7,1.3,0.6,0,6.75,2.95,1
V04834,tanker,196.6,25.9,11.4,141971,959,2022-10-13 00:15:17.848520,2022-10-13 05:03:53.848520,2022-10-14 02:57:53.848520,21.9,4.81,normal,0.9,41.0,10.2,4.1,1.0,2,7.95,4.92,1
V02505,bulk,281.9,43.7,9.6,164288,850,2022-10-13 10:58:25.987670,2022-10-13 12:38:01.987670,2022-10-16 02:32:01.987670,61.9,1.66,normal,0.88,7.3,6.3,0.5,0.8,0,7.35,0.52,1
V02250,container,182.5,25.8,11.1,152519,980,2022-10-13 14:45:35.956921,2022-10-13 17:04:47.956921,2022-10-14 12:52:47.956921,19.8,2.32,normal,0.81,20.2,7.3,2.4,0.1,1,5.96,4.56,1
V04406,tanker,313.0,43.1,9.8,220885,2541,2022-10-13 16:15:48.354077,2022-10-13 19:37:24.354077,2022-10-14 09:07:24.354077,13.5,3.36,normal,0.85,25.1,3.2,2.8,0.2,1,3.73,0.72,0
V03458,roro,210.6,33.0,8.8,130943,1164,2022-10-13 21:06:44.619165,2022-10-13 23:18:44.619165,2022-10-14 09:00:44.619165,9.7,2.2,normal,1.0,31.9,6.7,2.9,0.1,1,4.27,4.33,0
V05780,roro,128.9,18.6,7.1,67348,2434,2022-10-14 00:13:48.084489,2022-10-14 01:14:24.084489,2022-10-14 07:38:24.084489,6.4,1.01,normal,0.8,9.8,7.9,1.5,0.2,0,7.92,5.32,1
V02110,bulk,286.4,46.7,11.1,207980,2947,2022-10-14 01:14:05.289938,2022-10-14 02:56:05.289938,2022-10-15 03:20:05.289938,24.4,1.7,normal,0.78,7.1,5.4,0.7,1.3,0,7.89,3.86,1
V03952,container,340.0,52.0,10.7,258414,3133,2022-10-14 08:15:55.199944,2022-10-14 09:35:43.199944,2022-10-15 02:17:43.199944,16.7,1.33,normal,0.67,13.6,7.5,1.8,1.4,0,2.69,2.51,0
V03053,container,352.9,57.0,12.1,294625,964,2022-10-14 12:48:33.026367,2022-10-14 14:11:21.026367,2022-10-15 14:11:21.026367,24.0,1.38,normal,0.81,9.4,6.7,1.0,0.9,0,7.97,4.45,1
V02204,roro,126.9,18.1,10.5,83416,4220,2022-10-14 14:36:38.033899,2022-10-14 16:01:50.033899,2022-10-15 04:25:50.033899,12.4,1.42,normal,0.58,14.3,9.8,1.3,0.3,0,7.16,0.16,1
V04380,container,272.5,40.5,8.1,136942,988,2022-10-14 17:39:22.027627,2022-10-14 21:03:22.027627,2022-10-15 17:39:22.027627,20.6,3.4,normal,0.48,24.2,5.3,2.2,0.3,1,2.98,1.82,0
V04828,container,333.1,49.3,14.2,293492,690,2022-10-15 03:55:49.695275,2022-10-15 05:04:49.695275,2022-10-15 22:22:49.695275,17.3,1.15,normal,0.63,11.4,7.2,1.8,0.4,0,6.0,0.29,1
V05620,bulk,110.0,15.7,12.7,109788,4162,2022-10-15 09:34:08.251617,2022-10-15 11:21:32.251617,2022-10-17 02:57:32.251617,39.6,1.79,normal,0.8,8.5,8.5,1.5,0.6,0,3.25,5.2,0
V01634,container,372.1,61.5,8.1,192880,4763,2022-10-15 10:05:29.291816,2022-10-15 11:57:41.291816,2022-10-16 01:21:41.291816,13.4,1.87,high,0.81,1.4,9.0,0.6,0.2,0,3.95,2.95,0
V03256,tanker,288.6,39.7,9.6,203939,2250,2022-10-15 10:37:40.667233,2022-10-15 13:51:28.667233,2022-10-17 10:51:28.667233,45.0,3.23,normal,0.77,25.9,8.9,2.3,0.2,1,4.74,2.05,0
V04563,container,203.2,30.8,10.2,142503,786,2022-10-15 20:54:10.023545,2022-10-15 23:32:34.023545,2022-10-16 13:38:34.023545,14.1,2.64,high,0.73,26.2,7.1,2.7,0.1,1,2.24,2.82,0
V03129,bulk,123.5,20.0,7.8,72423,969,2022-10-15 21:42:08.259290,2022-10-16 00:05:32.259290,2022-10-16 16:29:32.259290,16.4,2.39,normal,0.56,25.4,10.8,2.5,0.7,1,2.94,1.85,0
V03942,container,274.4,40.2,9.3,162669,4464,2022-10-16 10:03:43.837488,2022-10-16 11:33:43.837488,2022-10-17 15:39:43.837488,28.1,1.5,normal,0.73,11.4,8.3,0.8,0.6,0,2.89,4.78,0
V04577,roro,242.5,35.7,7.1,108675,1682,2022-10-16 12:04:01.743580,2022-10-16 12:52:01.743580,2022-10-16 23:58:01.743580,11.1,0.8,normal,0.61,5.0,8.5,0.6,2.9,0,5.7,3.61,1
V01439,container,178.3,25.4,14.9,165527,981,2022-10-16 12:04:55.750204,2022-10-16 14:10:55.750204,2022-10-17 04:16:55.750204,14.1,2.1,normal,0.77,22.8,8.5,2.2,0.2,1,5.73,4.74,1
V04519,container,279.3,41.0,11.8,206870,4680,2022-10-16 13:20:59.432830,2022-10-16 14:44:23.432830,2022-10-17 12:56:23.432830,22.2,1.39,normal,0.53,8.9,7.2,0.6,0.0,0,7.32,1.73,1
V02969,container,186.9,25.2,14.1,178393,2004,2022-10-16 16:34:21.190635,2022-10-16 18:13:21.190635,2022-10-18 01:25:21.190635,31.2,1.65,high,0.66,16.5,9.8,1.8,3.4,0,6.75,2.2,1
V03846,container,314.0,41.1,9.1,192830,1873,2022-10-17 12:13:16.192354,2022-10-17 13:39:04.192354,2022-10-18 21:39:04.192354,32.0,1.43,normal,0.71,12.4,8.6,1.7,0.1,0,4.73,6.88,0
V01524,bulk,241.7,36.8,9.2,137863,4123,2022-10-18 00:41:06.919226,2022-10-18 02:39:54.919226,2022-10-19 21:33:54.919226,42.9,1.98,low,1.0,6.8,5.8,0.3,1.3,0,4.83,1.77,0
V03745,bulk,192.8,27.2,9.1,111797,4428,2022-10-18 04:08:03.973585,2022-10-18 05:42:15.973585,2022-10-19 15:00:15.973585,33.3,1.57,normal,0.86,14.6,10.0,1.5,0.8,0,7.98,1.07,1
V01100,container,168.9,24.0,14.8,188440,3311,2022-10-18 05:25:12.490972,2022-10-18 06:42:36.490972,2022-10-18 17:36:36.490972,10.9,1.29,high,1.0,13.0,8.2,1.4,0.9,0,7.15,5.91,1
V05678,bulk,218.1,36.3,12.2,188089,3461,2022-10-18 21:15:24.911548,2022-10-19 00:51:24.911548,2022-10-19 21:51:24.911548,21.0,3.6,high,0.86,20.8,6.5,2.1,0.5,1,2.58,3.39,0
V01321,general,94.5,15.7,8.3,49708,4857,2022-10-18 22:12:59.920867,2022-10-19 00:18:23.920867,2022-10-19 13:18:23.920867,13.0,2.09,normal,0.72,22.3,7.5,2.1,0.7,1,2.03,1.17,0
V02220,general,206.5,27.1,7.7,124882,3659,2022-10-18 22:28:21.563169,2022-10-18 23:19:57.563169,2022-10-20 03:25:57.563169,28.1,0.86,high,0.67,4.8,5.2,0.4,1.3,0,2.0,1.6,0
V03303,container,356.9,50.1,8.6,211116,3178,2022-10-19 04:15:50.600332,2022-10-19 05:20:38.600332,2022-10-19 22:56:38.600332,17.6,1.08,normal,0.54,16.6,3.5,2.1,0.1,0,7.93,1.21,1
V02986,general,93.8,14.5,7.8,46925,4217,2022-10-19 06:33:03.776490,2022-10-19 08:58:51.776490,2022-10-20 11:04:51.776490,26.1,2.43,high,0.66,26.9,9.4,2.3,0.7,1,6.77,4.74,1
V05080,bulk,210.6,32.6,12.1,154022,1872,2022-10-19 06:45:18.269974,2022-10-19 09:13:30.269974,2022-10-20 05:49:30.269974,20.6,2.47,normal,0.67,21.3,5.0,2.5,0.1,1,6.52,6.52,1
V02265,bulk,288.1,38.5,8.4,148556,2771,2022-10-19 08:06:51.702260,2022-10-19 09:51:51.702260,2022-10-20 02:27:51.702260,16.6,1.75,normal,0.66,5.9,9.9,0.8,0.7,0,4.52,3.79,0
V04032,tanker,140.6,21.1,9.1,88577,1362,2022-10-19 10:41:04.191513,2022-10-19 13:23:40.191513,2022-10-20 04:53:40.191513,15.5,2.71,normal,0.62,24.7,8.9,2.2,0.0,1,2.02,2.51,0
V02897,bulk,107.0,14.3,7.2,55111,4387,2022-10-19 16:55:01.943427,2022-10-19 19:37:37.943427,2022-10-23 01:07:37.943427,77.5,2.71,low,0.79,23.1,8.5,2.2,0.1,1,7.99,3.17,1
V03531,container,370.0,57.0,11.9,333122,866,2022-10-20 00:10:41.992235,2022-10-20 01:43:41.992235,2022-10-21 21:01:41.992235,43.3,1.55,normal,0.52,10.5,8.6,1.0,0.8,0,2.29,0.47,0
V02776,bulk,159.6,21.4,10.9,121013,2005,2022-10-20 11:12:15.689529,2022-10-20 12:44:39.689529,2022-10-21 09:26:39.689529,20.7,1.54,normal,0.67,19.9,7.7,2.0,2.7,0,2.09,0.47,0
V01680,general,219.4,32.7,5.4,90091,4050,2022-10-20 22:12:41.800535,2022-10-21 00:14:29.800535,2022-10-21 10:44:29.800535,10.5,2.03,normal,0.72,26.9,12.1,2.9,2.2,1,3.27,7.56,0
V01150,general,82.1,11.8,6.9,34208,1060,2022-10-21 00:20:07.959880,2022-10-21 01:11:43.959880,2022-10-21 13:59:43.959880,12.8,0.86,normal,0.71,0.0,9.2,0.0,0.5,0,2.02,7.04,0
V01420,tanker,303.0,46.8,14.0,288855,1513,2022-10-21 07:43:03.923192,2022-10-21 09:18:27.923192,2022-10-22 04:12:27.923192,18.9,1.59,normal,0.52,3.5,9.0,0.0,0.3,0,7.26,5.38,1
V01972,bulk,156.0,25.3,8.4,95351,3045,2022-10-21 10:56:48.027632,2022-10-21 12:35:12.027632,2022-10-22 12:47:12.027632,24.2,1.64,normal,0.84,16.9,8.7,1.3,2.0,0,2.88,0.71,0
V04552,tanker,200.1,26.5,11.1,163849,1379,2022-10-21 17:47:38.116370,2022-10-21 19:18:14.116370,2022-10-22 02:36:14.116370,7.3,1.51,normal,0.74,7.4,3.1,0.6,0.2,0,7.69,4.04,1
V04795,tanker,322.4,42.9,12.3,260952,2836,2022-10-21 18:57:41.734278,2022-10-21 20:36:41.734278,2022-10-22 18:42:41.734278,22.1,1.65,normal,0.59,18.7,6.6,2.2,0.6,0,7.97,1.98,1
V04790,roro,230.6,37.0,9.0,160424,4116,2022-10-22 02:33:12.583555,2022-10-22 03:41:00.583555,2022-10-22 18:41:00.583555,15.0,1.13,normal,0.85,12.5,9.2,1.8,0.2,0,2.99,5.66,0
V04133,bulk,134.6,21.6,9.0,83060,2513,2022-10-22 02:56:20.132021,2022-10-22 06:43:08.132021,2022-10-23 07:31:08.132021,24.8,3.78,normal,0.56,22.3,9.1,2.1,0.1,1,3.46,5.12,0
V02446,bulk,239.4,37.2,7.1,120396,1491,2022-10-22 03:06:50.028649,2022-10-22 05:29:38.028649,2022-10-22 22:47:38.028649,17.3,2.38,normal,0.73,25.4,7.1,2.3,0.7,1,3.7,6.58,0
V05315,container,167.3,22.1,13.9,167871,3935,2022-10-22 03:58:08.520043,2022-10-22 05:38:56.520043,2022-10-22 23:26:56.520043,17.8,1.68,low,0.63,22.1,9.9,2.0,0.6,1,4.95,3.13,0
V02104,tanker,146.6,23.6,9.3,99961,2743,2022-10-22 14:39:42.219055,2022-10-22 16:00:42.219055,2022-10-23 10:00:42.219055,18.0,1.35,normal,0.79,0.0,3.5,0.6,0.4,0,2.69,0.47,0
V01920,tanker,213.2,30.2,12.0,190112,4127,2022-10-23 00:50:36.732695,2022-10-23 02:45:12.732695,2022-10-23 16:51:12.732695,14.1,1.91,normal,0.99,8.5,10.1,0.6,0.7,0,2.28,1.66,0
V04626,container,171.7,27.3,11.8,147100,3005,2022-10-23 08:20:53.893199,2022-10-23 10:01:41.893199,2022-10-25 02:31:41.893199,40.5,1.68,normal,1.0,9.8,8.1,1.2,0.0,0,7.92,6.7,1
V05452,container,367.5,56.4,10.2,257904,852,2022-10-23 14:38:06.367064,2022-10-23 16:08:06.367064,2022-10-24 05:26:06.367064,13.3,1.5,normal,0.77,5.7,5.3,0.0,0.6,0,2.11,5.47,0
V03471,tanker,249.8,41.8,11.0,200037,4269,2022-10-24 06:31:30.540335,2022-10-24 08:17:42.540335,2022-10-26 04:41:42.540335,44.4,1.77,normal,0.71,4.9,9.6,0.1,0.8,0,6.36,0.78,1
V01646,roro,146.3,23.0,10.4,101665,2946,2022-10-24 10:52:56.956955,2022-10-24 12:03:44.956955,2022-10-24 20:21:44.956955,8.3,1.18,normal,0.9,9.3,7.0,0.8,0.5,0,6.35,0.17,1
V04782,container,321.9,42.8,14.9,363509,1053,2022-10-24 15:08:41.508631,2022-10-24 16:20:41.508631,2022-10-25 15:02:41.508631,22.7,1.2,high,0.52,2.9,9.6,0.3,0.3,0,2.02,3.31,0
V04745,container,330.3,45.7,14.2,287363,1034,2022-10-25 02:49:08.349442,2022-10-25 03:59:56.349442,2022-10-26 21:23:56.349442,41.4,1.18,high,0.88,3.6,6.2,0.3,0.0,0,2.09,6.74,0
V01452,general,128.5,21.7,9.9,83155,684,2022-10-25 03:54:11.025689,2022-10-25 06:07:23.025689,2022-10-25 17:55:23.025689,11.8,2.22,normal,0.73,31.5,8.2,3.1,0.0,1,2.14,4.95,0
V02085,container,217.1,31.2,11.6,179728,741,2022-10-25 07:27:20.386170,2022-10-25 08:35:08.386170,2022-10-26 08:41:08.386170,24.1,1.13,normal,0.83,0.0,7.9,0.0,0.5,0,6.53,1.04,1
V02073,roro,249.8,40.2,10.6,201894,3082,2022-10-25 14:23:29.656697,2022-10-25 16:33:41.656697,2022-10-26 03:15:41.656697,10.7,2.17,normal,0.67,21.6,5.6,2.3,0.7,1,2.64,1.04,0
V03857,bulk,130.9,20.8,8.9,90260,3152,2022-10-25 15:49:44.575295,2022-10-25 16:43:08.575295,2022-10-26 00:07:08.575295,7.4,0.89,normal,0.92,18.8,6.6,2.6,1.4,0,2.01,4.03,0
V05255,container,324.6,48.4,14.4,358785,2999,2022-10-26 01:25:09.944436,2022-10-26 02:58:45.944436,2022-10-26 18:28:45.944436,15.5,1.56,normal,0.84,17.1,9.1,1.8,0.1,0,4.37,4.99,0
V03293,container,304.6,41.8,13.9,328448,2868,2022-10-26 02:11:45.137429,2022-10-26 04:51:57.137429,2022-10-27 04:45:57.137429,23.9,2.67,normal,0.49,20.1,5.7,1.9,0.4,1,3.29,3.88,0
V01681,container,176.1,25.3,8.8,116624,3236,2022-10-26 10:07:08.840556,2022-10-26 12:46:44.840556,2022-10-27 02:10:44.840556,13.4,2.66,normal,0.69,20.8,7.8,1.7,0.7,1,7.99,1.88,1
V01782,tanker,316.0,50.8,9.2,216454,4838,2022-10-27 08:31:45.724908,2022-10-27 10:14:57.724908,2022-10-27 21:26:57.724908,11.2,1.72,normal,0.84,17.8,10.7,1.6,1.4,0,5.8,2.54,1
V04840,container,260.6,40.3,12.3,228060,4964,2022-10-27 15:55:20.692448,2022-10-27 19:14:32.692448,2022-10-28 10:32:32.692448,15.3,3.32,normal,0.96,21.4,8.4,2.8,0.0,1,2.7,3.36,0
V03343,roro,202.5,32.6,8.8,135904,4516,2022-10-27 17:25:57.493221,2022-10-27 18:27:09.493221,2022-10-28 02:09:09.493221,7.7,1.02,normal,0.65,17.6,7.4,1.3,1.8,0,2.01,5.57,0
V02939,container,195.7,30.2,8.9,128474,3663,2022-10-27 21:35:50.067192,2022-10-28 00:14:50.067192,2022-10-28 13:02:50.067192,12.8,2.65,normal,0.64,22.0,7.7,2.3,1.3,1,6.71,5.38,1
V03779,container,231.6,34.6,10.7,157288,4048,2022-10-27 22:33:10.165090,2022-10-28 00:07:58.165090,2022-10-28 10:01:58.165090,9.9,1.58,high,0.82,13.7,8.8,1.4,0.1,0,7.66,6.1,1
V05516,container,355.8,59.5,8.5,211549,753,2022-10-27 23:10:59.598532,2022-10-28 01:00:47.598532,2022-10-28 19:42:47.598532,18.7,1.83,normal,0.68,8.5,7.6,1.0,1.6,0,7.96,0.5,1
V01653,container,161.5,21.5,8.8,106890,2685,2022-10-28 02:08:40.456495,2022-10-28 03:42:16.456495,2022-10-28 15:12:16.456495,11.5,1.56,normal,0.6,9.5,4.0,1.1,1.6,0,5.69,0.06,1
V03848,container,284.1,41.2,10.5,213733,3297,2022-10-28 03:04:14.477588,2022-10-28 04:40:50.477588,2022-10-29 01:22:50.477588,20.7,1.61,normal,0.9,0.0,6.0,0.0,0.3,0,4.29,5.27,0
V05287,bulk,170.3,26.1,7.0,87479,1744,2022-10-28 06:15:11.244280,2022-10-28 08:20:35.244280,2022-10-29 16:32:35.244280,32.2,2.09,normal,0.82,8.3,9.2,0.8,0.8,0,2.12,2.1,0
V03003,roro,181.1,29.8,7.0,84162,1800,2022-10-28 16:55:08.166337,2022-10-28 18:58:08.166337,2022-10-29 02:10:08.166337,7.2,2.05,normal,0.57,26.0,6.1,2.6,0.1,1,2.52,1.46,0
V05406,container,377.4,51.8,14.6,397318,1830,2022-10-28 17:38:16.752035,2022-10-28 19:26:16.752035,2022-10-29 18:20:16.752035,22.9,1.8,normal,0.39,9.0,6.7,1.1,0.0,0,2.08,5.58,0
V05102,container,319.7,49.0,14.2,319948,3897,2022-10-29 05:54:24.962405,2022-10-29 07:32:12.962405,2022-10-30 04:02:12.962405,20.5,1.63,normal,0.7,15.7,7.6,1.5,0.5,0,2.13,1.53,0
V01133,bulk,257.8,41.7,9.7,191172,4359,2022-10-29 13:01:02.133957,2022-10-29 14:19:02.133957,2022-10-30 08:07:02.133957,17.8,1.3,normal,0.9,15.9,9.2,1.9,0.2,0,7.96,5.25,1
V02620,tanker,162.9,21.2,12.5,144524,2305,2022-10-29 22:21:00.498174,2022-10-30 00:01:12.498174,2022-10-30 21:19:12.498174,21.3,1.67,normal,1.0,1.6,8.2,0.1,1.1,0,5.53,2.82,1
V01785,bulk,143.4,20.6,10.5,110139,570,2022-10-30 03:14:40.900667,2022-10-30 06:42:16.900667,2022-10-31 03:42:16.900667,21.0,3.46,normal,0.65,27.2,6.9,2.3,1.3,1,6.4,0.24,1
V03764,container,160.6,24.2,11.2,128467,2580,2022-10-30 09:02:46.446061,2022-10-30 10:24:58.446061,2022-10-31 13:06:58.446061,26.7,1.37,normal,0.64,19.4,7.6,1.8,0.5,0,3.1,0.63,0
V03680,container,247.6,39.1,8.4,164692,3464,2022-10-30 13:57:53.828215,2022-10-30 15:18:17.828215,2022-10-31 04:18:17.828215,13.0,1.34,high,0.88,12.4,6.1,1.3,0.2,0,7.92,2.37,1
V03015,general,114.3,15.4,8.4,70900,1574,2022-10-30 16:32:54.490030,2022-10-30 17:59:54.490030,2022-10-31 12:47:54.490030,18.8,1.45,high,0.77,7.1,8.1,0.8,0.8,0,5.08,1.0,0
V02245,roro,206.4,27.5,9.9,146418,4195,2022-10-30 20:07:23.773017,2022-10-30 22:00:11.773017,2022-10-31 06:24:11.773017,8.4,1.88,normal,0.79,29.3,9.4,2.9,0.1,1,2.07,5.22,0
V01819,tanker,145.2,23.4,13.4,124164,3623,2022-10-30 22:53:09.889679,2022-10-31 00:56:45.889679,2022-10-31 22:38:45.889679,21.7,2.06,normal,0.98,7.3,8.4,0.5,0.2,0,5.13,3.37,0
V03860,tanker,264.2,43.8,12.5,224473,1597,2022-10-31 01:34:31.706800,2022-10-31 03:08:43.706800,2022-10-31 18:08:43.706800,15.0,1.57,normal,0.68,17.6,9.2,1.3,0.5,0,7.96,4.29,1
V02471,container,273.9,44.5,9.1,152989,926,2022-11-01 21:31:16.315164,2022-11-01 23:22:16.315164,2022-11-03 15:22:16.315164,40.0,1.85,normal,0.64,10.5,6.9,0.8,0.4,0,2.02,4.11,0
V04100,general,216.9,36.6,8.4,119807,4168,2022-11-01 23:13:05.678885,2022-11-02 00:55:05.678885,2022-11-02 09:43:05.678885,8.8,1.7,normal,0.89,24.0,7.3,2.5,0.9,1,3.31,4.79,0
V01988,bulk,169.0,28.4,7.6,99019,853,2022-11-02 04:56:44.652440,2022-11-02 07:26:44.652440,2022-11-03 00:08:44.652440,16.7,2.5,high,0.62,27.4,8.4,2.9,1.1,1,7.23,2.96,1
V04239,container,246.9,39.9,10.3,190610,2113,2022-11-02 05:03:32.347382,2022-11-02 06:44:56.347382,2022-11-02 15:32:56.347382,8.8,1.69,normal,0.59,18.3,9.2,2.5,0.3,0,7.11,3.45,1
V03514,container,322.3,51.0,10.1,219313,4109,2022-11-02 07:43:09.997434,2022-11-02 09:16:45.997434,2022-11-03 01:10:45.997434,15.9,1.56,normal,0.67,14.6,8.8,1.4,0.1,0,3.39,1.86,0
V04857,roro,240.3,40.7,9.3,142457,3791,2022-11-02 09:03:33.760379,2022-11-02 11:43:45.760379,2022-11-02 22:31:45.760379,10.8,2.67,low,0.66,20.7,5.9,2.1,1.5,1,2.16,3.35,0
V05388,tanker,182.8,30.0,12.2,163187,724,2022-11-02 11:14:58.941835,2022-11-02 14:47:58.941835,2022-11-03 06:23:58.941835,15.6,3.55,normal,0.77,22.1,10.4,1.5,1.0,1,2.88,5.6,0
V01776,container,248.0,39.2,8.9,152572,2890,2022-11-02 13:42:14.703439,2022-11-02 15:05:02.703439,2022-11-03 10:59:02.703439,19.9,1.38,normal,0.85,17.3,7.0,1.0,1.2,0,6.33,0.9,1
V05085,tanker,293.1,45.1,13.2,244147,4183,2022-11-02 17:40:56.826104,2022-11-02 20:43:56.826104,2022-11-03 23:37:56.826104,26.9,3.05,normal,0.6,21.1,8.5,2.1,0.1,1,6.86,4.76,1
V04536,container,302.3,48.2,14.1,331874,4683,2022-11-03 05:06:47.091512,2022-11-03 06:34:23.091512,2022-11-04 20:04:23.091512,37.5,1.46,normal,0.82,13.3,9.1,1.8,0.5,0,7.75,1.36,1
V02881,bulk,165.4,23.8,10.0,132128,2109,2022-11-03 07:12:10.095430,2022-11-03 11:21:10.095430,2022-11-04 04:45:10.095430,17.4,4.15,normal,0.78,23.8,8.2,2.9,0.6,1,5.3,4.9,0
V03367,general,192.0,25.1,5.6,77015,4053,2022-11-03 11:37:01.171259,2022-11-03 13:59:13.171259,2022-11-04 05:35:13.171259,15.6,2.37,high,0.89,27.6,8.1,2.8,0.6,1,2.47,4.58,0
V03621,tanker,313.3,41.7,10.2,255650,3610,2022-11-03 13:55:09.997182,2022-11-03 16:40:09.997182,2022-11-04 09:22:09.997182,16.7,2.75,normal,0.74,21.3,8.6,1.9,0.1,1,5.48,3.39,0
V04155,tanker,324.5,45.9,9.2,195920,4921,2022-11-04 00:57:09.377974,2022-11-04 02:35:33.377974,2022-11-04 15:41:33.377974,13.1,1.64,normal,0.87,19.0,7.0,2.2,0.2,0,3.48,3.98,0
V03695,general,164.7,25.1,9.3,115544,1824,2022-11-04 01:52:46.393908,2022-11-04 03:33:34.393908,2022-11-04 13:57:34.393908,10.4,1.68,normal,0.67,13.8,7.6,1.4,0.6,0,4.82,3.31,0
V02207,container,224.0,32.5,14.0,235075,1288,2022-11-04 10:46:39.730077,2022-11-04 12:36:27.730077,2022-11-04 22:00:27.730077,9.4,1.83,normal,0.92,9.3,7.2,1.4,0.1,0,2.1,2.84,0
V02248,general,148.4,21.6,8.7,86429,4286,2022-11-05 00:25:38.015336,2022-11-05 02:58:02.015336,2022-11-05 12:52:02.015336,9.9,2.54,normal,1.0,32.4,5.8,3.1,0.4,1,2.2,2.71,0
V02464,container,208.3,29.8,8.7,128239,4882,2022-11-05 01:30:11.766213,2022-11-05 02:55:23.766213,2022-11-05 13:25:23.766213,10.5,1.42,normal,0.77,13.1,6.9,1.3,0.1,0,3.17,5.76,0
V05609,general,118.0,19.1,7.2,66803,3227,2022-11-05 04:35:15.687433,2022-11-05 05:58:03.687433,2022-11-06 01:10:03.687433,19.2,1.38,normal,0.64,10.5,7.6,0.4,0.6,0,7.36,3.52,1
V03470,container,241.3,34.2,12.5,214496,4547,2022-11-05 07:20:54.498790,2022-11-05 08:44:54.498790,2022-11-05 21:02:54.498790,12.3,1.4,normal,0.85,16.5,7.3,1.8,0.2,0,7.23,0.12,1
V03971,bulk,134.6,18.4,9.6,85469,1714,2022-11-05 12:39:41.081706,2022-11-05 14:47:29.081706,2022-11-06 14:29:29.081706,23.7,2.13,normal,0.77,17.0,6.5,1.9,0.6,0,2.12,5.61,0
V01298,container,159.1,25.6,8.2,81785,2605,2022-11-05 14:21:39.911778,2022-11-05 17:26:27.911778,2022-11-06 04:08:27.911778,10.7,3.08,normal,0.68,32.5,7.3,2.5,0.5,1,3.76,2.39,0
V02880,roro,103.9,15.5,7.1,50190,3331,2022-11-05 16:14:44.155769,2022-11-05 17:39:56.155769,2022-11-06 05:27:56.155769,11.8,1.42,high,0.63,0.0,11.7,0.2,0.5,0,6.52,4.27,1
V04086,container,375.8,55.7,9.4,281639,638,2022-11-05 19:37:07.339767,2022-11-05 22:05:55.339767,2022-11-06 10:23:55.339767,12.3,2.48,high,0.65,28.6,5.0,3.1,0.3,1,7.35,1.15,1
V05491,bulk,216.0,36.2,8.0,115048,1707,2022-11-06 06:55:38.652080,2022-11-06 09:01:02.652080,2022-11-07 04:13:02.652080,19.2,2.09,normal,0.78,15.4,7.3,1.7,2.4,0,7.98,2.93,1
V01402,bulk,234.3,35.0,8.0,140150,4401,2022-11-06 12:29:53.646078,2022-11-06 15:30:29.646078,2022-11-08 11:00:29.646078,43.5,3.01,normal,0.79,25.9,8.3,2.6,0.2,1,2.06,2.41,0
V05817,tanker,243.6,34.2,10.6,196440,2797,2022-11-06 12:40:36.960305,2022-11-06 15:52:00.960305,2022-11-07 09:16:00.960305,17.4,3.19,normal,0.73,20.5,7.8,2.4,0.3,1,2.02,0.1,0
V02432,bulk,173.6,26.8,11.4,144614,1448,2022-11-06 21:36:09.881882,2022-11-06 23:13:21.881882,2022-11-07 20:25:21.881882,21.2,1.62,normal,0.63,12.9,7.9,1.4,3.8,0,5.89,1.8,1
V03979,bulk,280.2,40.2,10.2,215880,818,2022-11-07 00:27:41.228611,2022-11-07 02:16:17.228611,2022-11-07 16:40:17.228611,14.4,1.81,normal,0.73,9.8,7.9,0.8,0.1,0,2.27,1.82,0
V02892,roro,149.1,25.3,8.1,81383,2148,2022-11-07 01:23:47.476197,2022-11-07 03:04:35.476197,2022-11-07 11:10:35.476197,8.1,1.68,normal,0.68,24.3,6.7,2.4,0.7,1,2.0,4.49,0
V05701,roro,209.4,32.8,7.2,101504,1050,2022-11-07 19:35:01.019116,2022-11-07 21:08:01.019116,2022-11-08 07:26:01.019116,10.3,1.55,normal,0.61,19.1,8.0,2.0,0.4,0,7.96,2.06,1
V02098,general,106.1,14.6,6.4,49899,3588,2022-11-08 14:24:47.307235,2022-11-08 18:01:59.307235,2022-11-09 03:25:59.307235,9.4,3.62,normal,0.71,31.4,2.4,3.0,0.5,2,2.0,1.53,0
V01084,bulk,260.6,37.1,10.2,191934,3723,2022-11-08 22:27:35.508814,2022-11-09 00:13:11.508814,2022-11-09 19:07:11.508814,18.9,1.76,normal,0.55,4.3,7.3,0.5,0.7,0,6.88,3.32,1
V03630,bulk,165.9,21.8,7.0,87510,877,2022-11-09 01:17:41.613451,2022-11-09 04:42:17.613451,2022-11-10 03:42:17.613451,23.0,3.41,normal,0.74,23.1,6.6,2.8,1.6,1,2.94,4.65,0
V01710,bulk,158.1,25.2,8.4,79891,2927,2022-11-09 04:24:53.437626,2022-11-09 08:08:41.437626,2022-11-10 02:32:41.437626,18.4,3.73,normal,0.64,23.7,10.9,1.8,0.6,1,2.84,1.45,0
V04356,container,223.8,37.0,14.8,202070,2759,2022-11-09 07:59:36.146978,2022-11-09 09:20:36.146978,2022-11-10 09:32:36.146978,24.2,1.35,normal,0.72,15.2,4.6,0.9,0.4,0,7.54,1.82,1
V01319,tanker,186.0,24.4,13.8,183772,1249,2022-11-10 07:37:44.096896,2022-11-10 09:29:20.096896,2022-11-11 09:23:20.096896,23.9,1.86,normal,0.81,10.2,8.7,1.0,0.2,0,6.22,1.84,1
V01016,tanker,126.4,20.6,9.2,78150,1072,2022-11-10 18:18:14.781353,2022-11-10 19:38:38.781353,2022-11-12 08:56:38.781353,37.3,1.34,normal,0.65,18.0,8.7,1.8,0.1,0,3.68,5.73,0
V03063,tanker,161.9,27.0,12.8,142653,1601,2022-11-10 18:38:59.404542,2022-11-10 20:12:35.404542,2022-11-11 22:18:35.404542,26.1,1.56,normal,0.89,5.3,6.4,0.6,0.0,0,4.17,5.46,0
V03677,tanker,323.6,53.7,9.0,199978,3488,2022-11-10 18:46:34.483460,2022-11-10 20:30:58.483460,2022-11-11 10:18:58.483460,13.8,1.74,normal,0.48,18.9,9.9,1.8,0.1,0,4.36,6.52,0
V05856,bulk,251.2,36.3,8.6,132206,1087,2022-11-10 22:21:38.682825,2022-11-11 01:15:38.682825,2022-11-12 00:33:38.682825,23.3,2.9,normal,0.67,36.7,8.6,3.2,0.1,1,8.0,3.74,1
V05597,container,203.1,27.0,11.5,181699,3989,2022-11-11 01:32:08.091785,2022-11-11 02:35:44.091785,2022-11-11 23:17:44.091785,20.7,1.06,low,0.84,9.3,7.0,1.4,3.1,0,4.79,1.81,0
V02654,bulk,203.1,33.0,8.0,102217,2664,2022-11-11 01:41:50.266444,2022-11-11 03:51:26.266444,2022-11-12 02:51:26.266444,23.0,2.16,normal,0.82,30.4,6.8,3.5,1.1,1,4.55,4.5,0
V03201,roro,233.3,30.6,6.5,120602,4804,2022-11-11 02:08:46.651013,2022-11-11 03:24:22.651013,2022-11-11 12:36:22.651013,9.2,1.26,normal,0.55,12.2,7.4,1.2,0.6,0,3.89,4.83,0
V02399,tanker,225.5,36.8,10.7,179889,2271,2022-11-11 07:50:51.391721,2022-11-11 09:47:51.391721,2022-11-12 03:23:51.391721,17.6,1.95,normal,0.82,5.2,8.0,0.2,1.5,0,5.38,3.28,0
V05042,bulk,223.0,34.4,12.8,196888,601,2022-11-11 07:57:50.749510,2022-11-11 09:44:02.749510,2022-11-12 01:38:02.749510,15.9,1.77,normal,0.87,5.9,10.6,0.4,0.9,0,5.55,1.77,1
V05624,container,265.4,38.2,9.5,153264,4056,2022-11-11 15:44:23.391102,2022-11-11 18:10:47.391102,2022-11-12 12:52:47.391102,18.7,2.44,low,1.0,34.8,6.7,4.3,0.7,1,2.5,7.99,0
V02697,container,229.1,34.4,14.1,209340,2230,2022-11-11 15:45:06.133132,2022-11-11 17:08:30.133132,2022-11-12 07:44:30.133132,14.6,1.39,high,0.76,19.3,7.5,2.1,0.3,0,2.49,2.21,0
V02025,bulk,271.8,37.7,9.8,209607,4085,2022-11-11 16:20:39.022499,2022-11-11 18:25:27.022499,2022-11-13 19:01:27.022499,48.6,2.08,normal,0.62,10.1,8.6,1.2,0.2,0,2.12,0.84,0
V01171,tanker,323.4,43.0,12.0,238714,4781,2022-11-11 18:29:33.192599,2022-11-11 20:30:45.192599,2022-11-12 15:30:45.192599,19.0,2.02,normal,0.87,12.6,7.1,1.6,0.5,0,2.92,0.7,0
V04721,container,298.1,43.5,8.7,183962,3694,2022-11-12 00:01:45.731625,2022-11-12 03:33:33.731625,2022-11-12 14:03:33.731625,10.5,3.53,normal,0.87,23.8,8.2,2.5,2.9,1,7.67,1.45,1
V05796,general,192.2,26.2,5.6,71489,3114,2022-11-12 00:38:00.263496,2022-11-12 01:48:12.263496,2022-11-12 10:18:12.263496,8.5,1.17,normal,0.96,6.4,6.8,0.7,0.4,0,7.14,2.21,1
V02386,container,179.5,28.3,13.3,172361,684,2022-11-12 04:26:34.447410,2022-11-12 07:19:58.447410,2022-11-13 06:55:58.447410,23.6,2.89,normal,0.69,27.1,7.8,2.4,0.2,1,2.28,1.15,0
V01873,container,241.2,31.7,8.8,155235,3246,2022-11-13 07:00:27.076159,2022-11-13 09:25:39.076159,2022-11-14 04:19:39.076159,18.9,2.42,normal,0.63,24.8,10.1,2.4,0.1,1,2.31,4.29,0
V01512,container,365.4,55.9,10.6,293747,1959,2022-11-13 09:15:53.271941,2022-11-13 11:47:05.271941,2022-11-14 01:23:05.271941,13.6,2.52,normal,0.61,20.3,6.1,2.2,1.0,1,5.1,8.01,0
V01271,bulk,178.7,24.4,10.3,135883,1254,2022-11-13 10:05:34.205732,2022-11-13 12:06:10.205732,2022-11-14 04:54:10.205732,16.8,2.01,low,0.62,17.3,3.7,2.1,1.0,0,6.31,3.2,1
V01136,roro,117.4,16.7,10.8,98604,3213,2022-11-13 17:21:09.386789,2022-11-13 18:10:57.386789,2022-11-13 23:34:57.386789,5.4,0.83,normal,1.0,5.1,8.7,1.0,0.1,0,2.49,2.56,0
V04002,tanker,142.2,22.1,9.6,84166,1198,2022-11-14 04:28:21.326636,2022-11-14 07:27:45.326636,2022-11-14 20:51:45.326636,13.4,2.99,normal,0.95,33.2,8.4,2.8,0.6,1,4.0,3.07,0
V02893,tanker,225.9,31.8,10.1,144680,755,2022-11-14 12:56:21.527777,2022-11-14 15:59:21.527777,2022-11-15 04:11:21.527777,12.2,3.05,high,1.0,29.3,9.7,2.9,0.1,1,7.99,2.86,1
V05375,container,277.0,36.8,9.9,175155,4001,2022-11-14 23:17:30.160998,2022-11-15 02:28:18.160998,2022-11-15 17:16:18.160998,14.8,3.18,high,0.76,22.1,7.7,2.5,0.1,1,6.31,2.92,1
V04409,general,129.1,21.6,9.0,84196,3778,2022-11-15 13:48:22.541760,2022-11-15 15:12:58.541760,2022-11-16 05:30:58.541760,14.3,1.41,normal,0.96,16.1,8.5,1.8,0.4,0,8.0,4.4,1
V05927,general,91.0,13.9,7.0,48408,4423,2022-11-15 16:25:27.774225,2022-11-15 18:00:15.774225,2022-11-16 07:54:15.774225,13.9,1.58,high,0.59,10.6,6.0,1.0,0.3,0,5.86,4.39,1
V04085,container,321.9,49.2,10.5,216325,3262,2022-11-15 17:16:57.724800,2022-11-15 18:39:09.724800,2022-11-16 06:45:09.724800,12.1,1.37,low,0.74,12.8,6.7,1.4,0.3,0,4.57,2.12,0
V01379,general,90.6,13.3,9.1,59296,903,2022-11-15 20:38:34.214321,2022-11-15 21:57:10.214321,2022-11-16 10:09:10.214321,12.2,1.31,normal,0.72,11.7,7.1,1.6,2.0,0,2.11,4.08,0
V04047,container,361.9,61.2,11.7,292104,2987,2022-11-15 21:04:06.792841,2022-11-15 23:32:54.792841,2022-11-16 23:20:54.792841,23.8,2.48,normal,0.7,22.0,8.8,2.1,0.2,1,2.35,0.28,0
V02683,roro,165.4,26.0,8.1,100951,2640,2022-11-15 22:00:45.209150,2022-11-16 00:19:21.209150,2022-11-16 07:49:21.209150,7.5,2.31,high,0.76,22.3,6.2,1.9,0.2,1,3.3,3.56,0
V01862,general,208.8,30.2,7.1,112734,2883,2022-11-15 23:26:16.125977,2022-11-16 01:47:16.125977,2022-11-16 22:41:16.125977,20.9,2.35,normal,0.76,29.0,8.0,2.9,0.1,1,5.36,1.05,0
V04437,tanker,135.0,18.3,12.3,108919,1770,2022-11-16 00:05:40.817784,2022-11-16 02:42:16.817784,2022-11-17 19:54:16.817784,41.2,2.61,normal,0.71,21.9,7.5,2.0,0.2,1,6.31,2.49,1
V02385,bulk,180.9,23.8,12.6,167923,4330,2022-11-16 03:20:57.480437,2022-11-16 05:09:33.480437,2022-11-17 02:45:33.480437,21.6,1.81,normal,0.76,12.2,7.7,0.9,0.4,0,7.59,3.32,1
V04778,tanker,239.9,38.2,12.8,227758,4461,2022-11-16 11:54:57.945299,2022-11-16 15:15:21.945299,2022-11-17 06:03:21.945299,14.8,3.34,normal,0.98,23.3,6.9,2.3,1.5,1,5.48,1.51,0
V04603,roro,227.9,37.0,10.0,177337,4393,2022-11-16 14:26:11.925526,2022-11-16 15:35:11.925526,2022-11-16 22:35:11.925526,7.0,1.15,normal,0.95,9.1,6.2,0.8,0.6,0,7.97,5.6,1
V01624,tanker,254.7,33.4,10.0,174909,3063,2022-11-17 01:23:08.659677,2022-11-17 02:56:08.659677,2022-11-18 17:20:08.659677,38.4,1.55,high,0.54,18.5,10.8,2.3,0.1,0,6.94,4.55,1
V04720,general,96.0,15.2,5.7,43350,1041,2022-11-17 08:17:38.323516,2022-11-17 10:43:26.323516,2022-11-17 18:43:26.323516,8.0,2.43,normal,0.79,21.7,6.7,2.7,1.4,1,2.38,2.71,0
V01718,container,332.1,48.7,14.7,385904,4207,2022-11-17 12:47:53.615145,2022-11-17 13:51:29.615145,2022-11-19 06:33:29.615145,40.7,1.06,normal,0.77,15.2,11.1,1.4,0.0,0,5.6,1.94,1
V02647,container,298.3,49.0,8.9,194593,3698,2022-11-17 18:31:07.467171,2022-11-17 20:05:19.467171,2022-11-18 10:59:19.467171,14.9,1.57,normal,0.63,14.9,13.6,2.0,0.2,0,5.12,0.86,0
V04322,tanker,229.5,36.2,10.7,171967,3102,2022-11-17 21:56:18.157868,2022-11-17 23:34:42.157868,2022-11-18 22:22:42.157868,22.8,1.64,normal,0.83,11.6,7.6,1.4,0.9,0,2.02,1.91,0
V04779,bulk,218.4,32.9,7.9,120205,4265,2022-11-17 23:37:43.959190,2022-11-18 01:43:07.959190,2022-11-19 01:01:07.959190,23.3,2.09,normal,1.0,13.2,3.9,1.4,0.3,0,3.32,1.9,0
V05599,tanker,233.3,35.8,12.5,177865,4900,2022-11-18 08:01:42.894079,2022-11-18 11:23:18.894079,2022-11-19 11:17:18.894079,23.9,3.36,high,0.89,20.7,8.2,1.9,1.0,1,3.51,5.11,0
V01743,container,211.1,30.4,8.7,111537,1339,2022-11-18 08:37:01.246782,2022-11-18 10:15:25.246782,2022-11-18 23:51:25.246782,13.6,1.64,normal,0.68,10.4,9.9,1.5,0.7,0,2.81,1.09,0
V02512,bulk,105.4,17.1,12.8,83481,4998,2022-11-18 10:11:15.151238,2022-11-18 11:49:03.151238,2022-11-20 00:25:03.151238,36.6,1.63,normal,0.6,19.5,7.3,1.9,0.7,0,2.0,1.61,0
V04629,tanker,228.7,33.5,14.0,203589,4249,2022-11-18 12:15:09.890893,2022-11-18 14:07:57.890893,2022-11-19 08:49:57.890893,18.7,1.88,normal,0.51,18.4,5.7,1.7,0.7,0,3.61,1.05,0
V03061,tanker,267.6,43.7,12.9,225653,3591,2022-11-18 19:32:41.379291,2022-11-18 21:06:53.379291,2022-11-20 01:12:53.379291,28.1,1.57,normal,1.0,17.3,5.4,1.3,0.6,0,4.78,3.42,0
V03314,container,345.4,53.9,11.2,275834,984,2022-11-18 21:36:01.381816,2022-11-18 22:51:01.381816,2022-11-19 15:45:01.381816,16.9,1.25,normal,0.3,12.5,10.4,1.3,0.6,0,2.31,4.78,0
V02284,bulk,143.0,18.9,8.7,82209,1943,2022-11-18 21:45:30.298759,2022-11-19 01:13:42.298759,2022-11-20 02:07:42.298759,24.9,3.47,high,0.77,20.9,5.2,2.5,0.3,1,2.21,6.15,0
V02334,tanker,185.0,30.1,12.4,156930,4551,2022-11-19 04:54:02.608433,2022-11-19 07:22:50.608433,2022-11-19 23:40:50.608433,16.3,2.48,normal,0.89,24.6,5.5,2.3,1.0,1,7.98,2.8,1
V05457,bulk,162.1,21.9,10.1,112796,3800,2022-11-19 06:48:08.946489,2022-11-19 08:14:32.946489,2022-11-20 11:32:32.946489,27.3,1.44,normal,0.86,5.4,7.2,0.0,1.0,0,6.45,0.14,1
V04945,bulk,124.9,18.1,11.4,101619,3804,2022-11-19 15:15:45.181477,2022-11-19 16:43:57.181477,2022-11-20 12:55:57.181477,20.2,1.47,low,0.8,18.9,7.6,1.9,0.5,0,6.79,0.64,1
V05913,bulk,141.2,19.3,7.6,74416,622,2022-11-19 16:32:32.719748,2022-11-19 17:51:08.719748,2022-11-21 00:15:08.719748,30.4,1.31,normal,0.72,17.8,9.0,1.4,0.1,0,7.88,1.0,1
V05674,general,108.5,17.2,9.5,78973,3646,2022-11-19 17:11:26.191545,2022-11-19 18:45:02.191545,2022-11-20 01:27:02.191545,6.7,1.56,normal,0.63,10.7,5.8,1.3,0.0,0,8.0,1.15,1
V02274,container,296.7,46.7,14.7,342521,4029,2022-11-19 17:33:51.146681,2022-11-19 20:05:03.146681,2022-11-20 10:17:03.146681,14.2,2.52,normal,0.75,29.7,9.4,2.9,1.4,1,7.92,3.16,1
V03596,general,210.9,34.2,5.5,84562,1538,2022-11-19 21:11:22.842981,2022-11-19 23:11:58.842981,2022-11-20 18:35:58.842981,19.4,2.01,low,0.54,24.3,7.6,2.4,0.9,1,3.56,0.97,0
V02952,roro,210.0,34.3,7.9,115787,4428,2022-11-19 21:31:09.355912,2022-11-19 22:25:45.355912,2022-11-20 05:31:45.355912,7.1,0.91,normal,0.87,11.1,8.1,1.2,0.2,0,3.14,3.37,0
V05041,container,200.2,28.0,12.3,193791,2057,2022-11-19 23:00:23.748324,2022-11-20 00:52:35.748324,2022-11-21 03:16:35.748324,26.4,1.87,normal,1.0,0.0,9.7,0.0,2.0,0,2.03,0.76,0
V01149,container,299.9,42.8,13.2,288575,2278,2022-11-20 08:31:22.190116,2022-11-20 09:49:22.190116,2022-11-21 20:01:22.190116,34.2,1.3,high,0.76,9.8,8.9,0.6,1.3,0,5.12,1.0,0
V02864,bulk,292.8,47.2,10.9,212269,1150,2022-11-20 09:35:35.072257,2022-11-20 11:38:35.072257,2022-11-21 04:38:35.072257,17.0,2.05,low,0.94,10.1,4.0,1.3,1.2,0,3.55,1.36,0
V02507,bulk,126.8,17.4,9.3,76999,3679,2022-11-20 20:21:16.574708,2022-11-20 22:26:04.574708,2022-11-21 15:44:04.574708,17.3,2.08,normal,0.92,13.0,7.7,1.6,0.1,0,5.96,2.84,1
V01662,tanker,270.1,42.3,12.6,263467,4415,2022-11-21 05:02:14.288927,2022-11-21 08:13:38.288927,2022-11-21 18:31:38.288927,10.3,3.19,normal,0.74,31.9,9.8,3.5,0.0,1,7.41,0.79,1
V05499,roro,159.2,24.8,10.9,133115,2272,2022-11-21 06:23:50.603737,2022-11-21 07:29:14.603737,2022-11-21 13:53:14.603737,6.4,1.09,normal,0.7,18.2,7.7,2.2,0.1,0,8.0,3.96,1
V05930,bulk,291.6,48.3,8.1,176524,3261,2022-11-21 16:04:41.761791,2022-11-21 19:10:41.761791,2022-11-22 10:10:41.761791,15.0,3.1,normal,0.81,32.1,10.4,3.7,1.0,1,5.72,5.22,1
V02144,general,103.2,14.2,5.3,35746,1770,2022-11-21 16:55:29.292400,2022-11-21 19:27:17.292400,2022-11-22 04:27:17.292400,9.0,2.53,normal,0.75,22.3,6.4,2.5,0.1,1,6.87,3.15,1
V04993,tanker,215.9,29.0,10.2,165310,3349,2022-11-21 20:50:05.098394,2022-11-21 22:32:05.098394,2022-11-22 13:08:05.098394,14.6,1.7,normal,0.77,7.6,8.7,1.1,1.1,0,6.41,1.98,1
V04808,bulk,229.1,31.0,9.6,132222,634,2022-11-22 02:11:05.453533,2022-11-22 05:31:29.453533,2022-11-23 04:19:29.453533,22.8,3.34,normal,0.41,25.7,8.7,3.1,0.1,1,2.61,4.31,0
V04342,bulk,151.0,22.0,7.4,83404,1462,2022-11-22 22:21:59.053085,2022-11-23 01:36:23.053085,2022-11-24 10:24:23.053085,32.8,3.24,normal,1.0,26.3,8.6,3.2,1.3,1,5.35,1.84,0
V01936,bulk,162.8,25.2,9.2,112707,3810,2022-11-22 22:37:23.576961,2022-11-23 02:02:35.576961,2022-11-25 18:02:35.576961,64.0,3.42,normal,0.75,25.3,9.5,3.5,1.5,1,4.96,5.58,0
V02903,bulk,283.5,47.3,9.2,178575,4346,2022-11-22 23:28:53.364429,2022-11-23 00:51:05.364429,2022-11-23 20:33:05.364429,19.7,1.37,normal,0.67,1.4,8.1,0.0,0.4,0,3.7,0.92,0
V04517,general,152.9,23.9,6.3,75261,2110,2022-11-23 09:50:05.405672,2022-11-23 11:41:41.405672,2022-11-24 06:11:41.405672,18.5,1.86,normal,0.76,29.1,11.2,2.7,0.1,1,6.67,3.15,1
V04041,container,313.2,48.3,10.4,241840,2437,2022-11-23 19:20:44.562530,2022-11-23 20:55:32.562530,2022-11-25 22:07:32.562530,49.2,1.58,normal,0.53,19.8,7.0,2.1,0.1,0,7.66,5.64,1
V05203,tanker,163.1,22.1,11.4,122893,1839,2022-11-24 01:07:48.487061,2022-11-24 02:22:48.487061,2022-11-25 06:34:48.487061,28.2,1.25,normal,0.64,8.3,9.6,0.6,1.4,0,2.69,0.13,0
V04729,general,165.6,22.7,9.1,117785,762,2022-11-24 01:26:26.795261,2022-11-24 02:22:50.795261,2022-11-24 12:16:50.795261,9.9,0.94,normal,1.0,18.6,8.4,1.8,0.3,0,2.42,3.62,0
V04471,general,214.6,33.1,5.7,93248,4204,2022-11-24 02:01:37.392291,2022-11-24 03:05:49.392291,2022-11-24 10:35:49.392291,7.5,1.07,high,0.75,5.1,7.0,0.6,0.3,0,2.09,4.38,0
V04594,general,140.5,19.4,5.8,53439,1212,2022-11-24 08:49:59.803715,2022-11-24 10:19:23.803715,2022-11-25 04:13:23.803715,17.9,1.49,normal,0.76,17.7,7.0,1.8,1.2,0,7.99,6.05,1
V02200,container,278.4,46.4,10.9,235486,2675,2022-11-24 18:33:43.541771,2022-11-24 19:40:55.541771,2022-11-25 05:58:55.541771,10.3,1.12,normal,0.66,8.0,8.3,0.5,1.0,0,5.84,3.38,1
V05027,tanker,206.7,32.0,10.5,133979,4054,2022-11-25 05:25:23.301547,2022-11-25 07:09:11.301547,2022-11-26 08:27:11.301547,25.3,1.73,normal,0.49,5.4,7.8,0.3,0.3,0,3.57,0.98,0
V02333,tanker,289.2,46.2,10.9,244852,3951,2022-11-25 18:32:22.909042,2022-11-25 21:29:22.909042,2022-11-26 21:23:22.909042,23.9,2.95,high,0.66,22.6,9.9,2.4,0.9,1,4.61,2.89,0
V03245,tanker,142.7,18.9,13.8,135413,2916,2022-11-25 19:16:22.815768,2022-11-25 20:39:46.815768,2022-11-26 20:39:46.815768,24.0,1.39,normal,0.53,14.3,8.1,1.1,0.3,0,5.71,5.26,1
V04238,bulk,215.7,35.9,8.6,126833,4955,2022-11-26 00:04:44.998803,2022-11-26 01:53:20.998803,2022-11-27 01:41:20.998803,23.8,1.81,normal,0.93,16.8,9.8,1.6,0.3,0,6.35,2.55,1
V01837,tanker,151.5,21.7,12.9,140375,3720,2022-11-26 04:36:25.499255,2022-11-26 06:22:01.499255,2022-11-26 14:52:01.499255,8.5,1.76,low,0.95,4.6,10.6,0.6,0.4,0,2.1,1.9,0
V02186,roro,146.6,21.8,7.8,81455,4139,2022-11-26 13:38:11.561948,2022-11-26 15:00:23.561948,2022-11-27 02:12:23.561948,11.2,1.37,normal,0.7,15.1,9.2,1.5,0.1,0,4.64,0.25,0
V01924,tanker,248.5,34.7,11.1,185858,3164,2022-11-27 17:50:39.066215,2022-11-27 19:15:15.066215,2022-11-28 07:45:15.066215,12.5,1.41,normal,0.91,12.1,11.7,1.3,0.4,0,2.11,3.39,0
V01137,container,194.8,28.0,8.4,107023,4849,2022-11-28 01:19:04.054646,2022-11-28 02:46:40.054646,2022-11-29 08:10:40.054646,29.4,1.46,normal,0.37,1.2,9.1,0.0,0.5,0,6.81,2.43,1
V05299,container,184.7,30.0,11.6,131011,4244,2022-11-28 05:53:46.431597,2022-11-28 08:30:58.431597,2022-11-28 23:24:58.431597,14.9,2.62,normal,0.77,22.1,11.3,2.0,0.3,1,2.01,1.74,0
V04321,tanker,250.3,35.7,10.9,210695,554,2022-11-28 13:02:11.737918,2022-11-28 14:28:35.737918,2022-11-29 08:52:35.737918,18.4,1.44,normal,0.84,12.0,10.9,1.2,0.8,0,7.52,2.78,1
V04257,container,151.8,20.6,13.2,141091,572,2022-11-28 14:20:46.433569,2022-11-28 15:47:46.433569,2022-11-29 23:29:46.433569,31.7,1.45,low,0.63,5.5,10.4,0.4,0.6,0,5.98,3.59,1
V01163,bulk,242.5,33.3,11.9,194554,4559,2022-11-28 17:01:27.120830,2022-11-28 18:39:51.120830,2022-11-30 08:27:51.120830,37.8,1.64,normal,0.63,12.2,10.4,1.3,0.5,0,2.43,4.05,0
V05063,tanker,140.4,21.0,10.5,104232,3233,2022-11-29 11:03:35.848178,2022-11-29 12:43:47.848178,2022-11-30 00:01:47.848178,11.3,1.67,normal,0.91,13.1,8.5,1.3,0.2,0,7.02,3.14,1
V03678,general,182.4,26.4,8.2,96515,2822,2022-11-29 11:37:56.885606,2022-11-29 14:25:20.885606,2022-11-30 06:13:20.885606,15.8,2.79,normal,0.86,27.2,6.6,2.9,0.4,1,7.57,5.33,1
V05043,container,372.9,55.9,10.3,254873,2634,2022-11-29 12:06:21.249646,2022-11-29 13:26:45.249646,2022-11-30 09:08:45.249646,19.7,1.34,normal,0.71,10.3,4.8,1.5,0.1,0,7.87,3.17,1
V03252,tanker,123.5,17.0,11.0,107787,3122,2022-11-29 16:53:49.202699,2022-11-29 18:52:01.202699,2022-11-30 12:46:01.202699,17.9,1.97,normal,0.87,19.6,6.9,2.2,0.1,0,3.42,2.01,0
V05700,container,150.9,24.9,13.9,130087,546,2022-11-30 05:14:30.442811,2022-11-30 08:56:30.442811,2022-12-01 07:20:30.442811,22.4,3.7,high,0.52,26.3,10.5,2.4,0.9,1,3.49,4.06,0
V05373,general,125.4,19.8,10.0,91531,1183,2022-11-30 09:40:31.143447,2022-11-30 10:57:19.143447,2022-12-01 04:39:19.143447,17.7,1.28,normal,0.83,8.3,8.3,0.5,0.9,0,3.92,5.34,0
V02259,bulk,173.0,28.3,12.9,155312,4457,2022-11-30 18:29:21.039603,2022-11-30 21:36:33.039603,2022-12-02 03:24:33.039603,29.8,3.12,low,0.65,26.3,6.4,3.1,0.2,1,2.55,0.09,0
V03430,container,281.8,47.2,13.9,256089,3233,2022-11-30 21:11:51.627624,2022-11-30 23:44:51.627624,2022-12-01 12:14:51.627624,12.5,2.55,normal,0.95,23.0,5.1,1.9,0.7,1,2.82,3.67,0
V05055,container,339.9,50.7,8.1,168295,4094,2022-11-30 22:09:15.845881,2022-12-01 00:48:15.845881,2022-12-01 12:54:15.845881,12.1,2.65,normal,0.72,23.9,9.5,2.6,0.8,1,4.04,0.35,0
V03163,bulk,119.5,15.8,8.0,68070,3314,2022-12-01 03:50:45.006558,2022-12-01 07:54:57.006558,2022-12-02 17:24:57.006558,33.5,4.07,high,0.44,21.7,8.5,2.1,0.5,1,6.66,2.72,1
V01235,bulk,234.5,33.4,11.1,163112,3346,2022-12-01 18:57:04.326173,2022-12-01 22:41:28.326173,2022-12-03 10:41:28.326173,36.0,3.74,normal,1.0,22.7,4.7,2.5,1.9,1,2.88,3.0,0
V05340,tanker,323.3,49.6,10.4,268216,1209,2022-12-01 20:11:40.291919,2022-12-01 23:01:28.291919,2022-12-02 11:01:28.291919,12.0,2.83,normal,0.83,30.7,3.5,3.1,0.1,1,2.04,0.94,0
V04983,bulk,162.0,27.5,12.9,145566,4032,2022-12-02 02:22:27.952668,2022-12-02 03:54:51.952668,2022-12-03 00:36:51.952668,20.7,1.54,normal,0.63,16.4,4.3,1.4,1.8,0,7.96,4.61,1
V03332,bulk,227.3,34.6,12.3,183221,692,2022-12-02 03:49:19.474649,2022-12-02 05:17:31.474649,2022-12-03 10:29:31.474649,29.2,1.47,normal,0.57,12.6,6.7,1.6,1.9,0,7.53,4.85,1
V05703,container,372.1,62.8,10.1,273443,1295,2022-12-02 13:45:05.213085,2022-12-02 16:17:29.213085,2022-12-03 12:05:29.213085,19.8,2.54,normal,0.69,29.1,7.1,2.7,1.3,1,7.33,1.4,1
V02005,bulk,214.8,30.2,9.6,155108,2892,2022-12-02 19:23:31.113466,2022-12-02 20:58:55.113466,2022-12-04 14:10:55.113466,41.2,1.59,normal,0.46,19.5,5.6,2.3,3.5,0,3.3,1.16,0
V04182,tanker,315.3,53.6,10.5,204336,897,2022-12-02 21:50:23.323781,2022-12-03 00:32:23.323781,2022-12-04 06:14:23.323781,29.7,2.7,normal,0.86,27.8,3.5,3.2,2.5,1,2.11,4.11,0
V01871,container,164.4,26.7,10.4,134002,4535,2022-12-02 23:42:21.869513,2022-12-03 01:02:45.869513,2022-12-04 08:26:45.869513,31.4,1.34,normal,0.45,8.9,7.1,0.6,2.6,0,3.97,3.34,0
V05180,roro,114.9,18.2,9.1,66587,1175,2022-12-03 02:42:55.867056,2022-12-03 05:03:19.867056,2022-12-03 14:03:19.867056,9.0,2.34,normal,0.94,27.2,8.4,2.7,2.7,1,7.77,2.23,1
V05906,bulk,113.0,16.2,11.8,99257,514,2022-12-03 04:00:16.928280,2022-12-03 05:49:28.928280,2022-12-03 18:19:28.928280,12.5,1.82,normal,0.64,0.0,7.4,0.0,1.3,0,7.9,1.43,1
V05086,bulk,279.0,47.3,7.2,151547,2119,2022-12-03 06:29:37.038846,2022-12-03 08:18:49.038846,2022-12-04 06:00:49.038846,21.7,1.82,high,0.86,3.4,5.5,0.0,0.2,0,5.16,2.1,0
V03562,bulk,141.8,21.2,11.6,116693,667,2022-12-03 11:27:20.787776,2022-12-03 13:50:08.787776,2022-12-04 04:32:08.787776,14.7,2.38,normal,0.69,25.0,4.1,2.7,1.0,1,3.11,6.04,0
V04528,general,204.3,27.0,5.7,77309,3708,2022-12-03 22:24:00.778622,2022-12-04 00:28:48.778622,2022-12-04 04:22:48.778622,3.9,2.08,high,0.49,37.0,6.0,4.0,5.1,1,2.03,2.76,0
V02332,bulk,161.2,23.1,10.6,127323,3109,2022-12-04 06:54:22.483278,2022-12-04 08:20:46.483278,2022-12-05 04:26:46.483278,20.1,1.44,low,0.76,14.4,5.8,1.9,1.2,0,5.74,2.69,1
V02342,roro,190.8,25.4,10.2,130327,3819,2022-12-04 12:26:36.306380,2022-12-04 14:20:36.306380,2022-12-04 20:50:36.306380,6.5,1.9,normal,0.59,25.4,4.2,2.1,1.5,1,3.34,0.42,0
V04112,tanker,190.2,32.2,10.3,139709,3931,2022-12-04 14:21:43.146677,2022-12-04 17:44:31.146677,2022-12-05 23:20:31.146677,29.6,3.38,high,0.8,27.5,6.8,2.9,2.2,1,6.13,2.66,1
V03968,roro,151.4,20.8,10.9,132009,842,2022-12-04 15:47:09.777325,2022-12-04 18:10:33.777325,2022-12-05 09:04:33.777325,14.9,2.39,normal,0.68,28.1,9.0,2.8,1.0,1,7.68,0.74,1
V03767,bulk,258.1,37.3,12.8,199570,3275,2022-12-04 15:53:00.883373,2022-12-04 17:57:48.883373,2022-12-05 17:09:48.883373,23.2,2.08,normal,0.63,14.9,9.9,1.1,0.3,0,7.75,4.42,1
V02376,tanker,301.0,43.4,10.0,239585,4924,2022-12-05 03:45:39.776813,2022-12-05 05:09:39.776813,2022-12-05 20:27:39.776813,15.3,1.4,high,0.68,8.9,10.9,1.2,3.7,0,7.34,3.01,1
V02689,general,105.6,13.9,5.6,46591,1886,2022-12-05 18:18:20.467912,2022-12-05 19:53:08.467912,2022-12-06 14:11:08.467912,18.3,1.58,normal,0.63,19.3,7.6,1.9,3.8,0,7.75,0.54,1
V02561,tanker,327.5,47.6,13.0,304483,3305,2022-12-06 02:22:38.279855,2022-12-06 05:52:38.279855,2022-12-07 01:34:38.279855,19.7,3.5,low,0.84,25.5,8.3,2.8,1.3,1,4.36,1.01,0
V05363,container,196.3,32.4,9.2,111460,2360,2022-12-06 08:36:25.481546,2022-12-06 09:27:25.481546,2022-12-07 01:03:25.481546,15.6,0.85,high,0.98,13.5,8.1,1.0,10.7,0,5.59,5.14,1
V01863,tanker,236.9,33.7,13.4,234402,3888,2022-12-06 10:50:55.288028,2022-12-06 12:09:31.288028,2022-12-07 00:45:31.288028,12.6,1.31,normal,0.86,18.5,4.6,1.5,1.1,0,2.58,1.1,0
V01310,container,266.0,37.3,10.3,189813,1100,2022-12-06 16:58:59.724519,2022-12-06 19:55:23.724519,2022-12-07 10:01:23.724519,14.1,2.94,normal,0.63,23.5,8.1,2.4,2.3,1,7.36,6.72,1
V03472,container,339.5,48.8,11.5,273685,3896,2022-12-06 18:10:48.712993,2022-12-06 19:40:12.712993,2022-12-07 13:58:12.712993,18.3,1.49,normal,0.6,18.1,8.8,1.7,1.3,0,7.99,1.12,1
V04127,container,209.4,29.3,8.4,129566,4193,2022-12-06 19:03:26.429212,2022-12-06 23:01:02.429212,2022-12-07 17:07:02.429212,18.1,3.96,normal,0.73,23.5,2.5,2.1,0.1,2,7.78,1.36,1
V05169,container,154.2,25.5,12.9,123350,1538,2022-12-06 20:19:50.404035,2022-12-06 23:30:38.404035,2022-12-07 07:24:38.404035,7.9,3.18,normal,0.74,27.2,6.6,2.3,1.0,1,6.55,2.25,1
V04121,bulk,232.7,36.9,10.8,189479,939,2022-12-07 13:01:59.403261,2022-12-07 15:36:11.403261,2022-12-08 19:24:11.403261,27.8,2.57,normal,0.49,25.2,5.3,1.8,1.0,1,2.01,4.76,0
V05025,bulk,261.5,39.6,12.0,244539,3815,2022-12-07 14:17:09.365507,2022-12-07 18:08:09.365507,2022-12-08 07:32:09.365507,13.4,3.85,normal,0.78,21.7,5.5,2.2,1.9,1,2.71,1.82,0
V03323,general,136.5,18.2,8.5,74260,3925,2022-12-07 16:20:17.007104,2022-12-07 19:18:29.007104,2022-12-08 09:12:29.007104,13.9,2.97,normal,1.0,43.1,8.2,4.2,0.1,2,5.51,3.86,1
V04355,bulk,289.0,46.7,9.5,199717,1923,2022-12-07 17:07:27.406842,2022-12-07 20:06:51.406842,2022-12-08 16:42:51.406842,20.6,2.99,normal,0.83,23.0,6.2,2.1,2.3,1,6.62,3.5,1
V02698,bulk,263.7,37.5,8.5,172383,2717,2022-12-08 04:09:21.929695,2022-12-08 07:13:33.929695,2022-12-09 03:25:33.929695,20.2,3.07,normal,0.69,29.9,4.5,3.4,4.0,1,4.63,5.52,0
V01151,general,188.2,31.8,7.6,89411,576,2022-12-08 11:46:55.869800,2022-12-08 14:34:19.869800,2022-12-09 05:52:19.869800,15.3,2.79,normal,0.56,26.4,8.0,2.4,0.2,1,3.31,0.06,0
V04066,tanker,294.0,49.0,9.7,173063,928,2022-12-08 16:25:46.013367,2022-12-08 19:42:34.013367,2022-12-09 15:30:34.013367,19.8,3.28,normal,0.54,31.0,6.7,3.3,4.2,1,4.44,9.28,0
V03607,container,290.3,46.6,12.0,269838,1492,2022-12-09 00:03:08.268694,2022-12-09 01:27:08.268694,2022-12-09 11:45:08.268694,10.3,1.4,normal,0.97,16.3,9.3,1.8,1.6,0,3.48,2.8,0
V02868,container,284.5,43.4,15.0,302588,681,2022-12-09 13:08:57.080039,2022-12-09 14:11:21.080039,2022-12-10 08:29:21.080039,18.3,1.04,normal,0.92,11.9,7.9,1.5,1.3,0,2.68,2.91,0
V03501,roro,107.1,15.9,8.4,56606,2277,2022-12-09 20:00:25.598974,2022-12-09 21:18:25.598974,2022-12-10 11:12:25.598974,13.9,1.3,normal,0.87,14.3,9.6,1.6,0.6,0,7.82,5.43,1
V01503,bulk,178.0,29.8,12.2,143476,4388,2022-12-10 03:20:52.803563,2022-12-10 05:39:28.803563,2022-12-11 15:33:28.803563,33.9,2.31,normal,0.9,24.7,3.8,2.7,0.5,1,2.08,3.8,0
V05555,general,152.9,21.3,7.2,79616,3228,2022-12-10 04:05:32.978344,2022-12-10 05:13:20.978344,2022-12-10 21:07:20.978344,15.9,1.13,normal,1.0,14.3,5.4,1.4,0.9,0,2.53,3.7,0
V01703,container,283.4,45.0,12.6,232478,902,2022-12-10 04:17:53.359985,2022-12-10 05:38:17.359985,2022-12-11 00:50:17.359985,19.2,1.34,low,0.99,19.9,5.2,1.7,4.7,0,2.72,4.89,0
V05234,tanker,133.8,18.0,11.7,106298,2415,2022-12-10 10:33:48.814948,2022-12-10 12:07:24.814948,2022-12-12 04:55:24.814948,40.8,1.56,normal,0.83,17.7,6.4,1.8,1.6,0,7.21,2.96,1
V02720,roro,240.4,31.4,9.2,165811,2010,2022-12-10 12:03:18.268862,2022-12-10 13:17:06.268862,2022-12-10 19:47:06.268862,6.5,1.23,normal,0.66,18.1,10.2,1.9,0.5,0,5.22,6.71,0
V01188,container,199.4,33.2,11.0,153848,1346,2022-12-10 15:22:06.672496,2022-12-10 16:46:42.672496,2022-12-11 12:28:42.672496,19.7,1.41,normal,0.88,17.2,9.1,1.5,1.7,0,2.0,3.2,0
V02266,container,254.6,35.2,11.9,183398,3737,2022-12-10 20:18:23.706843,2022-12-10 21:47:11.706843,2022-12-11 21:17:11.706843,23.5,1.48,normal,0.76,11.9,5.5,1.5,1.0,0,7.47,1.58,1
V03174,bulk,228.9,36.8,10.0,169446,1631,2022-12-11 07:47:10.040909,2022-12-11 11:06:22.040909,2022-12-12 16:30:22.040909,29.4,3.32,normal,0.78,24.3,8.2,2.7,2.4,1,6.44,1.4,1
V01361,bulk,288.1,41.5,7.3,162217,2282,2022-12-11 11:21:46.822038,2022-12-11 13:12:10.822038,2022-12-12 21:30:10.822038,32.3,1.84,normal,0.75,18.3,4.1,1.9,0.8,0,7.21,3.58,1
V05519,container,226.1,37.6,14.5,224374,1965,2022-12-11 15:01:57.824129,2022-12-11 16:46:57.824129,2022-12-13 00:16:57.824129,31.5,1.75,normal,0.52,19.9,8.8,1.5,0.1,0,2.43,2.13,0
V01575,bulk,118.2,18.8,11.1,104044,1672,2022-12-11 23:41:05.031052,2022-12-12 02:38:05.031052,2022-12-13 18:32:05.031052,39.9,2.95,normal,0.44,21.3,6.1,2.3,2.0,1,7.29,3.31,1
V02500,tanker,153.1,24.2,10.5,117377,910,2022-12-12 03:41:32.364306,2022-12-12 05:55:56.364306,2022-12-12 18:43:56.364306,12.8,2.24,normal,0.82,23.0,6.3,2.5,0.2,1,2.25,5.05,0
V04484,tanker,221.1,33.6,10.0,159045,596,2022-12-12 15:22:38.810953,2022-12-12 16:50:14.810953,2022-12-13 08:14:14.810953,15.4,1.46,normal,0.7,15.1,5.2,1.7,0.5,0,2.85,0.42,0
V03624,container,329.6,55.4,11.4,286819,1450,2022-12-13 00:17:52.810923,2022-12-13 02:27:28.810923,2022-12-13 20:39:28.810923,18.2,2.16,normal,0.73,33.0,5.3,3.8,5.7,1,7.46,5.43,1
V02648,general,93.9,13.8,7.3,42131,2349,2022-12-13 02:51:25.049508,2022-12-13 05:17:13.049508,2022-12-13 15:41:13.049508,10.4,2.43,normal,1.0,21.2,8.0,2.5,6.2,1,4.02,2.85,0
V02757,container,226.4,36.1,10.0,167628,4797,2022-12-13 16:47:29.595866,2022-12-13 19:21:05.595866,2022-12-14 18:15:05.595866,22.9,2.56,normal,0.62,28.6,9.0,3.1,1.9,1,2.31,4.5,0
V04691,bulk,278.1,46.1,11.6,211499,3609,2022-12-13 19:38:28.923014,2022-12-13 22:30:04.923014,2022-12-15 01:54:04.923014,27.4,2.86,normal,0.86,23.1,5.0,2.4,0.6,1,3.34,3.88,0
V04964,bulk,198.0,27.0,8.7,118218,4537,2022-12-14 09:15:17.852332,2022-12-14 11:05:41.852332,2022-12-15 04:53:41.852332,17.8,1.84,normal,1.0,10.4,6.3,1.2,2.8,0,5.08,2.65,0
V01469,container,272.1,37.1,8.4,174289,1097,2022-12-14 09:28:01.517873,2022-12-14 10:53:49.517873,2022-12-15 06:35:49.517873,19.7,1.43,normal,0.62,18.8,3.7,2.3,1.2,0,5.4,3.54,0
V01288,roro,108.4,18.0,8.4,65749,2959,2022-12-15 06:04:51.583195,2022-12-15 07:29:27.583195,2022-12-15 14:47:27.583195,7.3,1.41,normal,0.81,11.2,7.2,1.1,1.2,0,2.25,3.47,0
V03731,container,222.3,37.4,10.3,161800,2579,2022-12-15 09:16:47.921471,2022-12-15 11:33:35.921471,2022-12-15 21:33:35.921471,10.0,2.28,normal,0.83,22.4,6.8,2.6,1.7,1,3.93,1.07,0
V02536,container,219.6,34.3,13.0,182023,1003,2022-12-15 13:38:29.563189,2022-12-15 16:10:53.563189,2022-12-16 22:04:53.563189,29.9,2.54,high,0.55,30.3,8.9,3.1,6.1,1,7.89,1.68,1
V04170,container,267.3,42.6,12.7,260545,2669,2022-12-15 17:57:30.550747,2022-12-15 18:57:30.550747,2022-12-17 04:51:30.550747,33.9,1.0,normal,0.6,13.5,4.6,1.3,0.6,0,2.67,4.48,0
V01738,container,241.0,36.7,9.3,165534,2895,2022-12-16 02:01:15.408496,2022-12-16 03:38:27.408496,2022-12-16 11:44:27.408496,8.1,1.62,normal,0.97,11.7,5.9,1.0,2.1,0,7.9,1.2,1
V02299,bulk,174.8,26.1,10.8,113444,3424,2022-12-16 08:02:11.806266,2022-12-16 09:38:47.806266,2022-12-16 22:38:47.806266,13.0,1.61,normal,0.67,6.3,5.0,0.4,0.2,0,2.04,2.84,0
V02993,container,190.0,26.0,9.8,119307,3960,2022-12-16 16:00:49.003972,2022-12-16 17:41:01.003972,2022-12-17 04:53:01.003972,11.2,1.67,normal,0.51,7.4,3.6,0.7,5.4,0,6.44,0.09,1
V02310,tanker,150.9,25.1,10.7,126306,3089,2022-12-16 17:05:14.618391,2022-12-16 20:19:02.618391,2022-12-17 23:43:02.618391,27.4,3.23,normal,0.73,24.6,6.8,2.2,1.3,1,4.87,4.2,0
V01893,container,336.4,50.3,13.3,316568,768,2022-12-16 21:44:57.740800,2022-12-17 00:47:57.740800,2022-12-17 13:59:57.740800,13.2,3.05,normal,0.63,32.4,7.3,2.9,1.4,1,2.99,8.94,0
V03577,bulk,299.7,41.4,8.4,180722,3833,2022-12-17 06:36:11.676943,2022-12-17 08:02:35.676943,2022-12-18 01:08:35.676943,17.1,1.44,normal,0.74,4.7,9.6,0.6,1.4,0,3.28,0.1,0
V03415,container,348.9,48.6,10.3,250566,1158,2022-12-18 03:22:59.374623,2022-12-18 04:23:35.374623,2022-12-19 00:23:35.374623,20.0,1.01,normal,0.9,14.1,3.8,1.1,0.5,0,7.97,2.02,1
V01305,container,221.2,32.4,14.8,225543,3094,2022-12-18 04:52:42.755333,2022-12-18 07:41:18.755333,2022-12-18 15:47:18.755333,8.1,2.81,high,0.98,30.3,8.7,2.8,1.5,1,6.86,4.21,1
V01458,container,272.9,36.6,13.8,296990,4078,2022-12-18 10:10:59.948526,2022-12-18 11:18:11.948526,2022-12-19 09:54:11.948526,22.6,1.12,normal,0.36,14.1,4.0,1.2,2.4,0,2.3,2.02,0
V04855,general,207.5,31.0,7.7,114444,1466,2022-12-18 11:19:05.690872,2022-12-18 12:26:17.690872,2022-12-19 02:20:17.690872,13.9,1.12,normal,0.89,14.6,5.0,1.0,1.7,0,3.44,0.93,0
V04210,general,180.7,29.4,7.4,91197,4116,2022-12-18 18:59:24.667981,2022-12-18 21:45:36.667981,2022-12-19 09:21:36.667981,11.6,2.77,normal,0.95,23.5,9.1,2.4,1.7,1,4.41,3.63,0
V01542,container,236.6,38.2,12.7,212185,3154,2022-12-19 05:17:23.093714,2022-12-19 06:38:23.093714,2022-12-19 20:32:23.093714,13.9,1.35,normal,0.88,13.8,5.8,2.2,0.4,0,7.29,4.06,1
V01158,general,182.0,26.8,5.5,60644,2664,2022-12-19 05:29:14.381711,2022-12-19 07:20:50.381711,2022-12-19 17:32:50.381711,10.2,1.86,normal,0.95,23.7,5.3,2.2,4.0,1,7.08,3.5,1
V02222,bulk,172.5,27.8,13.0,178278,3619,2022-12-19 08:07:50.110070,2022-12-19 11:11:26.110070,2022-12-19 23:23:26.110070,12.2,3.06,normal,0.7,9.5,1.5,0.4,2.8,1,3.37,2.5,0
V02447,general,154.9,20.6,9.7,105606,3949,2022-12-19 19:16:10.063549,2022-12-19 20:24:34.063549,2022-12-20 08:06:34.063549,11.7,1.14,normal,0.98,18.5,6.9,1.6,5.7,0,5.2,3.49,0
V04780,container,223.5,33.0,11.1,185449,4714,2022-12-19 20:34:16.786444,2022-12-19 21:57:40.786444,2022-12-20 11:15:40.786444,13.3,1.39,normal,0.57,19.4,6.5,2.0,1.8,0,3.32,3.87,0
V05392,container,157.3,24.9,12.1,128585,2880,2022-12-20 02:11:01.295558,2022-12-20 03:54:13.295558,2022-12-20 16:42:13.295558,12.8,1.72,normal,0.89,10.0,8.7,1.0,0.0,0,5.87,4.6,1
V03253,bulk,125.3,18.9,11.7,115652,3152,2022-12-20 04:28:32.930864,2022-12-20 06:37:32.930864,2022-12-21 10:43:32.930864,28.1,2.15,normal,0.41,14.8,6.9,1.4,0.3,0,7.98,5.23,1
V05167,general,123.9,20.7,8.1,65433,1091,2022-12-20 04:43:14.225501,2022-12-20 06:17:26.225501,2022-12-20 18:23:26.225501,12.1,1.57,normal,0.92,19.9,5.0,1.9,0.2,0,8.0,3.52,1
V04735,bulk,240.5,38.9,7.6,142574,1765,2022-12-20 07:39:23.590684,2022-12-20 09:19:35.590684,2022-12-21 09:49:35.590684,24.5,1.67,high,0.93,15.7,7.9,1.9,1.2,0,5.22,3.28,0
V02028,container,366.6,52.6,10.2,287169,3415,2022-12-20 12:10:36.475604,2022-12-20 15:16:00.475604,2022-12-21 17:04:00.475604,25.8,3.09,normal,0.83,32.2,10.3,3.2,1.7,1,2.61,3.3,0
V03798,general,165.1,23.8,6.6,81321,2975,2022-12-20 20:37:25.918444,2022-12-20 23:26:37.918444,2022-12-21 09:02:37.918444,9.6,2.82,normal,0.64,24.7,5.5,2.4,1.5,1,4.36,4.2,0
V02468,container,333.3,48.1,10.3,229050,2744,2022-12-20 22:34:42.259236,2022-12-21 00:50:54.259236,2022-12-22 03:44:54.259236,26.9,2.27,normal,0.71,27.0,10.0,2.5,2.0,1,2.2,5.26,0
V01719,bulk,219.3,33.7,8.7,125838,750,2022-12-21 09:51:28.388235,2022-12-21 13:44:16.388235,2022-12-22 20:56:16.388235,31.2,3.88,normal,0.62,24.8,1.4,2.5,0.3,2,3.21,2.45,0
V01089,bulk,233.9,36.6,13.0,216363,3788,2022-12-22 03:29:27.714739,2022-12-22 05:01:15.714739,2022-12-24 13:01:15.714739,56.0,1.53,normal,0.73,15.4,6.7,1.7,1.3,0,5.44,1.19,0
V01959,bulk,261.6,36.3,11.6,219470,1596,2022-12-22 09:51:57.961223,2022-12-22 13:34:33.961223,2022-12-23 15:58:33.961223,26.4,3.71,normal,1.0,35.3,7.9,3.9,2.6,1,4.3,5.42,0
V01614,container,322.5,52.7,9.5,209578,3097,2022-12-22 16:22:39.375091,2022-12-22 18:12:27.375091,2022-12-23 05:12:27.375091,11.0,1.83,normal,0.92,16.7,6.1,2.1,0.3,0,6.15,0.73,1
V02787,bulk,196.2,30.0,8.0,107856,4763,2022-12-22 16:40:14.070611,2022-12-22 19:43:50.070611,2022-12-23 21:31:50.070611,25.8,3.06,normal,0.61,21.8,8.2,2.0,1.7,1,6.55,4.19,1
V05549,general,175.8,27.1,9.2,111926,723,2022-12-22 22:21:03.297028,2022-12-22 23:54:03.297028,2022-12-23 14:54:03.297028,15.0,1.55,normal,0.87,9.1,6.3,0.6,1.7,0,4.17,3.19,0
V04237,roro,227.0,34.5,6.8,107759,2496,2022-12-22 22:34:23.323890,2022-12-23 00:54:11.323890,2022-12-23 14:12:11.323890,13.3,2.33,normal,0.74,38.4,5.9,3.0,5.5,1,3.85,4.59,0
V02199,tanker,274.6,39.7,9.1,150903,4987,2022-12-23 03:15:38.663152,2022-12-23 06:12:02.663152,2022-12-24 00:06:02.663152,17.9,2.94,normal,0.82,21.9,4.7,1.8,2.5,1,3.9,1.89,0
V02136,container,313.0,51.4,11.8,227599,4297,2022-12-23 22:00:23.670441,2022-12-23 23:24:23.670441,2022-12-25 02:00:23.670441,26.6,1.4,normal,0.66,10.6,7.0,0.7,2.0,0,5.89,2.01,1
V05696,container,374.8,52.8,11.8,297355,4397,2022-12-23 22:40:00.223517,2022-12-24 01:41:48.223517,2022-12-25 00:29:48.223517,22.8,3.03,normal,0.55,36.4,8.7,3.6,0.3,1,4.9,3.94,0
V01908,tanker,147.5,25.0,12.6,141415,4370,2022-12-23 23:53:46.773116,2022-12-24 01:33:22.773116,2022-12-24 12:57:22.773116,11.4,1.66,normal,0.9,12.0,5.6,0.9,4.7,0,3.17,1.08,0
V05357,tanker,252.2,33.3,10.5,171484,3288,2022-12-24 10:12:55.541557,2022-12-24 12:41:07.541557,2022-12-25 16:59:07.541557,28.3,2.47,normal,0.73,22.6,11.9,2.2,0.5,1,6.16,5.18,1
V05054,tanker,169.9,26.7,13.0,165927,2478,2022-12-24 11:10:18.501432,2022-12-24 14:40:54.501432,2022-12-25 08:28:54.501432,17.8,3.51,high,0.74,28.2,10.1,3.1,4.9,1,4.74,1.09,0
V01070,bulk,117.6,15.4,9.1,65891,2286,2022-12-24 11:24:11.450348,2022-12-24 13:22:23.450348,2022-12-25 15:22:23.450348,26.0,1.97,high,0.89,12.5,8.8,1.7,0.4,0,4.39,6.62,0
V04989,tanker,224.4,37.3,10.9,181333,2726,2022-12-24 20:08:07.531929,2022-12-24 22:13:31.531929,2022-12-25 12:25:31.531929,14.2,2.09,normal,0.9,31.1,6.2,3.2,0.3,1,7.99,3.3,1
V05445,bulk,267.1,42.9,9.1,160697,2023,2022-12-25 01:37:10.404553,2022-12-25 05:05:58.404553,2022-12-26 18:47:58.404553,37.7,3.48,normal,0.45,27.4,9.1,2.9,0.4,1,2.29,2.3,0
V01629,bulk,288.2,42.0,8.4,174616,3899,2022-12-25 03:57:53.199803,2022-12-25 05:29:41.199803,2022-12-26 00:59:41.199803,19.5,1.53,normal,0.7,15.3,8.2,1.4,0.0,0,2.79,3.24,0
V05276,container,208.2,27.2,9.5,157245,1649,2022-12-25 15:34:57.031819,2022-12-25 18:43:21.031819,2022-12-26 12:19:21.031819,17.6,3.14,normal,1.0,31.0,4.9,3.4,3.3,1,2.18,2.78,0
V01285,tanker,127.7,18.3,11.4,114149,554,2022-12-26 00:47:28.906079,2022-12-26 04:49:52.906079,2022-12-27 08:37:52.906079,27.8,4.04,normal,0.34,34.1,7.5,3.5,1.1,1,4.11,1.74,0
V05901,tanker,287.6,37.7,12.6,274340,4466,2022-12-26 02:23:08.405976,2022-12-26 05:26:08.405976,2022-12-27 12:20:08.405976,30.9,3.05,normal,0.89,22.2,6.4,1.8,0.5,1,2.32,2.87,0
V01108,bulk,117.7,18.1,8.3,72988,4993,2022-12-26 08:54:20.033470,2022-12-26 11:37:32.033470,2022-12-27 13:31:32.033470,25.9,2.72,normal,0.61,25.6,10.5,2.5,2.5,1,7.86,5.4,1
V01811,general,184.5,24.5,6.1,83636,2258,2022-12-26 11:57:10.469541,2022-12-26 13:37:58.469541,2022-12-27 06:55:58.469541,17.3,1.68,normal,0.76,18.5,9.9,1.8,0.7,0,5.97,1.72,1
V03352,bulk,284.1,43.2,7.5,149333,758,2022-12-26 19:13:28.779154,2022-12-26 20:43:28.779154,2022-12-27 18:43:28.779154,22.0,1.5,normal,1.0,15.0,6.7,1.6,1.5,0,5.64,2.25,1
V01023,tanker,278.0,44.9,13.0,223432,2725,2022-12-26 21:18:15.308357,2022-12-27 00:08:03.308357,2022-12-27 16:50:03.308357,16.7,2.83,low,0.81,21.6,5.4,2.4,0.9,1,7.86,1.87,1
V03239,container,328.0,49.8,14.9,357339,3857,2022-12-27 04:55:05.073049,2022-12-27 06:40:05.073049,2022-12-28 05:04:05.073049,22.4,1.75,normal,1.0,15.6,4.5,1.6,0.9,0,2.25,2.62,0
V02032,bulk,138.4,18.9,9.7,95558,3487,2022-12-27 06:27:05.364870,2022-12-27 08:48:41.364870,2022-12-28 04:00:41.364870,19.2,2.36,normal,0.7,15.9,6.0,1.7,1.1,0,3.89,2.33,0
V02651,roro,240.8,31.4,6.2,102270,3158,2022-12-27 10:47:22.819940,2022-12-27 11:46:46.819940,2022-12-28 01:04:46.819940,13.3,0.99,normal,0.59,13.4,5.0,1.4,1.8,0,7.91,5.83,1
V03938,container,250.0,37.8,12.5,189324,3106,2022-12-27 13:04:16.040760,2022-12-27 14:28:16.040760,2022-12-28 04:04:16.040760,13.6,1.4,normal,0.5,11.5,8.4,0.8,0.1,0,5.5,4.37,0
V05588,bulk,232.7,34.6,10.2,163634,1139,2022-12-27 18:01:46.105950,2022-12-27 21:25:10.105950,2022-12-28 19:25:10.105950,22.0,3.39,normal,0.9,32.1,7.0,3.5,2.4,1,2.86,1.64,0
V03341,tanker,189.7,28.3,13.0,164709,2390,2022-12-27 19:38:01.312370,2022-12-27 22:20:37.312370,2022-12-28 20:56:37.312370,22.6,2.71,normal,0.83,20.8,8.0,2.7,0.4,1,5.05,3.93,0
V04458,bulk,222.6,29.2,12.1,170441,4647,2022-12-27 19:42:08.096371,2022-12-27 23:14:32.096371,2022-12-29 08:02:32.096371,32.8,3.54,normal,0.63,29.9,10.4,3.2,1.2,1,5.16,2.7,0
V05221,bulk,290.0,38.5,8.2,163674,1238,2022-12-27 19:49:52.551712,2022-12-27 21:46:16.551712,2022-12-28 15:58:16.551712,18.2,1.94,normal,0.75,18.8,4.6,1.8,1.8,0,5.35,4.5,0
V02039,container,316.7,50.1,9.1,212819,2567,2022-12-28 00:22:53.841392,2022-12-28 01:43:53.841392,2022-12-28 19:55:53.841392,18.2,1.35,normal,0.65,17.8,5.2,1.9,0.6,0,6.98,4.15,1
V03711,bulk,219.9,30.1,12.9,188877,3142,2022-12-28 02:47:27.304794,2022-12-28 06:06:03.304794,2022-12-29 05:12:03.304794,23.1,3.31,normal,0.87,25.3,5.1,2.7,0.8,1,3.56,4.01,0
V02192,container,335.6,48.1,9.9,226879,2452,2022-12-28 05:47:50.037783,2022-12-28 07:23:50.037783,2022-12-29 02:11:50.037783,18.8,1.6,low,0.74,0.0,7.7,0.0,2.6,0,2.3,3.43,0
V02602,general,148.2,19.7,5.9,64697,4393,2022-12-28 07:45:34.254287,2022-12-28 10:02:22.254287,2022-12-29 03:32:22.254287,17.5,2.28,normal,0.63,29.7,8.7,3.2,5.2,1,4.64,3.09,0
V04262,general,122.2,16.8,7.6,55930,2417,2022-12-28 14:58:59.869426,2022-12-28 17:15:47.869426,2022-12-29 19:33:47.869426,26.3,2.28,normal,0.66,22.3,3.3,1.8,1.5,1,3.84,0.18,0
V01541,tanker,303.2,44.1,9.2,176194,3629,2022-12-28 16:07:51.352689,2022-12-28 19:04:51.352689,2022-12-30 06:34:51.352689,35.5,2.95,high,0.79,23.4,5.3,2.2,0.5,1,2.51,4.38,0
V03589,tanker,124.1,19.1,10.9,96940,3234,2022-12-28 18:20:33.112215,2022-12-28 19:40:57.112215,2022-12-30 00:52:57.112215,29.2,1.34,normal,0.75,16.0,4.6,1.8,4.3,0,2.41,5.93,0
V04064,general,140.5,23.5,6.3,64392,4126,2022-12-28 19:07:21.375495,2022-12-28 20:11:33.375495,2022-12-30 07:35:33.375495,35.4,1.07,normal,0.59,12.3,6.8,1.6,1.9,0,3.19,0.78,0
V03498,bulk,299.6,49.5,11.7,236159,1578,2022-12-28 21:48:17.819331,2022-12-29 01:06:17.819331,2022-12-30 08:36:17.819331,31.5,3.3,normal,0.73,25.7,8.7,2.1,5.5,1,6.96,6.04,1
V03636,general,194.6,27.6,8.1,109128,3660,2022-12-28 22:04:43.395742,2022-12-28 23:40:43.395742,2022-12-29 12:34:43.395742,12.9,1.6,low,0.71,16.8,6.1,1.7,1.6,0,7.26,2.43,1
V04054,bulk,199.7,29.6,9.2,130334,1078,2022-12-29 08:59:29.765769,2022-12-29 11:56:29.765769,2022-12-30 16:14:29.765769,28.3,2.95,normal,0.65,17.8,2.6,1.6,0.9,1,5.29,2.23,0
V02037,tanker,227.3,37.7,9.8,146702,3790,2022-12-29 10:47:38.218697,2022-12-29 14:49:26.218697,2022-12-30 01:49:26.218697,11.0,4.03,normal,0.3,40.3,6.7,4.6,0.7,2,7.54,7.22,1
V01895,roro,148.0,22.4,9.7,103608,2271,2022-12-29 21:00:37.240792,2022-12-29 23:10:49.240792,2022-12-30 23:10:49.240792,24.0,2.17,normal,0.81,21.6,7.8,2.1,4.4,1,4.71,3.48,0
V02809,roro,202.5,28.4,6.0,73152,3717,2022-12-29 23:20:24.495845,2022-12-30 01:57:00.495845,2022-12-30 10:15:00.495845,8.3,2.61,normal,0.78,22.6,6.8,2.3,2.1,1,7.65,0.23,1
V04118,general,167.1,25.1,8.1,88648,1872,2022-12-30 11:16:10.802193,2022-12-30 12:35:58.802193,2022-12-31 01:35:58.802193,13.0,1.33,low,0.57,18.6,6.4,2.1,0.2,0,7.25,5.38,1
V03837,container,218.0,35.4,12.0,187601,680,2022-12-30 11:42:03.724570,2022-12-30 14:22:15.724570,2022-12-31 11:04:15.724570,20.7,2.67,normal,0.96,25.1,3.7,2.8,2.0,1,7.62,2.91,1
V04482,tanker,282.4,46.6,13.1,266185,1763,2022-12-30 14:15:07.524173,2022-12-30 15:51:43.524173,2022-12-31 11:57:43.524173,20.1,1.61,normal,0.81,11.4,8.9,1.1,2.0,0,7.12,4.49,1
V01287,bulk,121.3,16.3,9.2,84067,4848,2022-12-31 00:10:24.493232,2022-12-31 03:03:48.493232,2023-01-02 05:15:48.493232,50.2,2.89,normal,0.63,33.8,8.4,4.0,0.5,1,7.68,4.91,1
V04559,container,355.6,53.8,11.2,260973,4833,2022-12-31 02:39:35.451846,2022-12-31 05:28:47.451846,2022-12-31 23:52:47.451846,18.4,2.82,normal,0.82,21.3,7.7,2.3,1.3,1,7.11,2.96,1
V04111,tanker,206.5,34.7,12.1,174865,2742,2022-12-31 10:02:45.214894,2022-12-31 12:20:45.214894,2023-01-01 12:50:45.214894,24.5,2.3,normal,0.69,26.8,8.4,2.4,1.2,1,4.46,4.63,0
V05109,container,298.0,49.0,14.4,313857,1329,2022-12-31 10:31:33.868722,2022-12-31 12:35:09.868722,2023-01-01 06:35:09.868722,18.0,2.06,low,0.86,25.6,7.8,2.1,3.0,1,5.19,4.72,0
V03462,container,177.5,26.3,10.1,124690,3122,2022-12-31 16:46:34.467983,2022-12-31 19:24:58.467983,2023-01-01 18:54:58.467983,23.5,2.64,normal,0.98,19.2,1.3,2.4,0.1,1,4.73,3.57,0
V05323,bulk,136.6,22.0,8.3,78874,2814,2022-12-31 18:48:44.758653,2022-12-31 20:54:08.758653,2023-01-01 11:36:08.758653,14.7,2.09,normal,1.0,19.0,7.6,1.5,0.6,0,2.3,2.31,0
V01471,tanker,138.9,18.6,12.0,131985,3720,2022-12-31 21:35:34.590023,2023-01-01 01:03:46.590023,2023-01-01 20:57:46.590023,19.9,3.47,normal,0.87,26.5,8.7,2.6,1.4,1,3.28,3.0,0
V01341,bulk,214.6,34.7,8.4,125697,2003,2022-12-31 23:07:13.142631,2023-01-01 00:40:49.142631,2023-01-02 14:58:49.142631,38.3,1.56,normal,0.82,18.9,6.0,1.7,4.8,0,5.48,0.9,0
V04905,container,337.4,53.7,12.1,270669,2268,2023-01-01 06:51:04.529501,2023-01-01 09:34:16.529501,2023-01-02 15:28:16.529501,29.9,2.72,normal,0.86,28.0,8.5,3.3,1.9,1,2.58,5.47,0
V02065,bulk,180.1,27.5,11.2,158358,614,2023-01-01 13:05:32.794406,2023-01-01 14:54:08.794406,2023-01-02 15:54:08.794406,25.0,1.81,low,0.69,13.0,9.2,2.3,0.3,0,7.46,0.37,1
V04394,general,190.4,30.1,9.7,132158,1667,2023-01-01 15:39:14.245552,2023-01-01 17:23:02.245552,2023-01-02 11:41:02.245552,18.3,1.73,normal,0.93,23.2,6.6,2.5,0.3,1,7.32,2.66,1
V01421,general,85.4,12.9,9.4,54560,2737,2023-01-01 21:16:43.061692,2023-01-01 22:19:43.061692,2023-01-03 00:37:43.061692,26.3,1.05,normal,1.0,19.8,8.9,1.7,0.7,0,2.23,1.2,0
V04518,tanker,277.6,42.8,11.9,248200,3951,2023-01-01 22:22:54.592826,2023-01-01 23:52:18.592826,2023-01-02 15:40:18.592826,15.8,1.49,low,0.7,9.8,5.4,0.8,4.0,0,3.26,0.66,0
V01250,tanker,208.2,34.0,11.9,188502,4399,2023-01-01 22:35:04.302490,2023-01-01 23:41:40.302490,2023-01-02 20:59:40.302490,21.3,1.11,normal,0.38,18.1,6.3,2.0,1.3,0,3.52,3.8,0
V05715,container,311.9,50.7,8.9,196869,1568,2023-01-02 04:10:01.669739,2023-01-02 06:50:13.669739,2023-01-03 05:56:13.669739,23.1,2.67,normal,0.73,34.1,9.6,3.7,0.1,1,7.21,6.72,1
V02815,roro,109.7,16.3,9.4,78826,4053,2023-01-02 11:31:13.853964,2023-01-02 12:27:37.853964,2023-01-02 22:21:37.853964,9.9,0.94,normal,0.7,16.9,8.0,1.2,0.0,0,4.28,2.51,0
V03205,container,338.4,49.0,9.0,225816,4176,2023-01-02 12:02:02.037106,2023-01-02 14:15:50.037106,2023-01-03 13:45:50.037106,23.5,2.23,normal,0.45,21.8,9.0,2.5,1.0,1,5.05,0.94,0
V02735,container,299.4,48.9,12.7,294666,3670,2023-01-02 13:05:32.808393,2023-01-02 14:11:32.808393,2023-01-02 22:35:32.808393,8.4,1.1,normal,0.7,18.1,7.1,2.0,0.2,0,6.58,2.22,1
V01041,container,332.6,50.3,12.3,318597,4049,2023-01-02 17:19:10.391478,2023-01-02 18:47:22.391478,2023-01-03 17:23:22.391478,22.6,1.47,normal,0.91,17.3,5.1,1.9,0.5,0,6.29,1.98,1
V03108,general,152.6,25.4,7.0,66086,2629,2023-01-03 03:49:55.523971,2023-01-03 05:18:07.523971,2023-01-04 03:30:07.523971,22.2,1.47,normal,0.87,33.9,7.7,3.9,2.0,1,7.96,2.62,1
V02889,general,93.0,12.2,8.9,57905,4376,2023-01-03 04:00:11.060290,2023-01-03 05:43:23.060290,2023-01-04 02:25:23.060290,20.7,1.72,normal,1.0,21.3,5.1,2.3,0.3,1,7.9,2.81,1
V05461,roro,160.1,25.3,8.0,93146,4981,2023-01-03 07:40:26.260944,2023-01-03 08:35:38.260944,2023-01-03 19:53:38.260944,11.3,0.92,normal,0.89,17.3,8.3,1.5,0.2,0,3.45,3.74,0
V02842,roro,220.7,37.5,10.7,162177,1522,2023-01-03 13:06:52.507119,2023-01-03 14:00:16.507119,2023-01-04 05:00:16.507119,15.0,0.89,normal,0.55,22.3,7.8,1.7,0.2,1,5.48,3.14,0
V02411,tanker,254.1,33.1,10.9,180156,3350,2023-01-03 23:25:17.383676,2023-01-04 02:02:29.383676,2023-01-04 19:50:29.383676,17.8,2.62,normal,0.89,31.1,8.2,3.1,0.6,1,2.65,1.82,0
V05147,general,127.8,17.5,8.8,79377,3958,2023-01-04 05:32:48.464571,2023-01-04 06:18:24.464571,2023-01-05 01:00:24.464571,18.7,0.76,normal,0.49,14.9,6.6,1.5,2.1,0,7.42,5.23,1
V03455,bulk,271.3,41.9,8.2,135154,1926,2023-01-04 08:42:14.145459,2023-01-04 09:51:14.145459,2023-01-05 02:27:14.145459,16.6,1.15,low,0.88,14.6,6.7,1.7,1.3,0,3.16,3.86,0
V05501,general,105.7,14.6,9.1,58464,4747,2023-01-04 19:41:13.407109,2023-01-04 21:45:25.407109,2023-01-06 05:51:25.407109,32.1,2.07,normal,0.58,31.9,9.7,3.0,0.5,1,5.17,0.71,0
V04674,general,134.4,20.8,7.5,61911,3187,2023-01-04 20:04:15.252241,2023-01-04 21:48:39.252241,2023-01-05 18:48:39.252241,21.0,1.74,low,1.0,22.7,4.3,2.5,1.0,1,4.59,1.94,0
V01488,tanker,186.3,25.9,9.4,111660,2426,2023-01-04 22:18:28.352365,2023-01-05 00:34:40.352365,2023-01-05 12:40:40.352365,12.1,2.27,normal,0.82,27.7,6.8,2.8,1.5,1,2.13,4.48,0
V03265,roro,235.0,37.9,8.8,161705,1596,2023-01-04 22:20:12.712850,2023-01-04 23:30:24.712850,2023-01-05 04:48:24.712850,5.3,1.17,normal,1.0,16.2,12.0,1.4,2.4,0,2.12,3.77,0
V03757,bulk,239.5,32.1,9.1,162602,4076,2023-01-05 08:18:42.191987,2023-01-05 09:37:54.191987,2023-01-06 03:25:54.191987,17.8,1.32,normal,0.85,16.4,6.0,1.3,1.2,0,4.83,1.84,0
V03309,roro,141.8,19.3,10.7,102847,1123,2023-01-05 09:08:17.160814,2023-01-05 10:52:05.160814,2023-01-06 04:28:05.160814,17.6,1.73,normal,1.0,26.5,4.6,3.0,0.8,1,3.63,5.4,0
V03280,container,288.3,38.1,15.0,326798,1076,2023-01-05 12:57:42.236933,2023-01-05 15:10:18.236933,2023-01-06 09:16:18.236933,18.1,2.21,normal,0.5,20.7,6.5,1.9,0.7,1,3.0,4.47,0
V03638,bulk,230.4,37.8,8.1,139568,3100,2023-01-05 15:16:38.223710,2023-01-05 16:38:14.223710,2023-01-06 20:38:14.223710,28.0,1.36,normal,0.65,14.9,5.4,1.6,0.3,0,6.29,2.15,1
V02879,container,355.4,47.7,12.8,310078,3533,2023-01-05 19:22:46.930294,2023-01-05 21:20:22.930294,2023-01-06 17:26:22.930294,20.1,1.96,normal,0.65,36.3,9.2,3.9,1.3,1,6.74,4.53,1
V02506,bulk,272.6,44.5,12.3,259174,3064,2023-01-05 22:27:05.289433,2023-01-06 01:36:41.289433,2023-01-07 10:24:41.289433,32.8,3.16,normal,0.86,37.0,7.3,3.9,0.2,1,2.58,1.78,0
V05216,container,217.6,34.5,10.2,140697,1926,2023-01-06 02:30:44.617075,2023-01-06 04:35:32.617075,2023-01-06 19:29:32.617075,14.9,2.08,normal,0.68,34.5,4.4,3.7,0.8,1,4.56,1.79,0
V05945,roro,163.3,21.5,10.2,125856,2981,2023-01-06 07:25:48.822334,2023-01-06 08:22:12.822334,2023-01-06 22:16:12.822334,13.9,0.94,low,0.76,10.4,9.7,1.2,1.3,0,7.14,6.62,1
V03138,tanker,258.1,41.6,9.8,157455,3776,2023-01-06 08:46:14.460081,2023-01-06 11:28:14.460081,2023-01-07 08:46:14.460081,21.3,2.7,high,0.62,32.3,9.2,3.3,0.0,1,5.35,2.95,0
V04657,general,160.1,21.0,5.9,58609,3652,2023-01-06 16:55:25.180621,2023-01-06 18:47:37.180621,2023-01-07 04:17:37.180621,9.5,1.87,normal,0.73,24.4,7.8,2.3,2.5,1,7.3,1.86,1
V01408,bulk,222.6,34.8,12.2,186518,4187,2023-01-06 17:11:59.427765,2023-01-06 19:39:35.427765,2023-01-07 07:21:35.427765,11.7,2.46,normal,0.69,23.1,7.1,2.4,3.2,1,7.55,2.56,1
V04929,tanker,187.6,27.4,9.6,137732,1086,2023-01-07 01:58:07.430330,2023-01-07 03:35:19.430330,2023-01-08 13:05:19.430330,33.5,1.62,normal,0.68,12.4,7.1,0.9,0.1,0,2.79,2.87,0
V01607,general,98.3,14.1,5.9,39536,2069,2023-01-07 03:14:37.895802,2023-01-07 04:17:01.895802,2023-01-07 15:11:01.895802,10.9,1.04,normal,0.82,18.4,7.2,1.7,0.7,0,4.46,5.77,0
V05024,container,270.5,38.0,10.6,179191,605,2023-01-07 13:30:58.435987,2023-01-07 14:41:46.435987,2023-01-08 04:47:46.435987,14.1,1.18,normal,0.68,15.1,3.6,2.2,2.7,0,2.15,6.57,0
V01913,tanker,244.1,33.2,10.5,172677,2368,2023-01-07 22:44:57.636687,2023-01-08 00:52:09.636687,2023-01-09 14:04:09.636687,37.2,2.12,normal,1.0,26.7,7.2,2.5,0.1,1,4.18,1.99,0
V04261,roro,234.1,36.4,8.8,130151,4523,2023-01-08 02:29:33.655055,2023-01-08 04:59:33.655055,2023-01-08 12:29:33.655055,7.5,2.5,normal,1.0,32.4,1.3,3.2,3.3,2,2.53,6.46,0
V05247,bulk,286.1,42.4,8.6,171878,3739,2023-01-08 14:33:59.293876,2023-01-08 17:02:47.293876,2023-01-10 14:02:47.293876,45.0,2.48,normal,0.83,39.7,7.5,4.5,0.8,1,2.28,4.34,0
V05775,tanker,144.5,21.9,13.7,137926,2134,2023-01-08 19:34:03.941278,2023-01-08 21:52:03.941278,2023-01-09 21:10:03.941278,23.3,2.3,normal,0.52,20.1,3.5,2.4,1.1,1,7.96,2.99,1
V03634,roro,243.9,39.6,9.9,164703,2311,2023-01-08 20:05:50.274081,2023-01-08 22:13:02.274081,2023-01-09 07:43:02.274081,9.5,2.12,normal,0.95,24.6,5.1,2.4,0.4,1,7.99,2.26,1
V01865,bulk,162.3,23.4,9.6,111129,1571,2023-01-09 03:15:52.200320,2023-01-09 06:17:04.200320,2023-01-11 18:05:04.200320,59.8,3.02,high,0.83,21.0,7.4,2.1,0.3,1,2.51,6.84,0
V05579,container,193.3,26.3,11.1,161463,4049,2023-01-09 08:04:38.786556,2023-01-09 10:48:26.786556,2023-01-10 13:24:26.786556,26.6,2.73,low,0.77,24.3,5.5,2.9,1.1,1,7.98,4.89,1
V02709,tanker,212.9,30.5,10.9,184022,3974,2023-01-09 09:00:50.511616,2023-01-09 10:31:26.511616,2023-01-10 08:37:26.511616,22.1,1.51,normal,0.69,16.7,7.6,1.2,0.1,0,7.81,0.42,1
V04205,container,272.1,40.5,8.9,160098,3927,2023-01-09 10:55:11.211410,2023-01-09 12:58:11.211410,2023-01-10 06:58:11.211410,18.0,2.05,normal,1.0,30.6,6.7,3.5,4.5,1,5.72,1.8,1
V03524,container,184.9,25.3,14.5,167261,1367,2023-01-09 12:00:18.188058,2023-01-09 14:35:42.188058,2023-01-10 11:29:42.188058,20.9,2.59,low,0.41,23.1,7.3,1.9,8.2,1,4.09,2.87,0
V03684,tanker,169.7,24.0,12.7,154860,3373,2023-01-09 12:38:49.532386,2023-01-09 14:43:37.532386,2023-01-10 04:13:37.532386,13.5,2.08,high,0.63,25.2,4.9,2.5,1.4,1,3.23,5.52,0
V05634,bulk,141.1,21.0,12.5,119717,1269,2023-01-09 16:57:26.468364,2023-01-09 19:19:38.468364,2023-01-10 13:01:38.468364,17.7,2.37,normal,0.61,26.2,6.8,2.7,1.8,1,4.04,2.31,0
V04791,general,195.7,30.8,6.7,95508,2042,2023-01-09 17:28:51.754066,2023-01-09 19:22:15.754066,2023-01-10 22:28:15.754066,27.1,1.89,normal,1.0,20.4,7.2,2.0,1.5,1,4.82,0.27,0
V01874,roro,189.1,26.6,10.0,121404,4028,2023-01-09 17:36:24.624268,2023-01-09 19:46:36.624268,2023-01-10 11:28:36.624268,15.7,2.17,normal,0.55,30.3,10.9,2.8,2.1,1,5.01,3.91,0
V03905,bulk,278.3,46.8,11.8,220909,1180,2023-01-10 04:27:43.963827,2023-01-10 07:17:31.963827,2023-01-11 02:53:31.963827,19.6,2.83,normal,0.72,20.9,8.6,2.2,3.5,1,2.89,3.33,0
V05832,bulk,285.6,37.6,8.3,188795,533,2023-01-10 04:58:14.374559,2023-01-10 07:25:14.374559,2023-01-12 10:19:14.374559,50.9,2.45,normal,0.65,20.1,7.3,2.0,2.5,1,3.51,1.19,0
V04337,roro,186.2,26.5,10.6,143554,1790,2023-01-10 09:00:32.308618,2023-01-10 10:16:44.308618,2023-01-10 20:28:44.308618,10.2,1.27,high,0.82,17.4,5.9,1.4,3.0,0,8.0,1.35,1
V01816,bulk,297.1,40.3,10.1,193226,2669,2023-01-10 14:15:24.304888,2023-01-10 15:36:24.304888,2023-01-11 15:06:24.304888,23.5,1.35,normal,0.78,16.3,9.6,1.4,0.7,0,2.41,1.45,0
V04801,tanker,156.0,21.8,13.5,166333,576,2023-01-10 23:17:44.530144,2023-01-11 00:47:44.530144,2023-01-11 21:35:44.530144,20.8,1.5,normal,0.68,14.1,7.7,1.4,2.4,0,6.84,3.62,1
V01199,general,101.7,15.2,5.4,36272,3035,2023-01-11 04:42:52.022203,2023-01-11 05:36:16.022203,2023-01-11 21:36:16.022203,16.0,0.89,normal,0.74,18.1,7.4,1.8,1.4,0,2.39,0.55,0
V02730,container,282.4,44.4,10.4,219770,3131,2023-01-11 07:03:23.803613,2023-01-11 08:12:59.803613,2023-01-12 02:42:59.803613,18.5,1.16,normal,0.75,6.7,7.6,0.8,2.3,0,5.39,1.68,0
V01992,bulk,148.6,24.7,10.7,105167,1340,2023-01-11 11:07:53.694424,2023-01-11 13:16:53.694424,2023-01-12 18:34:53.694424,29.3,2.15,low,0.68,26.6,7.1,3.4,1.5,1,7.43,7.24,1
V02454,bulk,271.0,44.3,11.5,242065,2373,2023-01-11 17:36:08.446849,2023-01-11 19:20:32.446849,2023-01-12 15:08:32.446849,19.8,1.74,normal,0.7,19.7,5.4,2.3,4.8,0,2.83,4.55,0
V02844,bulk,285.9,38.7,11.5,228572,1932,2023-01-11 23:47:17.581442,2023-01-12 01:45:29.581442,2023-01-12 17:09:29.581442,15.4,1.97,normal,0.93,10.2,5.8,0.6,0.4,0,7.19,6.03,1
V05546,container,335.1,45.8,8.7,191535,2081,2023-01-12 08:06:52.863579,2023-01-12 09:21:16.863579,2023-01-13 14:03:16.863579,28.7,1.24,normal,0.68,18.5,6.2,2.2,1.8,0,5.77,2.81,1
V03312,tanker,131.0,17.8,12.9,105884,1389,2023-01-12 08:37:32.395885,2023-01-12 10:56:08.395885,2023-01-12 21:14:08.395885,10.3,2.31,normal,0.92,25.8,8.0,2.7,3.0,1,6.49,0.33,1
V05333,tanker,307.8,49.3,12.0,245014,2851,2023-01-12 17:38:10.938637,2023-01-12 19:35:46.938637,2023-01-13 09:35:46.938637,14.0,1.96,normal,0.79,36.3,6.9,3.4,1.2,1,2.21,1.83,0
V04751,roro,228.8,36.2,8.2,118267,3886,2023-01-12 19:35:10.349649,2023-01-12 21:28:34.349649,2023-01-13 06:16:34.349649,8.8,1.89,normal,0.73,35.3,6.4,3.4,1.7,1,4.38,3.22,0
V05922,tanker,167.8,25.0,12.1,126814,4682,2023-01-13 01:50:41.002367,2023-01-13 04:14:05.002367,2023-01-14 06:02:05.002367,25.8,2.39,normal,0.78,26.3,10.1,2.8,0.4,1,5.54,0.76,1
V03732,tanker,164.8,24.5,11.0,114806,813,2023-01-13 05:18:58.092461,2023-01-13 07:00:22.092461,2023-01-14 07:06:22.092461,24.1,1.69,high,1.0,5.6,5.0,0.8,1.1,0,2.0,0.37,0
V01482,container,212.1,35.1,13.4,183121,2586,2023-01-13 05:36:53.562226,2023-01-13 08:17:41.562226,2023-01-14 11:53:41.562226,27.6,2.68,normal,0.72,20.3,7.0,2.3,1.8,1,2.04,6.42,0
V03036,container,182.7,29.8,11.4,164729,1082,2023-01-13 07:22:24.380330,2023-01-13 09:27:12.380330,2023-01-14 06:45:12.380330,21.3,2.08,normal,0.69,24.3,5.0,1.7,7.4,1,3.51,3.02,0
V03518,tanker,229.0,36.8,10.2,146290,1527,2023-01-13 12:23:43.979579,2023-01-13 14:53:07.979579,2023-01-14 04:05:07.979579,13.2,2.49,normal,0.75,25.8,6.1,2.6,1.2,1,7.7,1.82,1
V05543,roro,242.5,40.6,10.9,191799,1887,2023-01-13 15:38:42.194353,2023-01-13 16:54:18.194353,2023-01-14 08:12:18.194353,15.3,1.26,low,0.87,28.3,8.1,3.2,1.5,1,3.48,2.52,0
V02835,general,113.3,15.6,7.3,64742,2335,2023-01-13 20:16:42.251870,2023-01-13 22:10:42.251870,2023-01-14 19:10:42.251870,21.0,1.9,normal,0.91,26.4,4.8,2.8,0.4,1,4.22,1.9,0
V05182,tanker,232.8,33.4,10.3,189103,1991,2023-01-13 22:21:47.816847,2023-01-14 00:32:35.816847,2023-01-15 00:32:35.816847,24.0,2.18,low,0.48,23.9,7.2,2.9,2.2,1,7.14,5.32,1
V01740,container,151.1,23.0,11.6,134084,2771,2023-01-13 23:57:42.968612,2023-01-14 02:11:30.968612,2023-01-14 21:47:30.968612,19.6,2.23,low,0.83,26.7,6.4,2.4,3.1,1,8.0,0.85,1
V01129,bulk,274.8,43.4,10.0,219445,1092,2023-01-14 00:27:51.094182,2023-01-14 02:05:03.094182,2023-01-15 04:47:03.094182,26.7,1.62,normal,0.51,15.3,3.8,1.5,0.9,0,7.88,4.79,1
V05235,roro,114.7,16.9,10.8,74880,4114,2023-01-14 06:08:18.896721,2023-01-14 07:56:54.896721,2023-01-14 22:56:54.896721,15.0,1.81,normal,0.83,32.1,6.3,3.2,0.1,1,2.0,2.65,0
V05215,container,277.1,39.9,10.1,171794,4961,2023-01-14 08:35:46.688109,2023-01-14 10:47:10.688109,2023-01-15 07:11:10.688109,20.4,2.19,normal,0.87,29.2,5.4,3.0,8.0,1,4.1,2.16,0
V04994,container,363.7,59.7,8.9,215602,3835,2023-01-14 18:06:39.811601,2023-01-14 19:33:39.811601,2023-01-15 17:45:39.811601,22.2,1.45,normal,0.67,8.7,7.4,0.7,0.6,0,2.06,3.38,0
V03912,tanker,315.9,50.4,13.3,268333,3794,2023-01-14 21:31:04.208380,2023-01-15 00:10:04.208380,2023-01-16 09:16:04.208380,33.1,2.65,normal,0.56,26.0,6.0,2.3,1.7,1,4.88,7.0,0
V05306,general,197.2,30.6,9.6,121918,3868,2023-01-15 02:11:23.745912,2023-01-15 03:17:59.745912,2023-01-15 16:17:59.745912,13.0,1.11,normal,0.77,17.5,7.9,2.3,1.4,0,7.18,3.41,1
V05929,roro,120.4,19.7,6.4,52870,3537,2023-01-15 12:22:30.201334,2023-01-15 13:14:42.201334,2023-01-16 00:50:42.201334,11.6,0.87,normal,0.77,13.2,5.6,1.1,0.4,0,7.8,5.7,1
V04744,bulk,121.7,17.8,12.1,90792,4055,2023-01-15 17:30:29.053136,2023-01-15 19:04:41.053136,2023-01-16 19:34:41.053136,24.5,1.57,normal,0.91,18.8,5.0,1.6,0.2,0,3.15,1.81,0
V01045,tanker,215.0,31.8,10.1,136407,1294,2023-01-15 21:55:48.524998,2023-01-15 23:27:36.524998,2023-01-17 01:09:36.524998,25.7,1.53,normal,0.71,0.0,6.7,0.0,3.9,0,4.29,0.79,0
V02406,tanker,131.1,17.1,12.8,110986,2768,2023-01-15 22:52:45.458708,2023-01-16 00:24:33.458708,2023-01-16 11:24:33.458708,11.0,1.53,normal,0.86,13.4,6.9,1.3,3.4,0,5.72,2.9,1
V04172,bulk,213.1,29.3,8.3,131486,534,2023-01-16 01:11:13.905152,2023-01-16 03:01:37.905152,2023-01-17 01:01:37.905152,22.0,1.84,normal,0.57,11.8,5.3,1.7,0.2,0,7.96,6.85,1
V05435,container,304.7,47.8,14.7,317084,1236,2023-01-16 02:37:46.106658,2023-01-16 04:53:22.106658,2023-01-16 15:23:22.106658,10.5,2.26,normal,0.58,32.1,9.9,3.4,1.5,1,7.52,1.17,1
V03084,container,233.0,34.1,13.6,227277,1236,2023-01-16 03:31:03.821300,2023-01-16 04:50:15.821300,2023-01-16 16:02:15.821300,11.2,1.32,normal,0.8,10.3,7.5,0.8,2.3,0,6.56,2.65,1
V05578,container,257.4,33.8,9.0,159615,1546,2023-01-16 10:58:58.973583,2023-01-16 13:04:58.973583,2023-01-17 12:28:58.973583,23.4,2.1,low,0.61,33.3,6.6,2.8,2.0,1,5.28,3.95,0
V02354,tanker,213.6,31.0,9.4,160389,718,2023-01-16 11:30:07.842807,2023-01-16 14:33:43.842807,2023-01-17 18:39:43.842807,28.1,3.06,normal,0.73,24.9,8.6,2.2,2.0,1,6.05,6.75,1
V05327,tanker,156.6,20.5,11.3,127128,4028,2023-01-16 15:22:04.609706,2023-01-16 16:54:28.609706,2023-01-17 17:06:28.609706,24.2,1.54,normal,0.77,15.9,4.8,2.2,0.2,0,7.21,1.09,1
V05819,container,372.4,51.6,13.2,320089,4967,2023-01-16 16:08:58.140188,2023-01-16 17:22:10.140188,2023-01-17 07:10:10.140188,13.8,1.22,normal,0.96,17.7,9.8,1.7,0.4,0,6.25,0.65,1
V03927,bulk,171.8,27.6,9.0,98082,4306,2023-01-16 17:17:21.810297,2023-01-16 20:22:09.810297,2023-01-17 23:10:09.810297,26.8,3.08,normal,0.82,20.8,9.1,2.2,0.2,1,4.56,4.84,0
V01483,bulk,231.1,36.6,9.5,169543,1196,2023-01-16 19:23:53.394161,2023-01-16 20:59:53.394161,2023-01-19 13:29:53.394161,64.5,1.6,normal,0.87,3.3,4.5,0.0,1.9,0,2.19,2.67,0
V03451,container,165.8,24.6,10.3,114822,563,2023-01-16 20:08:51.208414,2023-01-16 21:21:27.208414,2023-01-17 05:57:27.208414,8.6,1.21,high,0.7,12.2,7.3,0.9,0.4,0,2.0,0.28,0
V04524,general,183.0,30.0,7.0,100445,2537,2023-01-16 23:34:48.854547,2023-01-17 00:46:48.854547,2023-01-17 14:52:48.854547,14.1,1.2,normal,0.82,16.4,5.1,1.4,0.2,0,5.57,1.84,1
V03556,bulk,288.9,44.3,9.6,217572,2833,2023-01-17 01:42:14.984880,2023-01-17 02:57:50.984880,2023-01-17 21:21:50.984880,18.4,1.26,normal,0.8,9.9,9.7,1.2,0.6,0,7.86,3.71,1
V02443,container,356.4,55.4,9.5,262790,657,2023-01-17 11:37:25.651588,2023-01-17 13:05:01.651588,2023-01-18 13:35:01.651588,24.5,1.46,normal,0.69,18.4,9.2,1.6,1.7,0,5.04,0.71,0
V03856,tanker,314.4,49.7,12.0,291706,4296,2023-01-17 16:26:55.121201,2023-01-17 17:51:31.121201,2023-01-18 11:09:31.121201,17.3,1.41,high,0.89,8.4,6.2,1.2,0.4,0,6.9,1.7,1
V03585,tanker,124.8,19.8,9.1,89280,3345,2023-01-17 21:07:28.252958,2023-01-17 23:27:52.252958,2023-01-18 12:33:52.252958,13.1,2.34,normal,0.8,27.4,7.9,2.9,0.7,1,2.02,4.21,0
V01267,bulk,224.3,30.2,11.3,153880,4974,2023-01-17 23:18:09.100846,2023-01-18 02:37:57.100846,2023-01-18 18:25:57.100846,15.8,3.33,normal,0.79,31.0,5.9,2.9,0.7,1,3.96,2.96,0
V05103,tanker,290.9,43.0,13.3,287683,4483,2023-01-18 05:15:06.433713,2023-01-18 07:31:54.433713,2023-01-20 02:19:54.433713,42.8,2.28,normal,0.79,20.9,8.6,2.2,0.7,1,6.39,3.8,1
V01975,container,202.9,33.8,8.5,121774,2285,2023-01-18 06:16:07.698232,2023-01-18 08:14:55.698232,2023-01-19 01:02:55.698232,16.8,1.98,normal,0.72,38.8,8.0,3.6,4.1,1,4.9,2.89,0
V04474,tanker,183.6,26.1,12.7,180914,1146,2023-01-18 08:13:58.725633,2023-01-18 10:30:46.725633,2023-01-19 13:36:46.725633,27.1,2.28,normal,0.71,42.2,5.6,4.4,1.0,2,2.43,3.33,0
V02649,container,321.1,49.1,11.9,251161,4167,2023-01-18 09:49:28.578332,2023-01-18 12:38:04.578332,2023-01-19 06:32:04.578332,17.9,2.81,normal,0.73,26.4,7.3,3.3,0.4,1,2.11,1.8,0
V01916,general,130.6,21.5,6.3,55532,576,2023-01-18 12:18:52.219609,2023-01-18 13:08:04.219609,2023-01-19 15:44:04.219609,26.6,0.82,normal,0.83,11.9,5.9,1.6,0.1,0,4.87,1.35,0
V05724,roro,235.3,38.6,6.8,115792,598,2023-01-19 08:53:12.834732,2023-01-19 10:14:48.834732,2023-01-19 18:26:48.834732,8.2,1.36,normal,0.95,32.8,3.6,3.6,1.5,1,2.55,1.54,0
V04658,tanker,270.8,35.6,9.5,194277,2876,2023-01-19 09:00:21.470692,2023-01-19 11:17:09.470692,2023-01-20 10:35:09.470692,23.3,2.28,normal,0.95,21.2,4.1,2.1,1.8,1,2.45,2.12,0
V02677,container,202.6,27.8,10.0,148615,3110,2023-01-19 09:06:11.261658,2023-01-19 10:20:35.261658,2023-01-20 02:14:35.261658,15.9,1.24,normal,0.45,10.4,9.3,0.7,2.3,0,2.37,3.63,0
V03190,tanker,319.5,51.4,9.5,194469,2211,2023-01-19 09:49:46.928652,2023-01-19 11:55:46.928652,2023-01-20 09:01:46.928652,21.1,2.1,normal,0.77,29.5,6.8,2.6,2.5,1,2.03,3.44,0
V03652,tanker,143.9,21.9,13.7,154708,4176,2023-01-20 01:10:43.421688,2023-01-20 02:43:07.421688,2023-01-20 20:25:07.421688,17.7,1.54,normal,0.86,18.9,7.0,1.9,0.0,0,4.36,5.64,0
V04220,container,241.2,35.4,14.7,231150,3062,2023-01-20 13:16:29.592982,2023-01-20 16:17:41.592982,2023-01-21 21:35:41.592982,29.3,3.02,normal,0.66,22.7,7.9,2.4,5.3,1,3.92,2.55,0
V03843,tanker,162.8,24.7,11.8,149408,4531,2023-01-20 15:57:39.658898,2023-01-20 17:16:51.658898,2023-01-21 18:28:51.658898,25.2,1.32,high,0.94,17.4,6.8,1.7,3.0,0,7.51,0.2,1
V02955,tanker,140.1,19.5,10.5,94835,3373,2023-01-21 07:48:03.255958,2023-01-21 09:00:03.255958,2023-01-22 10:12:03.255958,25.2,1.2,low,0.61,11.9,6.0,1.1,3.5,0,6.18,1.56,1
V01546,tanker,159.5,22.4,13.3,136888,2663,2023-01-21 21:55:55.865427,2023-01-22 00:07:19.865427,2023-01-22 11:07:19.865427,11.0,2.19,normal,0.98,21.0,5.3,2.0,2.0,1,3.64,1.72,0
V01720,container,235.9,33.5,10.9,188046,4635,2023-01-21 23:03:16.578486,2023-01-22 00:10:28.578486,2023-01-22 11:04:28.578486,10.9,1.12,normal,0.73,17.8,8.2,1.4,1.4,0,2.41,3.34,0
V04260,container,276.9,46.1,8.9,190511,2638,2023-01-21 23:21:55.239046,2023-01-22 00:36:19.239046,2023-01-22 19:18:19.239046,18.7,1.24,low,1.0,15.1,8.6,1.7,0.1,0,2.21,3.74,0
V02298,tanker,248.3,38.6,9.4,162311,4706,2023-01-22 02:17:35.779762,2023-01-22 03:45:11.779762,2023-01-23 09:45:11.779762,30.0,1.46,low,0.74,13.4,5.0,1.9,3.7,0,3.67,4.09,0
V03197,tanker,168.9,24.1,10.3,132111,1448,2023-01-22 05:55:42.724532,2023-01-22 07:23:18.724532,2023-01-23 12:59:18.724532,29.6,1.46,normal,0.61,10.0,7.4,0.6,0.5,0,7.95,4.44,1
V05751,tanker,149.6,23.8,10.8,115481,782,2023-01-22 15:27:02.769084,2023-01-22 18:52:14.769084,2023-01-23 15:46:14.769084,20.9,3.42,normal,0.67,48.6,5.9,4.8,1.9,2,4.77,0.34,0
V03519,container,346.2,56.3,10.3,284868,4283,2023-01-22 23:33:42.146385,2023-01-23 01:33:42.146385,2023-01-23 13:33:42.146385,12.0,2.0,normal,0.86,31.4,4.9,3.3,1.2,1,2.66,4.53,0
V04197,container,309.4,51.4,9.2,192796,3642,2023-01-23 00:35:55.733828,2023-01-23 01:49:07.733828,2023-01-23 20:07:07.733828,18.3,1.22,normal,0.63,15.9,7.0,0.8,2.0,0,2.03,1.79,0
V02672,tanker,158.7,23.0,10.9,112022,4443,2023-01-23 02:44:13.362041,2023-01-23 04:21:25.362041,2023-01-23 16:51:25.362041,12.5,1.62,normal,1.0,28.6,7.5,2.6,0.5,1,3.21,2.92,0
V05823,bulk,105.9,16.6,11.7,82803,2533,2023-01-23 04:49:51.025575,2023-01-23 05:57:39.025575,2023-01-24 01:27:39.025575,19.5,1.13,normal,0.39,16.2,9.1,1.3,1.0,0,6.23,4.31,1
V01440,bulk,182.4,27.0,11.4,160391,4748,2023-01-24 02:15:45.033943,2023-01-24 03:36:45.033943,2023-01-25 11:30:45.033943,31.9,1.35,normal,0.57,5.6,4.1,0.5,3.3,0,2.12,1.14,0
V03691,container,161.3,21.4,13.2,167977,1835,2023-01-24 13:34:58.455099,2023-01-24 14:51:46.455099,2023-01-25 18:57:46.455099,28.1,1.28,high,0.89,4.2,7.8,0.5,0.0,0,2.1,0.91,0
V04148,container,296.0,47.5,14.6,277110,4520,2023-01-24 17:32:25.726331,2023-01-24 20:01:49.726331,2023-01-25 10:07:49.726331,14.1,2.49,normal,0.71,24.1,4.8,2.3,1.1,1,5.52,1.97,1
V04742,bulk,170.2,26.5,7.9,99271,4870,2023-01-24 20:11:39.365024,2023-01-24 22:22:27.365024,2023-01-25 23:04:27.365024,24.7,2.18,normal,1.0,20.9,7.9,1.9,8.4,1,8.0,6.04,1
V03953,tanker,227.7,30.1,10.7,154303,3975,2023-01-24 23:06:49.259900,2023-01-25 00:45:49.259900,2023-01-26 07:45:49.259900,31.0,1.65,high,0.65,17.1,6.9,1.6,0.5,0,5.43,4.23,0
V04523,general,216.3,34.9,6.6,99351,1687,2023-01-25 12:10:43.497692,2023-01-25 13:05:55.497692,2023-01-26 08:29:55.497692,19.4,0.92,normal,0.71,17.8,10.7,1.9,0.5,0,4.43,3.81,0
V01636,roro,190.4,26.5,8.9,103256,4753,2023-01-26 00:22:18.775743,2023-01-26 01:24:06.775743,2023-01-26 09:24:06.775743,8.0,1.03,normal,0.67,6.2,5.3,0.3,1.3,0,4.74,0.27,0
V03700,bulk,216.5,36.7,8.8,142395,1734,2023-01-26 07:09:35.934967,2023-01-26 10:05:23.934967,2023-01-27 02:47:23.934967,16.7,2.93,normal,0.66,36.7,6.0,3.3,0.3,1,6.13,1.03,1
V04300,bulk,173.4,27.6,7.1,88910,1709,2023-01-26 14:05:46.463064,2023-01-26 16:21:22.463064,2023-01-27 05:45:22.463064,13.4,2.26,normal,0.83,28.9,8.4,3.3,2.6,1,2.94,3.34,0
V01003,container,274.8,44.5,9.0,152080,4941,2023-01-26 15:28:38.731827,2023-01-26 16:46:38.731827,2023-01-27 07:16:38.731827,14.5,1.3,normal,0.62,15.6,8.0,1.8,0.0,0,2.02,2.38,0
V03503,tanker,193.6,26.9,12.2,187907,843,2023-01-26 15:53:13.080617,2023-01-26 16:51:25.080617,2023-01-27 17:03:25.080617,24.2,0.97,normal,0.83,6.3,6.9,0.4,1.5,0,2.01,1.8,0
V01617,container,199.2,26.2,8.3,127972,3553,2023-01-26 19:02:02.561024,2023-01-26 21:32:38.561024,2023-01-27 17:20:38.561024,19.8,2.51,normal,0.78,30.0,9.9,3.0,3.0,1,5.35,3.89,0
V04308,bulk,154.5,24.7,8.9,89833,4103,2023-01-27 04:19:07.107678,2023-01-27 06:14:55.107678,2023-01-28 08:08:55.107678,25.9,1.93,normal,0.65,14.5,7.2,1.5,0.6,0,2.02,5.52,0
V05399,bulk,183.7,29.8,12.6,143076,1912,2023-01-27 12:42:08.929409,2023-01-27 15:12:08.929409,2023-01-29 02:00:08.929409,34.8,2.5,normal,0.95,21.2,5.4,2.0,0.5,1,6.04,3.1,1
V01144,tanker,145.8,21.9,13.4,134781,3136,2023-01-27 19:21:14.869815,2023-01-27 22:00:14.869815,2023-01-28 13:24:14.869815,15.4,2.65,normal,0.83,22.5,4.6,2.4,2.0,1,4.63,0.69,0
V03924,tanker,160.3,24.4,11.3,125301,2289,2023-01-27 20:12:14.632288,2023-01-27 22:41:02.632288,2023-01-29 02:23:02.632288,27.7,2.48,normal,0.88,31.0,8.4,2.5,8.1,1,5.9,3.08,1
V05872,bulk,173.3,25.0,10.0,110479,3177,2023-01-27 20:59:56.295332,2023-01-27 23:22:44.295332,2023-01-28 23:10:44.295332,23.8,2.38,normal,0.93,29.8,8.0,3.3,2.3,1,6.95,0.03,1
V05468,container,370.1,48.5,11.5,276751,4457,2023-01-28 00:19:22.830474,2023-01-28 01:56:34.830474,2023-01-29 10:32:34.830474,32.6,1.62,high,0.81,13.2,5.6,1.5,2.9,0,7.04,1.35,1
V04807,tanker,270.3,38.3,10.4,194989,3515,2023-01-28 10:01:40.057406,2023-01-28 11:56:16.057406,2023-01-29 13:44:16.057406,25.8,1.91,normal,0.52,12.9,9.2,1.0,0.6,0,7.57,5.79,1
V02021,container,172.3,26.9,10.0,106775,3023,2023-01-28 10:48:38.998345,2023-01-28 12:03:02.998345,2023-01-28 21:15:02.998345,9.2,1.24,normal,0.68,18.9,6.1,1.7,0.3,0,7.97,1.38,1
V01238,roro,103.1,13.6,7.6,59026,3659,2023-01-28 16:34:30.625465,2023-01-28 17:27:18.625465,2023-01-29 09:45:18.625465,16.3,0.88,normal,0.73,11.6,9.7,1.4,1.0,0,2.2,3.44,0
V03119,container,216.2,31.1,14.8,218794,529,2023-01-28 19:40:07.128268,2023-01-28 21:09:31.128268,2023-01-29 06:21:31.128268,9.2,1.49,normal,0.72,15.9,10.0,1.4,0.2,0,3.91,0.96,0
V02358,tanker,241.4,35.1,13.8,259924,4193,2023-01-28 21:12:27.669943,2023-01-28 23:14:51.669943,2023-01-30 10:14:51.669943,35.0,2.04,normal,0.56,31.0,7.1,3.7,0.6,1,6.19,3.58,1
V02545,container,215.1,33.5,12.6,166603,1793,2023-01-28 23:10:31.412568,2023-01-29 00:14:43.412568,2023-01-29 14:44:43.412568,14.5,1.07,low,0.73,6.5,8.2,0.5,0.9,0,7.96,3.87,1
V05442,bulk,183.4,29.3,8.3,106808,3881,2023-01-28 23:37:13.837708,2023-01-29 01:58:49.837708,2023-01-30 02:04:49.837708,24.1,2.36,high,0.9,25.2,10.4,2.4,0.8,1,7.99,2.58,1
V02790,roro,141.9,20.0,9.0,79489,3054,2023-01-29 01:29:34.211721,2023-01-29 02:46:22.211721,2023-01-29 17:52:22.211721,15.1,1.28,normal,0.71,6.5,10.1,1.0,0.2,0,6.6,2.36,1
V03149,tanker,135.3,19.2,13.7,113878,1263,2023-01-29 06:32:45.122836,2023-01-29 09:11:09.122836,2023-01-31 17:05:09.122836,55.9,2.64,normal,0.68,33.5,5.7,3.3,0.5,1,2.27,3.83,0
V03805,container,288.7,37.7,10.7,186719,1734,2023-01-29 08:19:08.101425,2023-01-29 09:28:44.101425,2023-01-29 18:52:44.101425,9.4,1.16,normal,0.57,3.3,7.2,0.3,0.0,0,4.28,4.41,0
V05398,container,326.3,53.0,14.3,284419,1846,2023-01-29 16:44:24.320807,2023-01-29 18:31:12.320807,2023-01-30 03:37:12.320807,9.1,1.78,normal,0.91,28.3,7.1,2.4,1.2,1,2.68,6.81,0
V01462,container,285.5,39.4,11.7,230609,4086,2023-01-29 16:47:37.816748,2023-01-29 19:05:37.816748,2023-01-30 07:53:37.816748,12.8,2.3,normal,0.81,22.5,10.4,1.9,2.5,1,2.63,0.49,0
V04461,roro,246.9,35.5,10.0,194419,4995,2023-01-29 20:30:19.332303,2023-01-29 22:14:07.332303,2023-01-30 05:32:07.332303,7.3,1.73,normal,0.66,39.1,5.3,3.7,0.0,1,3.97,2.41,0
V04913,tanker,258.5,39.6,10.5,165617,2661,2023-01-30 07:01:40.710200,2023-01-30 08:22:04.710200,2023-01-31 02:34:04.710200,18.2,1.34,normal,0.53,8.9,4.3,0.9,0.4,0,2.11,1.73,0
V04078,bulk,246.9,38.5,11.9,222727,898,2023-01-30 11:22:34.012710,2023-01-30 13:23:46.012710,2023-01-31 19:29:46.012710,30.1,2.02,normal,0.91,18.1,3.6,2.1,2.4,0,7.35,4.59,1
V03557,bulk,226.8,37.9,9.4,144954,1883,2023-01-31 03:15:19.463510,2023-01-31 04:43:31.463510,2023-01-31 21:13:31.463510,16.5,1.47,normal,0.55,17.3,6.0,1.6,1.2,0,6.38,4.77,1
V02112,bulk,230.8,36.5,10.7,152243,2100,2023-01-31 09:27:37.497587,2023-01-31 10:51:01.497587,2023-01-31 23:27:01.497587,12.6,1.39,normal,0.75,17.4,6.3,1.5,0.7,0,3.63,4.56,0
V02141,tanker,168.5,25.8,13.6,179662,709,2023-01-31 10:41:38.218338,2023-01-31 12:42:50.218338,2023-02-01 01:54:50.218338,13.2,2.02,normal,0.81,26.4,6.0,2.6,0.1,1,5.45,5.15,0
V03410,roro,159.9,22.5,7.7,87788,3013,2023-01-31 21:59:05.301009,2023-01-31 23:53:05.301009,2023-02-01 12:11:05.301009,12.3,1.9,high,0.84,31.2,6.0,2.8,0.3,1,3.8,3.39,0
V02974,general,183.5,24.9,7.9,110269,1884,2023-02-01 00:35:47.748249,2023-02-01 02:20:11.748249,2023-02-01 20:32:11.748249,18.2,1.74,normal,0.68,30.7,5.1,2.9,0.2,1,7.37,6.04,1
V02038,roro,116.7,18.4,9.0,82645,4011,2023-02-01 04:17:51.475102,2023-02-01 05:56:15.475102,2023-02-01 13:08:15.475102,7.2,1.64,normal,0.87,23.5,4.8,2.6,3.4,1,6.05,0.61,1
V04740,bulk,167.5,25.7,10.5,117236,2253,2023-02-01 12:05:01.352890,2023-02-01 13:36:49.352890,2023-02-02 00:12:49.352890,10.6,1.53,normal,0.61,13.2,5.7,1.7,3.1,0,6.3,2.76,1
V05258,general,83.2,12.2,8.9,56267,2986,2023-02-02 05:23:07.854628,2023-02-02 07:36:19.854628,2023-02-03 13:18:19.854628,29.7,2.22,normal,0.68,23.0,8.0,2.6,1.0,1,5.63,0.32,1
V03818,bulk,170.4,28.3,12.4,136256,3887,2023-02-02 07:20:05.496214,2023-02-02 09:30:17.496214,2023-02-03 09:00:17.496214,23.5,2.17,high,0.73,21.4,7.5,2.1,2.7,1,2.9,4.49,0
V02962,roro,134.8,21.4,7.1,60864,2297,2023-02-02 21:25:57.417650,2023-02-02 22:33:45.417650,2023-02-03 05:39:45.417650,7.1,1.13,normal,0.65,16.8,3.1,1.9,1.0,0,2.01,0.54,0
V05342,general,143.0,19.7,6.1,59455,3043,2023-02-02 23:50:35.237464,2023-02-03 00:58:23.237464,2023-02-03 20:22:23.237464,19.4,1.13,normal,1.0,19.3,7.8,2.2,0.7,0,4.16,0.75,0
V02804,container,254.3,37.2,12.2,210388,4192,2023-02-03 00:17:59.834665,2023-02-03 01:22:47.834665,2023-02-04 03:28:47.834665,26.1,1.08,high,0.79,19.3,5.6,1.9,3.0,0,4.85,2.54,0
V04444,tanker,166.5,26.0,9.7,97072,4583,2023-02-03 06:40:51.947407,2023-02-03 07:52:15.947407,2023-02-04 02:10:15.947407,18.3,1.19,normal,0.87,10.5,5.5,0.5,2.9,0,4.88,3.55,0
V02948,roro,149.9,22.9,8.7,92006,2649,2023-02-03 09:25:50.649595,2023-02-03 10:01:14.649595,2023-02-03 23:01:14.649595,13.0,0.59,normal,0.78,18.9,9.8,2.5,1.7,0,2.03,2.45,0
V03142,container,335.8,55.1,10.0,242356,2092,2023-02-03 13:27:02.291445,2023-02-03 15:47:26.291445,2023-02-05 03:41:26.291445,35.9,2.34,normal,0.84,30.0,8.5,3.0,0.3,1,5.97,0.63,1
V04595,roro,110.2,14.7,10.5,70403,4730,2023-02-03 18:49:30.501424,2023-02-03 19:51:18.501424,2023-02-04 01:15:18.501424,5.4,1.03,normal,0.73,18.2,8.6,1.9,5.1,0,5.27,3.48,0
V03228,bulk,219.0,34.2,10.2,159656,1148,2023-02-04 10:06:13.954233,2023-02-04 11:58:25.954233,2023-02-05 19:34:25.954233,31.6,1.87,normal,0.65,17.1,5.6,1.7,0.3,0,2.06,4.53,0
V05309,container,337.6,51.3,11.9,264652,3538,2023-02-04 15:00:46.188695,2023-02-04 17:28:58.188695,2023-02-05 08:10:58.188695,14.7,2.47,normal,0.7,24.3,8.0,2.3,1.5,1,6.97,3.97,1
V05636,general,195.5,32.9,5.2,78723,4572,2023-02-04 18:49:32.094008,2023-02-04 19:42:56.094008,2023-02-05 09:24:56.094008,13.7,0.89,low,0.91,2.1,6.1,0.3,0.2,0,6.42,4.78,1
V02322,container,230.4,36.4,12.8,233865,2541,2023-02-05 04:08:07.092484,2023-02-05 05:54:55.092484,2023-02-06 05:12:55.092484,23.3,1.78,normal,0.82,38.4,6.5,3.8,1.3,1,7.65,0.18,1
V04788,bulk,227.0,33.2,8.5,151476,3899,2023-02-05 12:31:19.894575,2023-02-05 14:04:55.894575,2023-02-06 04:10:55.894575,14.1,1.56,normal,1.0,16.4,9.0,1.9,3.2,0,2.56,3.61,0
V03907,container,240.8,39.3,8.1,131998,3303,2023-02-05 12:47:48.257261,2023-02-05 15:07:36.257261,2023-02-06 12:55:36.257261,21.8,2.33,low,1.0,29.2,3.7,2.5,1.2,1,2.82,2.69,0
V01372,general,153.3,20.7,5.6,60726,4715,2023-02-05 19:13:22.165746,2023-02-05 20:25:58.165746,2023-02-06 15:25:58.165746,19.0,1.21,low,0.67,17.8,5.3,1.9,0.1,0,6.93,3.06,1
V03870,bulk,227.0,31.8,7.2,106243,4475,2023-02-06 05:48:07.390466,2023-02-06 07:24:07.390466,2023-02-07 13:06:07.390466,29.7,1.6,low,0.78,5.1,5.8,0.5,0.2,0,8.0,4.04,1
V01507,container,162.0,21.5,9.8,98551,4158,2023-02-06 19:39:06.552542,2023-02-06 21:48:06.552542,2023-02-07 20:54:06.552542,23.1,2.15,normal,0.39,21.8,6.2,2.5,0.5,1,7.32,3.71,1
V02865,bulk,272.9,36.1,7.8,144833,750,2023-02-06 22:54:12.891585,2023-02-07 01:37:24.891585,2023-02-08 17:37:24.891585,40.0,2.72,normal,0.78,29.6,8.4,3.0,3.1,1,2.93,3.0,0
V05084,general,153.8,25.4,6.8,80015,4896,2023-02-06 23:04:17.376276,2023-02-07 00:55:53.376276,2023-02-08 01:19:53.376276,24.4,1.86,normal,0.8,29.2,5.5,2.7,0.2,1,2.75,1.02,0
V04267,general,172.2,23.9,7.4,83648,4902,2023-02-07 05:18:13.267117,2023-02-07 07:19:25.267117,2023-02-07 22:01:25.267117,14.7,2.02,normal,0.86,30.2,3.7,2.8,1.1,1,7.28,4.2,1
V02382,general,84.1,12.7,7.2,43683,1742,2023-02-07 12:56:51.354028,2023-02-07 14:08:51.354028,2023-02-08 01:14:51.354028,11.1,1.2,low,0.85,0.0,8.9,0.0,2.1,0,2.0,2.03,0
V03963,tanker,223.9,31.7,9.1,158985,2802,2023-02-07 15:35:24.537258,2023-02-07 17:00:36.537258,2023-02-08 05:30:36.537258,12.5,1.42,normal,1.0,17.6,9.4,1.5,1.8,0,4.38,1.83,0
V01096,bulk,265.5,42.7,11.4,182270,2373,2023-02-07 16:42:56.667799,2023-02-07 18:59:44.667799,2023-02-08 15:29:44.667799,20.5,2.28,high,0.78,20.9,8.5,1.6,0.2,1,6.06,1.01,1
V01295,roro,163.1,27.1,8.5,103069,3119,2023-02-08 05:36:46.160439,2023-02-08 06:43:58.160439,2023-02-08 17:07:58.160439,10.4,1.12,normal,0.67,24.1,7.4,2.3,1.0,1,6.73,3.49,1
V02756,container,285.9,45.7,8.8,191349,2948,2023-02-08 05:55:21.489905,2023-02-08 06:59:33.489905,2023-02-09 04:05:33.489905,21.1,1.07,normal,0.82,17.1,4.7,1.6,1.0,0,7.09,1.13,1
V01622,container,219.1,32.1,11.7,167848,1091,2023-02-08 05:56:46.024202,2023-02-08 07:17:10.024202,2023-02-08 18:59:10.024202,11.7,1.34,normal,0.88,8.7,9.7,0.9,0.8,0,7.12,3.84,1
V01190,bulk,106.2,13.9,8.6,70859,1595,2023-02-08 08:09:53.202656,2023-02-08 11:12:17.202656,2023-02-09 06:36:17.202656,19.4,3.04,normal,0.86,21.5,4.3,2.1,3.7,1,7.83,2.06,1
V04829,container,224.0,31.7,9.4,156421,4948,2023-02-08 09:35:08.718004,2023-02-08 10:35:08.718004,2023-02-08 22:23:08.718004,11.8,1.0,normal,0.81,19.5,10.1,1.4,1.5,0,6.47,2.76,1
V04340,bulk,226.3,32.1,12.4,221549,1772,2023-02-09 11:34:29.484245,2023-02-09 14:45:53.484245,2023-02-10 09:45:53.484245,19.0,3.19,normal,0.85,27.6,2.5,2.3,0.9,2,4.73,1.92,0
V03464,roro,176.7,26.8,10.9,152649,1408,2023-02-10 03:47:53.766824,2023-02-10 04:46:41.766824,2023-02-10 19:46:41.766824,15.0,0.98,normal,0.67,12.4,5.1,1.2,0.7,0,2.31,5.22,0
V03575,tanker,204.9,32.3,13.8,172293,1987,2023-02-10 12:38:44.276788,2023-02-10 13:58:32.276788,2023-02-11 06:10:32.276788,16.2,1.33,normal,0.79,12.1,7.2,1.0,0.0,0,4.33,1.67,0
V04358,bulk,147.6,24.1,9.9,94754,3469,2023-02-10 17:10:54.701246,2023-02-10 18:43:54.701246,2023-02-11 13:25:54.701246,18.7,1.55,normal,0.82,17.6,7.1,1.4,0.2,0,3.26,4.48,0
V01892,container,208.0,30.7,14.1,192028,3152,2023-02-11 03:52:03.402718,2023-02-11 05:07:03.402718,2023-02-11 20:19:03.402718,15.2,1.25,normal,0.74,15.9,3.7,2.1,1.8,0,2.01,2.33,0
V03844,roro,196.1,28.4,9.2,109638,3822,2023-02-11 11:09:35.036140,2023-02-11 12:16:11.036140,2023-02-11 23:22:11.036140,11.1,1.11,normal,0.94,35.4,9.0,3.8,2.2,1,7.41,2.74,1
V05088,bulk,173.6,24.7,10.0,112856,2189,2023-02-11 11:51:33.184579,2023-02-11 14:44:57.184579,2023-02-12 08:44:57.184579,18.0,2.89,normal,0.73,27.5,5.8,2.5,1.5,1,6.64,3.43,1
V04466,tanker,126.4,19.3,10.9,94541,3503,2023-02-11 12:49:55.101114,2023-02-11 14:05:31.101114,2023-02-12 07:11:31.101114,17.1,1.26,normal,0.63,18.2,5.5,1.8,0.4,0,5.26,6.67,0
V02839,container,195.5,31.6,10.3,128169,2060,2023-02-11 13:23:09.218741,2023-02-11 15:36:57.218741,2023-02-12 07:30:57.218741,15.9,2.23,normal,0.75,21.8,5.4,2.3,1.5,1,4.42,3.04,0
V02336,general,191.0,30.4,7.2,98152,2034,2023-02-11 14:38:26.374094,2023-02-11 17:01:14.374094,2023-02-12 13:19:14.374094,20.3,2.38,low,0.7,30.1,9.7,3.3,1.8,1,2.78,2.34,0
V04612,tanker,249.7,40.6,9.8,177955,2911,2023-02-12 03:02:34.048032,2023-02-12 05:33:10.048032,2023-02-12 20:57:10.048032,15.4,2.51,normal,0.9,24.7,6.4,2.3,0.5,1,2.78,4.15,0
V04703,container,344.2,54.0,12.7,279213,3486,2023-02-12 05:14:05.994848,2023-02-12 07:28:29.994848,2023-02-12 15:34:29.994848,8.1,2.24,low,0.65,27.0,4.7,2.6,0.6,1,2.21,3.66,0
V01568,general,195.9,30.1,6.9,100589,1585,2023-02-12 08:01:20.234133,2023-02-12 09:40:20.234133,2023-02-13 00:46:20.234133,15.1,1.65,normal,0.49,21.4,9.3,2.2,0.4,1,5.64,1.95,1
V04532,general,187.7,27.4,7.6,113221,2368,2023-02-12 09:32:44.180253,2023-02-12 11:05:08.180253,2023-02-12 22:35:08.180253,11.5,1.54,low,0.91,32.6,8.9,3.3,2.6,1,7.5,1.76,1
V03203,bulk,181.4,30.7,8.1,92442,3437,2023-02-12 18:15:37.441585,2023-02-12 20:50:25.441585,2023-02-13 16:50:25.441585,20.0,2.58,normal,1.0,20.7,6.4,1.3,0.6,1,2.68,5.33,0
V05889,bulk,235.1,35.7,9.3,136224,2925,2023-02-13 01:36:05.268446,2023-02-13 04:02:29.268446,2023-02-13 18:38:29.268446,14.6,2.44,normal,0.64,25.0,7.4,1.7,0.3,1,5.9,1.97,1
V02035,tanker,205.1,33.0,12.1,176113,2928,2023-02-13 01:55:40.042670,2023-02-13 03:25:40.042670,2023-02-13 18:01:40.042670,14.6,1.5,normal,0.68,19.6,5.2,1.9,1.3,0,5.41,5.27,0
V02440,general,108.8,15.5,7.1,58514,726,2023-02-13 16:20:46.506714,2023-02-13 17:26:46.506714,2023-02-14 04:32:46.506714,11.1,1.1,low,0.67,16.1,6.8,1.4,0.2,0,2.68,2.96,0
V01716,general,109.9,14.9,6.6,52523,2389,2023-02-13 18:43:43.965469,2023-02-13 20:53:55.965469,2023-02-14 21:11:55.965469,24.3,2.17,normal,0.54,25.8,11.1,2.3,4.4,1,2.4,0.65,0
V02105,bulk,190.7,30.1,12.3,182895,3691,2023-02-14 04:45:41.834405,2023-02-14 07:27:41.834405,2023-02-14 19:09:41.834405,11.7,2.7,normal,0.77,21.6,7.3,2.2,5.3,1,2.66,0.04,0
V05181,bulk,131.6,19.8,10.2,96399,1023,2023-02-14 06:28:05.952341,2023-02-14 09:08:53.952341,2023-02-16 17:38:53.952341,56.5,2.68,normal,0.89,22.6,7.5,2.1,0.2,1,2.05,2.04,0
V05118,container,369.4,58.3,13.4,299949,3916,2023-02-14 08:34:40.413787,2023-02-14 10:48:28.413787,2023-02-15 11:06:28.413787,24.3,2.23,normal,0.88,35.8,8.2,3.7,0.0,1,4.07,6.18,0
V03469,container,229.8,34.3,11.0,189034,2084,2023-02-14 12:52:03.269520,2023-02-14 15:09:27.269520,2023-02-16 12:03:27.269520,44.9,2.29,normal,0.95,27.7,6.4,3.1,2.2,1,7.88,5.07,1
V05658,container,255.8,42.5,12.7,244546,857,2023-02-15 01:18:00.797649,2023-02-15 02:17:24.797649,2023-02-15 19:53:24.797649,17.6,0.99,normal,0.88,12.7,8.1,1.4,0.1,0,7.86,3.2,1
V01000,roro,209.8,28.6,9.0,119183,761,2023-02-15 02:54:51.563911,2023-02-15 04:30:15.563911,2023-02-15 15:42:15.563911,11.2,1.59,normal,0.46,29.1,5.6,3.0,0.3,1,6.3,4.63,1
V01134,container,249.0,41.2,9.0,149962,1195,2023-02-15 03:14:59.535200,2023-02-15 04:40:11.535200,2023-02-15 23:04:11.535200,18.4,1.42,normal,0.63,19.7,4.0,1.5,0.1,0,5.83,0.26,1
V03956,container,300.0,49.6,13.4,310396,946,2023-02-15 07:38:25.671804,2023-02-15 09:07:13.671804,2023-02-16 02:07:13.671804,17.0,1.48,normal,0.53,30.6,10.0,2.9,1.5,1,2.21,3.84,0
V05503,general,91.3,13.9,10.0,64649,1814,2023-02-15 07:42:10.136644,2023-02-15 09:23:34.136644,2023-02-16 07:53:34.136644,22.5,1.69,normal,0.55,25.1,4.9,2.4,0.7,1,2.24,7.2,0
V05339,bulk,136.1,23.0,9.3,88337,4787,2023-02-15 20:41:24.464048,2023-02-15 23:42:00.464048,2023-02-17 03:24:00.464048,27.7,3.01,normal,0.64,33.8,7.8,3.4,0.4,1,2.71,0.69,0
V02239,bulk,161.5,22.1,8.3,97596,4637,2023-02-16 09:24:58.866524,2023-02-16 10:33:58.866524,2023-02-17 03:51:58.866524,17.3,1.15,normal,0.71,5.8,7.0,0.3,0.3,0,3.06,6.02,0
V05632,general,184.8,24.5,8.9,126919,2598,2023-02-16 15:54:38.515327,2023-02-16 16:54:02.515327,2023-02-17 03:24:02.515327,10.5,0.99,normal,0.72,13.1,8.2,1.3,0.3,0,6.57,3.09,1
V01717,bulk,183.9,30.7,8.1,112086,2666,2023-02-16 21:09:04.705472,2023-02-16 23:51:04.705472,2023-02-18 04:03:04.705472,28.2,2.7,normal,0.43,26.4,7.4,2.2,0.2,1,2.42,1.65,0
V04183,tanker,304.9,40.0,10.5,213036,4821,2023-02-16 22:57:17.620015,2023-02-17 00:26:41.620015,2023-02-18 06:56:41.620015,30.5,1.49,high,0.76,16.5,7.9,2.2,0.0,0,4.63,3.77,0
V04767,container,177.7,24.8,12.7,166010,2967,2023-02-17 12:27:38.608676,2023-02-17 15:08:26.608676,2023-02-18 06:14:26.608676,15.1,2.68,normal,0.61,21.3,6.9,2.5,0.3,1,6.27,3.74,1
V03037,container,296.0,43.2,10.5,187913,3151,2023-02-17 20:53:13.046561,2023-02-17 21:55:37.046561,2023-02-18 13:01:37.046561,15.1,1.04,normal,0.64,18.8,6.1,1.7,2.0,0,2.0,1.26,0
V01272,bulk,108.0,18.2,8.6,73443,2085,2023-02-18 05:06:15.430378,2023-02-18 06:25:27.430378,2023-02-19 12:25:27.430378,30.0,1.32,normal,0.78,19.9,7.6,2.0,0.2,0,6.58,5.39,1
V02531,general,171.9,24.0,7.5,101133,744,2023-02-18 20:06:29.933093,2023-02-18 21:56:17.933093,2023-02-19 10:02:17.933093,12.1,1.83,normal,0.61,28.7,9.8,2.4,0.9,1,2.92,0.1,0
V02064,container,152.8,19.9,10.0,98711,2388,2023-02-18 22:38:54.792445,2023-02-19 00:58:42.792445,2023-02-19 20:22:42.792445,19.4,2.33,low,0.56,28.2,6.4,3.0,1.8,1,2.34,4.54,0
V02235,container,307.8,43.4,13.0,303227,4345,2023-02-19 09:21:10.634088,2023-02-19 11:13:58.634088,2023-02-21 09:01:58.634088,45.8,1.88,normal,0.69,27.3,5.9,2.2,0.4,1,2.21,4.86,0
V04889,tanker,123.3,18.4,11.5,99713,1456,2023-02-19 10:29:28.110210,2023-02-19 13:10:52.110210,2023-02-22 07:10:52.110210,66.0,2.69,low,1.0,25.7,4.5,2.4,0.2,1,2.06,2.23,0
V05409,general,181.1,28.7,6.8,96687,1462,2023-02-19 11:17:35.892474,2023-02-19 13:03:11.892474,2023-02-20 05:51:11.892474,16.8,1.76,normal,0.59,25.0,6.9,2.6,2.8,1,2.53,6.51,0
V05345,tanker,220.5,37.2,12.7,214080,2828,2023-02-19 12:33:27.261770,2023-02-19 15:13:03.261770,2023-02-21 02:31:03.261770,35.3,2.66,low,0.83,21.5,7.3,2.3,0.1,1,4.04,3.47,0
V04557,container,342.0,46.0,14.0,312787,3812,2023-02-19 13:13:05.111241,2023-02-19 14:39:29.111241,2023-02-20 03:21:29.111241,12.7,1.44,low,0.92,19.7,6.9,1.6,4.2,0,5.03,1.35,0
V02585,tanker,209.9,31.6,12.4,169099,3229,2023-02-19 16:26:37.830823,2023-02-19 17:52:25.830823,2023-02-21 09:22:25.830823,39.5,1.43,low,0.62,16.1,6.5,1.7,7.1,0,7.99,2.25,1
V04434,tanker,256.8,36.2,12.3,248983,1460,2023-02-19 20:09:44.248915,2023-02-19 21:37:56.248915,2023-02-20 08:55:56.248915,11.3,1.47,normal,0.93,14.3,4.7,2.2,5.5,0,3.87,6.27,0
V01538,bulk,224.2,33.6,12.3,210946,2310,2023-02-20 04:20:51.019414,2023-02-20 05:35:15.019414,2023-02-21 04:17:15.019414,22.7,1.24,low,0.49,16.8,9.3,1.8,2.2,0,7.95,1.97,1
V03902,general,147.7,23.3,6.9,73317,852,2023-02-20 12:42:52.916007,2023-02-20 13:45:16.916007,2023-02-20 18:33:16.916007,4.8,1.04,normal,0.61,16.3,7.2,1.6,0.2,0,3.18,0.14,0
V05256,general,97.7,14.8,6.0,45501,1085,2023-02-20 17:56:25.662266,2023-02-20 20:16:49.662266,2023-02-21 22:28:49.662266,26.2,2.34,normal,0.74,24.2,8.2,2.7,4.5,1,7.73,2.5,1
V02288,general,179.9,23.4,8.3,93835,1505,2023-02-20 22:34:46.717958,2023-02-20 23:37:46.717958,2023-02-21 10:13:46.717958,10.6,1.05,high,0.96,17.4,5.3,1.8,2.2,0,2.2,4.29,0
V03604,bulk,118.5,17.5,7.2,67284,4628,2023-02-21 04:12:05.549871,2023-02-21 07:14:29.549871,2023-02-22 12:20:29.549871,29.1,3.04,high,0.79,30.3,6.9,3.2,0.3,1,7.37,1.31,1
V05661,container,216.6,31.9,14.7,211169,1898,2023-02-21 04:42:16.926759,2023-02-21 06:00:52.926759,2023-02-21 23:36:52.926759,17.6,1.31,normal,0.77,14.1,9.4,1.9,3.3,0,7.76,6.12,1
V04453,tanker,145.3,21.3,10.3,109435,1761,2023-02-21 11:44:24.391701,2023-02-21 12:49:12.391701,2023-02-22 06:07:12.391701,17.3,1.08,normal,0.69,16.2,9.3,1.6,2.9,0,2.0,5.27,0
V01166,container,330.8,48.1,13.1,262192,4275,2023-02-21 16:00:19.495371,2023-02-21 17:50:43.495371,2023-02-22 11:26:43.495371,17.6,1.84,high,0.76,24.6,8.3,2.6,2.7,1,6.72,6.64,1
V04915,bulk,199.1,28.9,12.5,198275,2944,2023-02-21 17:05:36.938282,2023-02-21 18:32:36.938282,2023-02-22 19:38:36.938282,25.1,1.45,normal,0.88,18.8,6.4,1.9,0.3,0,7.75,4.42,1
V01894,tanker,305.6,51.1,9.0,193161,3653,2023-02-22 09:16:44.491314,2023-02-22 11:47:20.491314,2023-02-23 06:59:20.491314,19.2,2.51,normal,0.8,30.2,6.1,3.3,0.3,1,5.18,3.77,0
V01749,bulk,174.5,27.0,8.9,98285,4307,2023-02-22 16:16:17.895847,2023-02-22 18:33:41.895847,2023-02-23 11:33:41.895847,17.0,2.29,normal,0.94,20.2,9.5,2.7,3.1,1,6.0,4.31,1
V04917,container,312.4,46.4,9.2,180567,3220,2023-02-22 16:53:45.585153,2023-02-22 18:53:09.585153,2023-02-24 04:47:09.585153,33.9,1.99,normal,0.84,25.0,4.0,2.7,4.7,1,6.83,2.08,1
V02080,roro,100.8,17.1,10.9,87813,2645,2023-02-22 18:50:26.808737,2023-02-22 20:35:26.808737,2023-02-23 06:11:26.808737,9.6,1.75,normal,0.78,24.5,5.2,2.7,0.5,1,7.99,3.02,1
V05828,roro,161.2,21.6,10.8,116400,3618,2023-02-22 20:33:32.619166,2023-02-22 21:35:56.619166,2023-02-23 06:29:56.619166,8.9,1.04,normal,0.42,13.4,7.7,1.4,0.5,0,6.76,3.19,1
V01857,tanker,136.0,22.7,12.0,125676,805,2023-02-23 03:13:06.206987,2023-02-23 05:52:06.206987,2023-02-24 00:58:06.206987,19.1,2.65,normal,0.86,23.8,6.1,2.1,0.0,1,3.84,4.62,0
V01898,general,161.8,21.7,7.0,88240,660,2023-02-23 03:35:22.735402,2023-02-23 05:35:58.735402,2023-02-23 17:41:58.735402,12.1,2.01,normal,0.81,28.5,8.1,3.3,0.3,1,4.38,7.58,0
V02097,tanker,245.6,32.7,9.3,137993,2169,2023-02-23 05:11:05.784872,2023-02-23 06:41:05.784872,2023-02-24 00:35:05.784872,17.9,1.5,normal,0.77,15.3,7.9,1.3,1.5,0,6.69,6.07,1
V04805,tanker,202.8,31.5,10.2,154247,4754,2023-02-23 05:18:04.593823,2023-02-23 08:03:40.593823,2023-02-24 05:21:40.593823,21.3,2.76,normal,0.67,34.1,5.4,3.5,2.9,1,6.84,5.2,1
V01475,roro,149.5,24.8,10.8,105607,4116,2023-02-23 06:26:08.141158,2023-02-23 08:45:56.141158,2023-02-23 15:33:56.141158,6.8,2.33,low,0.81,27.9,1.4,2.3,0.6,2,7.83,4.41,1
V05735,tanker,178.3,25.0,12.1,161271,3997,2023-02-23 08:48:59.723085,2023-02-23 11:31:35.723085,2023-02-24 05:01:35.723085,17.5,2.71,low,0.54,20.8,4.6,1.5,0.8,1,6.93,2.59,1
V01274,container,195.2,27.7,9.7,137948,3204,2023-02-23 10:12:19.563869,2023-02-23 12:32:07.563869,2023-02-24 00:38:07.563869,12.1,2.33,low,0.82,32.2,5.8,3.1,1.0,1,4.99,2.34,0
V05681,container,328.4,49.6,14.5,298941,3436,2023-02-23 15:19:47.495476,2023-02-23 16:25:11.495476,2023-02-24 20:31:11.495476,28.1,1.09,normal,0.92,7.9,6.4,1.0,4.3,0,3.45,0.94,0
V04088,tanker,306.5,45.7,11.0,264526,2976,2023-02-23 18:15:34.908511,2023-02-23 20:47:58.908511,2023-02-24 10:29:58.908511,13.7,2.54,normal,1.0,22.4,7.7,2.0,0.2,1,7.43,1.93,1
V02362,bulk,229.2,30.6,7.7,129187,2958,2023-02-23 22:33:27.219911,2023-02-23 23:54:27.219911,2023-02-24 15:06:27.219911,15.2,1.35,normal,0.77,19.2,9.5,1.8,3.5,0,5.06,1.44,0
V05052,bulk,247.9,37.9,8.0,129792,2820,2023-02-24 05:16:11.721722,2023-02-24 07:29:23.721722,2023-02-25 22:11:23.721722,38.7,2.22,normal,0.84,35.7,8.2,3.6,1.7,1,5.71,0.85,1
V01244,container,251.8,41.0,8.3,159936,3146,2023-02-24 14:53:59.341538,2023-02-24 16:08:23.341538,2023-02-25 20:32:23.341538,28.4,1.24,normal,0.95,16.5,9.3,1.8,1.6,0,2.24,3.1,0
V03217,roro,207.8,28.9,9.4,139056,2105,2023-02-24 20:25:24.892182,2023-02-24 22:14:00.892182,2023-02-25 10:26:00.892182,12.2,1.81,low,0.87,24.1,6.3,2.4,0.8,1,7.99,5.51,1
V04324,general,116.5,15.4,7.4,54727,1443,2023-02-24 22:16:23.602830,2023-02-24 23:06:11.602830,2023-02-25 22:48:11.602830,23.7,0.83,normal,0.5,19.8,4.3,1.7,0.6,0,6.62,3.13,1
V01915,container,318.3,50.9,13.3,283216,2850,2023-02-24 22:25:45.968614,2023-02-24 23:37:45.968614,2023-02-25 07:31:45.968614,7.9,1.2,normal,0.77,12.8,7.1,1.5,0.1,0,6.42,1.72,1
V02530,container,160.2,27.0,9.1,108682,2875,2023-02-25 03:44:18.529923,2023-02-25 06:13:06.529923,2023-02-26 01:25:06.529923,19.2,2.48,high,0.59,25.6,4.9,2.5,1.4,1,2.57,5.17,0
V05251,container,163.1,22.0,14.6,151365,613,2023-02-25 06:41:04.905830,2023-02-25 08:54:52.905830,2023-02-26 10:54:52.905830,26.0,2.23,normal,0.68,28.7,5.7,2.9,0.6,1,6.57,0.81,1
V05405,tanker,317.1,53.4,13.2,316567,3347,2023-02-25 09:07:48.480906,2023-02-25 10:21:00.480906,2023-02-26 06:57:00.480906,20.6,1.22,normal,0.63,13.0,6.4,0.8,0.5,0,7.93,7.39,1
V03073,tanker,182.5,24.9,13.4,159667,1152,2023-02-25 12:47:11.901089,2023-02-25 14:05:11.901089,2023-02-26 15:23:11.901089,25.3,1.3,normal,0.96,18.5,5.6,1.8,11.4,0,3.56,4.36,0
V01578,bulk,295.9,49.4,7.5,154470,3307,2023-02-25 16:37:23.447477,2023-02-25 19:31:59.447477,2023-02-26 15:37:59.447477,20.1,2.91,normal,0.73,29.5,2.9,2.7,0.8,2,3.07,3.15,0
V02146,container,196.0,28.9,8.4,125345,3137,2023-02-25 17:34:42.742827,2023-02-25 19:35:54.742827,2023-02-26 06:23:54.742827,10.8,2.02,normal,0.92,24.6,8.7,2.4,0.1,1,4.36,0.75,0
V04864,tanker,215.0,34.3,13.9,181953,989,2023-02-25 21:08:35.209888,2023-02-25 22:13:23.209888,2023-02-27 23:07:23.209888,48.9,1.08,normal,0.52,17.0,8.8,2.3,1.4,0,8.0,4.51,1
V03569,general,205.8,26.8,7.4,118207,1244,2023-02-25 22:17:22.090524,2023-02-25 23:17:22.090524,2023-02-26 18:41:22.090524,19.4,1.0,high,0.96,17.9,5.3,2.2,0.8,0,7.47,5.26,1
V02380,container,219.7,30.2,11.5,175169,4264,2023-02-25 22:30:37.702290,2023-02-25 23:55:13.702290,2023-02-26 14:37:13.702290,14.7,1.41,normal,0.79,14.9,3.4,1.3,3.0,0,7.27,2.37,1
V05520,container,356.7,46.4,8.2,211422,1193,2023-02-26 00:36:26.842006,2023-02-26 02:02:14.842006,2023-02-26 19:26:14.842006,17.4,1.43,normal,0.74,5.9,5.8,0.8,5.0,0,4.39,4.18,0
V03399,bulk,202.6,29.8,8.9,134839,3317,2023-02-26 02:34:52.258880,2023-02-26 05:52:16.258880,2023-02-28 02:04:16.258880,44.2,3.29,normal,0.69,27.8,8.8,2.7,2.7,1,2.2,0.18,0
V04762,general,150.3,24.6,5.2,61529,834,2023-02-26 03:13:26.171419,2023-02-26 04:10:26.171419,2023-02-26 22:28:26.171419,18.3,0.95,normal,1.0,13.7,7.2,1.7,1.8,0,2.0,5.42,0
V05395,container,298.3,46.1,8.4,162074,1306,2023-02-26 10:06:18.689140,2023-02-26 12:26:42.689140,2023-02-27 04:44:42.689140,16.3,2.34,normal,0.52,31.2,4.0,3.2,1.4,1,7.86,1.84,1
V01652,general,213.0,30.9,9.0,145258,2081,2023-02-26 14:53:01.429606,2023-02-26 15:51:13.429606,2023-02-27 11:09:13.429606,19.3,0.97,normal,0.74,19.2,5.3,1.9,5.6,0,2.25,3.32,0
V02803,general,152.3,24.2,6.5,71752,4098,2023-02-26 22:35:54.886462,2023-02-26 23:32:54.886462,2023-02-27 10:20:54.886462,10.8,0.95,normal,0.94,12.7,7.7,0.6,1.8,0,7.81,0.16,1
V02091,bulk,100.2,16.6,11.8,93867,3737,2023-02-27 00:23:38.236753,2023-02-27 02:12:14.236753,2023-02-27 18:24:14.236753,16.2,1.81,normal,0.85,7.4,7.5,1.0,11.6,0,5.91,0.74,1
V05633,container,266.8,37.0,12.1,241461,827,2023-02-27 02:43:14.636723,2023-02-27 03:58:50.636723,2023-02-27 15:10:50.636723,11.2,1.26,low,0.71,6.3,7.8,0.8,0.9,0,2.7,4.73,0
V02920,container,379.7,59.1,8.5,204907,4278,2023-02-27 02:47:38.292381,2023-02-27 05:11:02.292381,2023-02-27 21:53:02.292381,16.7,2.39,normal,0.56,27.2,5.7,2.4,0.2,1,2.63,0.52,0
V04045,roro,122.9,18.1,7.7,69782,1379,2023-02-27 14:34:54.775374,2023-02-27 15:42:06.775374,2023-02-28 00:12:06.775374,8.5,1.12,normal,0.49,18.6,8.0,1.9,1.1,0,3.31,4.05,0
V03179,bulk,246.8,33.5,9.0,166461,2561,2023-02-28 00:12:24.021190,2023-02-28 02:07:36.021190,2023-03-01 10:13:36.021190,32.1,1.92,normal,0.99,18.4,12.1,1.9,1.8,0,7.17,5.24,1
V01370,bulk,212.4,28.3,7.0,115413,850,2023-02-28 04:14:10.285937,2023-02-28 06:17:10.285937,2023-03-01 11:05:10.285937,28.8,2.05,normal,0.78,22.8,5.2,2.2,1.3,1,2.17,1.4,0
V05249,tanker,190.8,28.0,10.6,161429,911,2023-02-28 17:34:40.474428,2023-02-28 19:10:40.474428,2023-03-01 10:40:40.474428,15.5,1.6,low,0.96,12.7,4.7,0.7,5.9,0,2.03,5.03,0
V01560,container,188.2,30.1,10.4,147058,3501,2023-02-28 21:47:23.192742,2023-02-28 23:28:47.192742,2023-03-01 21:16:47.192742,21.8,1.69,normal,0.7,9.4,5.6,1.8,1.3,0,6.94,3.59,1
V01672,tanker,153.2,22.7,13.3,159623,2605,2023-02-28 22:26:37.520659,2023-02-28 23:44:01.520659,2023-03-01 14:56:01.520659,15.2,1.29,normal,0.49,17.5,6.8,2.2,0.2,0,7.58,4.04,1
V05378,bulk,173.4,26.3,10.8,140643,1188,2023-02-28 22:57:04.085485,2023-03-01 00:40:16.085485,2023-03-02 13:40:16.085485,37.0,1.72,low,0.97,19.2,5.8,2.1,3.4,0,7.88,4.91,1
V04421,tanker,172.8,25.1,9.2,110049,4571,2023-02-28 23:34:42.660454,2023-03-01 01:29:18.660454,2023-03-01 22:59:18.660454,21.5,1.91,normal,0.82,21.0,8.6,2.3,1.0,1,8.0,0.82,1
V01612,tanker,227.9,30.1,12.5,187137,4187,2023-03-01 02:00:43.359076,2023-03-01 03:34:55.359076,2023-03-02 12:52:55.359076,33.3,1.57,normal,0.81,4.4,6.8,1.2,0.2,0,5.88,5.25,1
V04331,bulk,299.0,41.7,7.2,132123,4358,2023-03-01 04:24:20.800601,2023-03-01 07:57:56.800601,2023-03-02 04:03:56.800601,20.1,3.56,normal,0.85,27.7,6.9,2.5,0.7,1,2.62,6.49,0
V01147,tanker,267.8,36.6,9.0,178984,3499,2023-03-01 11:24:38.186548,2023-03-01 13:06:38.186548,2023-03-03 09:18:38.186548,44.2,1.7,normal,0.73,17.7,8.0,1.7,0.2,0,7.91,2.1,1
V05213,container,271.7,41.9,8.2,170286,4997,2023-03-01 12:27:23.767188,2023-03-01 13:55:35.767188,2023-03-01 22:43:35.767188,8.8,1.47,normal,0.74,15.8,7.3,1.4,0.5,0,7.88,4.3,1
V05272,container,367.8,49.2,9.7,253795,2919,2023-03-01 14:29:57.792775,2023-03-01 15:41:21.792775,2023-03-02 12:17:21.792775,20.6,1.19,normal,1.0,17.8,5.4,2.2,0.2,0,5.75,0.96,1
V03973,roro,148.6,21.0,6.7,78932,2371,2023-03-01 16:34:48.357409,2023-03-01 17:34:48.357409,2023-03-02 06:22:48.357409,12.8,1.0,normal,0.83,14.7,8.0,2.1,0.1,0,2.85,0.73,0
V05463,bulk,263.6,37.0,9.1,184717,3584,2023-03-01 18:01:27.267525,2023-03-01 20:43:27.267525,2023-03-02 12:43:27.267525,16.0,2.7,normal,0.43,16.7,2.5,1.7,0.3,1,2.0,5.0,0
V02487,bulk,193.5,31.1,12.6,186829,1099,2023-03-01 23:45:33.091673,2023-03-02 01:36:33.091673,2023-03-03 03:54:33.091673,26.3,1.85,normal,0.81,14.4,10.4,1.3,0.0,0,7.89,4.25,1
V01020,tanker,216.2,36.2,11.7,171306,4825,2023-03-02 01:06:20.378547,2023-03-02 02:38:44.378547,2023-03-02 19:08:44.378547,16.5,1.54,low,0.88,18.7,9.4,1.7,0.0,0,7.75,4.9,1
V02597,roro,155.7,21.9,6.8,68586,2744,2023-03-02 10:17:27.215346,2023-03-02 11:37:15.215346,2023-03-03 05:25:15.215346,17.8,1.33,normal,0.77,18.1,3.9,2.1,0.7,0,6.03,0.98,1
V03549,tanker,324.8,52.9,13.1,274707,893,2023-03-03 01:23:24.938635,2023-03-03 04:21:00.938635,2023-03-03 23:21:00.938635,19.0,2.96,low,0.65,21.0,12.5,1.8,0.4,1,7.97,2.76,1
V01193,container,287.3,48.0,14.5,278438,2875,2023-03-03 04:58:36.465817,2023-03-03 07:38:48.465817,2023-03-03 22:26:48.465817,14.8,2.67,normal,0.59,22.0,9.4,2.0,0.5,1,3.85,5.96,0
V04565,container,199.6,26.6,10.8,138580,2326,2023-03-03 18:38:05.613407,2023-03-03 20:04:29.613407,2023-03-04 11:04:29.613407,15.0,1.44,low,0.52,8.8,10.7,0.8,0.1,0,2.43,2.07,0
V04108,bulk,112.7,18.6,8.1,69713,1871,2023-03-04 11:01:29.437976,2023-03-04 12:28:29.437976,2023-03-05 04:22:29.437976,15.9,1.45,normal,0.85,0.5,10.2,0.0,0.0,0,4.73,6.0,0
V02189,container,231.0,38.8,11.5,209387,1314,2023-03-04 11:33:50.847350,2023-03-04 12:42:14.847350,2023-03-05 04:24:14.847350,15.7,1.14,high,0.55,13.7,6.8,1.4,0.9,0,5.55,1.32,1
V05095,general,207.3,27.3,6.3,83660,3908,2023-03-04 12:09:26.158911,2023-03-04 13:26:14.158911,2023-03-05 11:02:14.158911,21.6,1.28,normal,0.61,14.1,9.4,1.5,0.1,0,6.4,1.98,1
V02476,tanker,318.9,43.0,9.9,191535,2137,2023-03-04 15:35:31.761308,2023-03-04 17:15:07.761308,2023-03-05 07:45:07.761308,14.5,1.66,normal,0.67,2.0,10.9,0.5,0.3,0,7.38,1.5,1
V01818,general,174.8,26.5,8.5,115453,1634,2023-03-04 23:06:20.429073,2023-03-05 00:27:20.429073,2023-03-06 00:03:20.429073,23.6,1.35,normal,0.71,12.5,9.6,1.5,0.3,0,4.26,1.16,0
V04653,container,326.7,43.1,14.4,363176,2470,2023-03-05 01:09:21.309699,2023-03-05 02:47:45.309699,2023-03-05 20:17:45.309699,17.5,1.64,normal,0.66,12.1,5.4,1.0,0.0,0,7.13,3.98,1
V04254,container,292.8,43.1,10.9,206433,1622,2023-03-05 07:36:47.070660,2023-03-05 09:41:35.070660,2023-03-06 02:59:35.070660,17.3,2.08,high,0.58,28.8,7.5,2.8,0.6,1,2.62,5.31,0
V03439,tanker,199.6,32.3,12.5,160149,2322,2023-03-05 10:26:08.606127,2023-03-05 11:53:08.606127,2023-03-06 07:59:08.606127,20.1,1.45,high,0.49,14.7,7.4,1.4,0.2,0,2.86,4.31,0
V04467,container,262.8,40.9,8.7,170713,3671,2023-03-05 11:47:21.381622,2023-03-05 14:04:09.381622,2023-03-06 12:28:09.381622,22.4,2.28,normal,0.76,24.4,6.7,2.2,1.8,1,4.68,6.74,0
V03184,general,207.0,31.1,10.0,158253,710,2023-03-05 13:25:17.600061,2023-03-05 14:43:53.600061,2023-03-06 00:37:53.600061,9.9,1.31,normal,0.62,5.6,8.5,0.8,0.2,0,6.98,4.33,1
V03069,container,372.9,60.0,11.7,284276,3860,2023-03-05 23:53:22.992353,2023-03-06 01:52:10.992353,2023-03-06 14:16:10.992353,12.4,1.98,high,0.85,1.9,11.0,0.2,2.1,0,4.23,2.33,0
V03841,container,177.3,25.5,9.0,112468,503,2023-03-06 11:29:10.957808,2023-03-06 12:53:10.957808,2023-03-07 13:53:10.957808,25.0,1.4,normal,0.97,13.2,6.7,1.2,0.2,0,3.15,4.04,0
V02596,tanker,167.2,22.8,11.9,123468,2855,2023-03-06 13:15:42.578678,2023-03-06 14:55:18.578678,2023-03-07 05:49:18.578678,14.9,1.66,high,0.68,19.7,7.5,1.8,0.1,0,5.7,2.96,1
V04567,tanker,311.1,43.9,9.8,212670,3262,2023-03-06 15:20:05.070647,2023-03-06 18:05:05.070647,2023-03-08 05:05:05.070647,35.0,2.75,low,0.87,28.1,7.3,2.8,0.9,1,7.88,2.95,1
V01040,general,141.5,21.0,6.9,64466,3864,2023-03-06 17:27:26.723041,2023-03-06 18:58:38.723041,2023-03-07 02:22:38.723041,7.4,1.52,low,0.87,17.1,7.1,1.8,0.5,0,7.11,3.33,1
V01748,bulk,266.6,37.9,7.3,143216,3044,2023-03-07 01:28:29.364230,2023-03-07 02:54:53.364230,2023-03-08 22:00:53.364230,43.1,1.44,normal,0.82,0.0,7.0,0.0,0.4,0,5.42,0.92,0
V02448,bulk,207.0,34.5,9.4,149875,2547,2023-03-07 15:13:54.203802,2023-03-07 16:56:30.203802,2023-03-08 13:50:30.203802,20.9,1.71,normal,0.76,12.9,7.0,1.5,1.0,0,7.21,3.86,1
V02215,general,86.6,12.0,8.9,50655,2719,2023-03-07 20:18:19.326580,2023-03-07 23:17:43.326580,2023-03-08 16:11:43.326580,16.9,2.99,normal,0.77,26.0,2.1,2.4,0.5,2,4.24,2.06,0
V01425,container,164.1,27.8,12.1,125762,710,2023-03-08 01:57:35.869800,2023-03-08 03:31:11.869800,2023-03-08 12:37:11.869800,9.1,1.56,normal,0.68,11.3,9.2,1.2,1.1,0,4.94,7.11,0
V02031,tanker,198.6,26.9,10.9,170614,3877,2023-03-08 13:17:58.987372,2023-03-08 16:05:58.987372,2023-03-09 18:35:58.987372,26.5,2.8,low,0.64,27.6,4.4,3.2,0.4,1,3.41,3.88,0
V05420,general,170.4,27.5,8.2,93217,4812,2023-03-08 13:44:49.996757,2023-03-08 15:14:13.996757,2023-03-09 07:56:13.996757,16.7,1.49,normal,0.51,14.4,10.3,1.6,1.8,0,4.03,3.17,0
V02611,container,176.9,25.1,11.9,168300,2327,2023-03-08 13:45:31.340681,2023-03-08 15:04:07.340681,2023-03-09 04:28:07.340681,13.4,1.31,normal,0.66,21.4,5.1,1.8,0.2,1,4.04,4.29,0
V03474,tanker,161.6,24.8,10.2,131204,4886,2023-03-08 16:48:32.035716,2023-03-08 18:53:56.035716,2023-03-09 11:47:56.035716,16.9,2.09,normal,1.0,14.9,4.4,1.8,0.9,0,7.82,3.75,1
V01304,general,114.2,19.2,9.8,72692,2066,2023-03-08 22:55:06.208483,2023-03-09 00:19:06.208483,2023-03-09 06:55:06.208483,6.6,1.4,normal,0.67,12.2,11.5,1.2,0.2,0,2.23,2.81,0
V03823,container,336.5,55.1,11.1,282077,2742,2023-03-09 13:15:32.983442,2023-03-09 16:29:56.983442,2023-03-10 15:11:56.983442,22.7,3.24,normal,1.0,25.5,10.0,2.7,0.4,1,2.5,1.78,0
V01663,container,233.6,39.6,10.6,197836,1017,2023-03-09 14:36:20.992326,2023-03-09 16:42:56.992326,2023-03-10 10:12:56.992326,17.5,2.11,normal,0.63,13.4,6.8,1.5,0.2,0,4.11,5.15,0
V02607,bulk,228.7,31.1,11.0,176078,4057,2023-03-10 06:19:43.498976,2023-03-10 08:01:43.498976,2023-03-10 22:19:43.498976,14.3,1.7,normal,0.63,7.2,7.2,0.6,0.2,0,7.95,3.15,1
V01251,container,186.5,30.8,14.6,212770,4962,2023-03-10 14:54:19.427810,2023-03-10 15:48:55.427810,2023-03-11 04:42:55.427810,12.9,0.91,normal,0.97,12.3,5.3,1.1,0.7,0,3.42,6.72,0
V04979,container,227.3,35.7,8.9,141973,3262,2023-03-11 00:28:25.730643,2023-03-11 02:54:49.730643,2023-03-11 18:30:49.730643,15.6,2.44,normal,0.91,25.2,5.0,2.6,0.1,1,2.26,3.64,0
V03794,roro,152.3,21.3,9.5,95591,1594,2023-03-11 04:41:15.161942,2023-03-11 07:13:39.161942,2023-03-11 12:49:39.161942,5.6,2.54,normal,0.77,20.1,9.5,2.4,0.3,1,5.44,4.99,0
V04454,container,220.5,30.0,10.3,150348,4583,2023-03-11 10:36:49.427177,2023-03-11 12:05:01.427177,2023-03-11 23:17:01.427177,11.2,1.47,normal,0.64,9.7,8.5,1.2,0.9,0,4.98,2.8,0
V02034,roro,232.3,35.2,9.7,156022,1332,2023-03-11 13:15:23.906103,2023-03-11 14:26:11.906103,2023-03-12 05:32:11.906103,15.1,1.18,normal,0.77,11.2,9.6,1.8,0.1,0,2.08,3.78,0
V05610,container,184.8,30.8,9.5,130354,4586,2023-03-11 23:36:16.789134,2023-03-12 01:14:40.789134,2023-03-12 18:32:40.789134,17.3,1.64,normal,0.83,17.0,6.3,1.6,0.1,0,4.1,4.46,0
V04634,general,183.1,27.2,8.9,109799,4241,2023-03-12 02:34:39.542856,2023-03-12 04:02:51.542856,2023-03-12 21:26:51.542856,17.4,1.47,normal,0.76,10.7,6.9,0.6,0.1,0,2.09,1.41,0
V04849,tanker,281.0,43.2,10.8,187111,2964,2023-03-12 02:38:21.553314,2023-03-12 05:34:45.553314,2023-03-14 06:52:45.553314,49.3,2.94,high,0.67,21.2,10.6,1.6,1.3,1,2.11,6.6,0
V01453,bulk,146.9,22.3,9.9,105635,1657,2023-03-12 09:50:50.730204,2023-03-12 11:10:38.730204,2023-03-13 17:58:38.730204,30.8,1.33,normal,0.88,0.4,7.1,0.6,0.4,0,7.12,5.25,1
V05662,container,243.1,40.8,11.9,182535,3906,2023-03-12 14:12:30.206444,2023-03-12 16:40:42.206444,2023-03-13 02:58:42.206444,10.3,2.47,normal,0.79,32.8,5.3,3.5,0.8,1,2.03,4.03,0
V03454,tanker,282.0,47.6,9.6,175392,2515,2023-03-12 22:01:39.709538,2023-03-12 23:31:03.709538,2023-03-13 19:49:03.709538,20.3,1.49,normal,0.51,13.8,4.8,0.8,2.5,0,7.35,2.49,1
V02833,container,256.1,41.5,14.7,241372,2261,2023-03-12 23:59:32.251818,2023-03-13 01:19:20.251818,2023-03-13 17:43:20.251818,16.4,1.33,normal,0.78,10.2,5.8,1.0,0.5,0,4.71,1.33,0
V02673,bulk,148.2,21.1,8.3,95065,3952,2023-03-13 02:12:36.922104,2023-03-13 03:55:48.922104,2023-03-14 04:43:48.922104,24.8,1.72,normal,0.65,13.3,11.5,1.3,0.4,0,2.18,2.99,0
V05676,bulk,107.2,18.0,10.6,86027,4376,2023-03-13 07:41:23.257483,2023-03-13 09:26:59.257483,2023-03-14 15:14:59.257483,29.8,1.76,normal,0.78,6.1,6.6,0.5,0.0,0,7.27,2.93,1
V04273,general,84.0,12.6,6.5,39590,627,2023-03-13 07:43:45.584824,2023-03-13 09:11:57.584824,2023-03-14 04:23:57.584824,19.2,1.47,normal,0.5,3.0,5.6,0.2,0.0,0,7.31,4.42,1
V01784,general,90.2,14.1,5.4,33968,4057,2023-03-13 17:25:34.456760,2023-03-13 20:47:46.456760,2023-03-14 09:41:46.456760,12.9,3.37,normal,0.64,23.0,7.6,2.5,2.4,1,3.58,3.62,0
V03355,tanker,268.4,38.7,9.3,186198,3581,2023-03-13 17:56:01.488556,2023-03-13 19:40:25.488556,2023-03-14 19:22:25.488556,23.7,1.74,normal,0.73,7.7,9.4,0.7,1.0,0,4.3,4.98,0
V01550,tanker,196.7,31.0,11.0,170408,2941,2023-03-14 00:35:32.612529,2023-03-14 01:52:20.612529,2023-03-14 20:04:20.612529,18.2,1.28,high,0.5,18.2,7.6,1.9,0.0,0,5.01,3.21,0
V01625,bulk,270.3,38.3,11.7,210242,3555,2023-03-14 01:26:34.272777,2023-03-14 03:19:22.272777,2023-03-15 08:49:22.272777,29.5,1.88,normal,0.85,7.4,8.1,0.9,0.2,0,3.76,1.58,0
V03403,bulk,193.8,28.9,11.5,137791,1429,2023-03-14 01:32:09.607415,2023-03-14 03:32:09.607415,2023-03-14 22:56:09.607415,19.4,2.0,normal,0.63,17.3,4.9,1.3,0.0,0,3.63,6.08,0
V04125,tanker,302.2,45.9,10.5,213954,681,2023-03-14 06:55:39.555563,2023-03-14 09:31:39.555563,2023-03-14 23:13:39.555563,13.7,2.6,normal,0.67,20.7,9.8,1.7,0.0,1,5.19,5.82,0
V05870,container,219.9,34.4,8.0,126855,2314,2023-03-14 09:22:13.802880,2023-03-14 11:06:01.802880,2023-03-15 01:00:01.802880,13.9,1.73,normal,0.59,6.1,13.4,0.4,0.2,0,7.89,0.36,1
V05206,tanker,137.1,21.8,12.6,121473,1685,2023-03-14 19:34:02.578102,2023-03-14 20:48:26.578102,2023-03-15 09:54:26.578102,13.1,1.24,normal,0.69,17.4,6.4,1.6,0.7,0,5.56,1.85,1
V02929,bulk,254.3,34.7,7.8,143870,3073,2023-03-15 11:55:05.980126,2023-03-15 13:25:05.980126,2023-03-16 04:55:05.980126,15.5,1.5,normal,0.44,18.3,7.3,1.3,0.2,0,7.45,5.16,1
V04690,container,206.1,32.8,9.1,137071,1815,2023-03-15 13:31:31.361195,2023-03-15 16:02:43.361195,2023-03-16 10:56:43.361195,18.9,2.52,normal,0.84,24.7,6.9,2.3,1.3,1,5.42,4.81,0
V01043,bulk,289.5,44.4,7.9,160363,3252,2023-03-15 22:22:30.837174,2023-03-16 00:14:06.837174,2023-03-17 09:44:06.837174,33.5,1.86,low,1.0,17.9,9.1,1.9,0.7,0,7.8,5.69,1
V02169,general,174.0,29.0,5.9,66637,1599,2023-03-15 22:41:03.684847,2023-03-16 00:03:51.684847,2023-03-16 13:03:51.684847,13.0,1.38,normal,0.84,17.2,4.5,1.4,1.1,0,7.93,5.33,1
V05036,bulk,149.1,20.5,8.7,92198,1152,2023-03-15 23:21:51.504514,2023-03-16 00:44:03.504514,2023-03-17 03:02:03.504514,26.3,1.37,normal,0.75,3.2,8.8,0.6,0.0,0,7.97,1.28,1
V03082,tanker,274.0,36.6,9.1,154316,1544,2023-03-16 17:43:18.286082,2023-03-16 19:22:18.286082,2023-03-18 05:28:18.286082,34.1,1.65,normal,0.63,14.4,7.9,1.6,0.3,0,2.0,4.05,0
V03639,tanker,203.6,32.4,9.2,136399,2407,2023-03-17 00:14:09.039866,2023-03-17 02:05:09.039866,2023-03-18 09:47:09.039866,31.7,1.85,normal,0.63,8.5,5.3,1.0,0.8,0,7.96,4.67,1
V05156,tanker,147.2,19.3,13.1,138002,1514,2023-03-17 04:09:28.803694,2023-03-17 06:12:28.803694,2023-03-18 04:54:28.803694,22.7,2.05,low,0.99,33.5,8.3,3.2,0.2,1,3.34,4.1,0
V04970,bulk,211.8,32.5,7.3,95506,4130,2023-03-17 07:18:06.842150,2023-03-17 08:58:18.842150,2023-03-19 01:40:18.842150,40.7,1.67,normal,1.0,17.2,5.8,1.9,0.8,0,2.54,1.05,0
V02424,container,259.6,41.6,11.1,189008,1479,2023-03-17 12:44:17.680269,2023-03-17 14:46:41.680269,2023-03-18 03:34:41.680269,12.8,2.04,normal,0.54,8.5,6.2,0.4,0.2,0,7.93,4.32,1
V05352,general,202.4,33.7,8.7,127718,3517,2023-03-18 03:26:33.008454,2023-03-18 06:34:57.008454,2023-03-18 18:16:57.008454,11.7,3.14,normal,0.84,38.9,9.1,3.8,0.8,1,5.54,3.04,1
V02162,bulk,279.1,39.5,10.4,217270,2776,2023-03-18 14:59:01.883233,2023-03-18 17:07:25.883233,2023-03-19 19:49:25.883233,26.7,2.14,normal,0.72,7.6,4.0,1.3,0.1,0,6.73,3.94,1
V02295,roro,191.2,28.3,9.9,133713,2430,2023-03-18 16:13:16.382177,2023-03-18 17:41:28.382177,2023-03-19 05:23:28.382177,11.7,1.47,low,0.72,23.3,8.5,2.3,0.4,1,4.97,3.81,0
V05421,tanker,128.8,19.2,10.1,85577,4810,2023-03-18 23:36:26.876513,2023-03-19 03:11:50.876513,2023-03-19 22:29:50.876513,19.3,3.59,normal,1.0,20.1,8.2,2.0,0.4,1,6.72,0.64,1
V02729,bulk,100.0,13.0,12.3,92833,2618,2023-03-19 07:56:18.754228,2023-03-19 09:23:54.754228,2023-03-20 04:29:54.754228,19.1,1.46,normal,0.57,5.3,7.8,0.6,0.6,0,2.02,5.28,0
V04686,tanker,241.6,39.3,11.5,204635,4195,2023-03-19 15:31:23.518217,2023-03-19 17:03:11.518217,2023-03-20 14:27:11.518217,21.4,1.53,high,0.65,19.8,5.0,2.4,0.2,0,7.04,4.15,1
V04571,bulk,143.5,18.8,9.0,95658,3578,2023-03-19 16:25:25.012289,2023-03-19 18:15:49.012289,2023-03-20 09:45:49.012289,15.5,1.84,normal,0.71,1.6,6.5,0.4,0.3,0,5.86,2.64,1
V02268,bulk,171.0,26.8,8.7,112427,4433,2023-03-19 17:41:25.830543,2023-03-19 19:04:13.830543,2023-03-20 22:22:13.830543,27.3,1.38,low,0.72,14.2,6.7,1.0,1.4,0,3.97,6.18,0
V03505,bulk,191.8,29.6,8.9,104591,4133,2023-03-20 18:28:10.310771,2023-03-20 22:00:34.310771,2023-03-22 19:54:34.310771,45.9,3.54,normal,0.6,20.6,5.4,2.2,0.4,1,4.0,4.15,0
V05564,bulk,137.4,21.0,12.9,110880,717,2023-03-20 19:23:57.509024,2023-03-20 21:29:57.509024,2023-03-21 23:53:57.509024,26.4,2.1,normal,0.88,4.2,8.4,0.0,0.7,0,2.83,1.96,0
V02089,container,374.4,53.8,9.0,223694,836,2023-03-20 20:38:25.461883,2023-03-20 23:28:49.461883,2023-03-21 08:58:49.461883,9.5,2.84,normal,0.63,22.8,6.8,2.0,0.2,1,2.03,1.13,0
V03922,tanker,278.5,43.4,11.8,211212,3167,2023-03-21 14:31:21.506547,2023-03-21 15:58:21.506547,2023-03-21 23:46:21.506547,7.8,1.45,high,1.0,6.6,4.2,0.8,0.2,0,7.64,3.18,1
V02573,container,157.0,22.5,13.9,160665,4764,2023-03-21 15:18:21.874958,2023-03-21 16:50:45.874958,2023-03-23 09:08:45.874958,40.3,1.54,normal,0.92,0.9,10.1,0.2,0.2,0,7.99,2.51,1
V02509,bulk,142.8,23.6,12.6,115123,2085,2023-03-21 16:02:46.710935,2023-03-21 18:06:58.710935,2023-03-22 20:00:58.710935,25.9,2.07,normal,0.87,11.1,8.9,1.5,0.5,0,7.89,2.32,1
V04307,container,347.0,51.3,12.8,352398,4732,2023-03-21 19:48:38.379120,2023-03-21 21:16:50.379120,2023-03-22 10:04:50.379120,12.8,1.47,normal,0.67,18.8,6.0,1.8,1.0,0,3.27,3.96,0
V03751,container,249.8,34.7,10.0,167429,3211,2023-03-22 02:43:47.346855,2023-03-22 04:25:47.346855,2023-03-23 22:01:47.346855,41.6,1.7,high,0.68,6.3,9.6,0.3,1.8,0,7.49,7.04,1
V01539,bulk,258.2,34.9,10.1,195012,2286,2023-03-22 04:36:07.170323,2023-03-22 06:04:19.170323,2023-03-23 11:16:19.170323,29.2,1.47,normal,0.93,11.1,4.8,0.9,0.4,0,7.81,4.33,1
V05667,container,289.2,46.7,12.7,293155,1541,2023-03-22 08:54:11.381712,2023-03-22 10:35:35.381712,2023-03-23 23:29:35.381712,36.9,1.69,normal,0.83,17.0,6.9,1.5,1.5,0,2.53,2.73,0
V02000,bulk,288.5,40.9,8.0,145499,4065,2023-03-22 09:11:23.767396,2023-03-22 10:57:35.767396,2023-03-23 12:15:35.767396,25.3,1.77,normal,0.99,1.8,6.5,0.3,1.9,0,2.31,2.87,0
V05437,bulk,194.8,28.9,9.0,138344,1788,2023-03-22 09:43:44.951535,2023-03-22 11:11:56.951535,2023-03-23 05:59:56.951535,18.8,1.47,normal,0.79,15.5,11.9,1.5,0.8,0,2.05,7.03,0
V05574,roro,129.6,18.8,10.0,97284,1237,2023-03-22 10:06:54.524957,2023-03-22 11:50:06.524957,2023-03-23 00:08:06.524957,12.3,1.72,normal,0.35,15.8,6.7,1.5,0.8,0,2.0,0.15,0
V01815,bulk,206.7,27.2,11.0,169230,779,2023-03-22 18:22:35.788198,2023-03-22 21:44:47.788198,2023-03-24 04:56:47.788198,31.2,3.37,normal,0.93,27.3,7.4,2.8,0.4,1,6.49,3.22,1
V02242,bulk,284.5,39.8,11.2,202974,1537,2023-03-23 00:59:37.705317,2023-03-23 02:53:01.705317,2023-03-23 19:53:01.705317,17.0,1.89,high,0.88,10.9,6.0,0.7,0.3,0,4.09,3.93,0
V02782,bulk,205.2,30.5,10.6,169514,1929,2023-03-23 01:20:33.367994,2023-03-23 04:42:45.367994,2023-03-23 16:48:45.367994,12.1,3.37,normal,0.83,22.4,6.8,2.1,0.1,1,4.61,3.05,0
V02433,roro,217.2,32.9,9.6,161951,2522,2023-03-23 02:02:01.687706,2023-03-23 03:30:13.687706,2023-03-23 12:30:13.687706,9.0,1.47,normal,0.88,18.8,7.1,2.3,0.2,0,5.65,4.49,1
V05161,container,317.0,48.4,9.9,225966,3000,2023-03-23 04:18:03.893991,2023-03-23 06:46:15.893991,2023-03-24 07:10:15.893991,24.4,2.47,normal,0.92,23.6,5.6,2.3,0.5,1,7.94,1.82,1
V01868,container,163.4,27.5,14.0,168752,2140,2023-03-23 07:41:03.167195,2023-03-23 10:37:27.167195,2023-03-24 05:55:27.167195,19.3,2.94,normal,0.74,20.9,8.5,1.7,0.3,1,5.18,3.62,0
V02960,bulk,246.7,32.9,10.7,174626,2629,2023-03-23 14:05:45.392161,2023-03-23 17:19:33.392161,2023-03-25 03:37:33.392161,34.3,3.23,low,0.64,23.9,5.5,2.6,0.2,1,5.15,7.02,0
V01517,container,305.5,48.5,12.9,293874,500,2023-03-23 15:12:57.159459,2023-03-23 18:45:57.159459,2023-03-24 12:15:57.159459,17.5,3.55,normal,1.0,22.8,11.2,1.9,1.7,1,6.73,3.02,1
V02283,bulk,217.1,33.8,8.8,128667,4374,2023-03-23 18:30:31.981519,2023-03-23 20:13:07.981519,2023-03-24 22:31:07.981519,26.3,1.71,normal,0.55,7.1,8.8,1.0,0.2,0,7.27,5.58,1
V01061,bulk,152.0,22.8,11.3,105840,1491,2023-03-24 06:09:01.582193,2023-03-24 07:00:37.582193,2023-03-25 08:00:37.582193,25.0,0.86,normal,0.68,12.9,8.0,1.0,1.1,0,7.84,5.09,1
V03130,general,146.6,23.9,6.5,73976,2450,2023-03-24 10:46:13.729954,2023-03-24 12:03:01.729954,2023-03-25 12:33:01.729954,24.5,1.28,high,0.69,4.6,7.9,0.1,0.9,0,2.33,0.29,0
V05977,roro,248.3,41.7,7.4,145172,2630,2023-03-24 11:13:31.582825,2023-03-24 13:18:55.582825,2023-03-24 20:42:55.582825,7.4,2.09,normal,0.82,25.2,7.1,1.8,1.7,1,2.09,2.01,0
V02066,bulk,129.7,21.9,7.0,71606,2676,2023-03-24 15:33:50.103612,2023-03-24 18:46:26.103612,2023-03-25 20:58:26.103612,26.2,3.21,low,0.72,22.7,6.4,2.0,0.1,1,6.13,0.95,1
V02535,roro,144.4,19.9,6.0,53882,1935,2023-03-24 17:07:06.030695,2023-03-24 19:17:18.030695,2023-03-25 14:17:18.030695,19.0,2.17,normal,0.89,20.9,9.7,2.5,0.1,1,7.77,2.29,1
V05372,bulk,267.5,42.3,7.1,121751,4470,2023-03-24 21:07:17.659494,2023-03-24 23:10:53.659494,2023-03-25 12:22:53.659494,13.2,2.06,high,0.51,7.7,9.6,1.1,0.6,0,4.82,2.88,0
V01593,roro,229.8,31.3,7.5,118418,2309,2023-03-25 08:53:27.948613,2023-03-25 10:44:27.948613,2023-03-25 21:32:27.948613,10.8,1.85,normal,0.73,31.5,10.9,3.2,0.8,1,5.77,2.51,1
V04574,tanker,227.0,30.0,13.5,199715,1487,2023-03-25 20:58:22.581174,2023-03-25 23:36:10.581174,2023-03-26 17:48:10.581174,18.2,2.63,normal,0.92,30.3,4.9,3.4,0.1,1,6.22,6.49,1
V04546,bulk,158.8,25.3,9.9,95820,4261,2023-03-25 21:16:18.010575,2023-03-25 22:34:18.010575,2023-03-26 16:16:18.010575,17.7,1.3,normal,0.4,16.3,8.3,1.5,0.2,0,5.79,2.65,1
V02628,bulk,256.0,37.6,10.9,221803,985,2023-03-26 04:11:47.277170,2023-03-26 05:38:47.277170,2023-03-27 00:26:47.277170,18.8,1.45,normal,0.62,8.0,8.8,0.6,0.0,0,5.3,3.5,0
V03827,container,254.6,41.5,10.2,206620,4737,2023-03-26 07:58:40.960343,2023-03-26 09:05:52.960343,2023-03-27 04:47:52.960343,19.7,1.12,normal,0.81,18.6,7.7,1.9,0.3,0,7.71,0.64,1
V01442,container,181.4,24.0,9.4,109066,541,2023-03-26 12:32:19.581920,2023-03-26 14:40:43.581920,2023-03-27 00:40:43.581920,10.0,2.14,normal,1.0,25.2,5.1,3.2,0.0,1,2.22,6.16,0
V05708,bulk,163.7,27.1,11.1,118128,4215,2023-03-26 17:44:01.312109,2023-03-26 19:22:25.312109,2023-03-27 11:58:25.312109,16.6,1.64,low,0.75,14.2,7.5,1.5,0.5,0,6.88,1.06,1
V01366,container,372.2,53.9,8.9,200467,1498,2023-03-26 20:15:17.551843,2023-03-26 22:36:53.551843,2023-03-27 12:30:53.551843,13.9,2.36,normal,0.76,21.9,7.5,2.2,0.0,1,7.78,2.33,1
V04747,tanker,235.3,33.6,10.6,182158,4805,2023-03-27 02:01:23.370086,2023-03-27 03:49:23.370086,2023-03-28 04:07:23.370086,24.3,1.8,normal,0.55,13.3,5.1,1.4,1.0,0,2.04,2.18,0
V01515,bulk,181.4,27.5,9.5,122129,2737,2023-03-27 02:19:12.887952,2023-03-27 04:33:36.887952,2023-03-28 05:21:36.887952,24.8,2.24,normal,0.79,16.9,5.4,2.0,0.1,0,2.15,4.45,0
V02182,container,268.3,43.8,13.6,280710,2024,2023-03-27 05:11:47.203676,2023-03-27 07:47:11.203676,2023-03-27 21:47:11.203676,14.0,2.59,normal,0.83,22.1,7.5,1.9,0.6,1,5.6,0.79,1
V04739,tanker,216.6,31.7,9.1,129630,956,2023-03-27 09:14:19.951280,2023-03-27 11:25:07.951280,2023-03-28 11:25:07.951280,24.0,2.18,high,0.64,10.5,7.9,0.9,0.0,0,7.34,2.52,1
V02553,bulk,144.4,22.8,11.6,112587,1945,2023-03-27 13:49:21.161526,2023-03-27 15:37:21.161526,2023-03-28 14:19:21.161526,22.7,1.8,normal,0.8,19.2,12.3,2.3,0.3,0,2.03,2.23,0
V04923,bulk,191.7,31.6,11.1,130111,2708,2023-03-27 20:37:51.124251,2023-03-27 22:18:03.124251,2023-03-28 15:54:03.124251,17.6,1.67,normal,0.9,15.7,7.5,1.3,1.0,0,7.96,0.23,1
V01613,bulk,182.9,25.5,12.1,133039,3431,2023-03-27 21:37:54.056374,2023-03-28 00:06:06.056374,2023-03-29 21:54:06.056374,45.8,2.47,normal,0.85,18.7,7.3,1.8,1.2,0,7.34,6.17,1
V02714,roro,215.0,35.9,10.8,161671,3896,2023-03-28 08:47:04.691442,2023-03-28 11:04:28.691442,2023-03-29 02:10:28.691442,15.1,2.29,normal,0.66,21.5,6.6,2.4,0.2,1,8.0,8.39,1
V05514,tanker,149.6,24.9,11.3,132953,2959,2023-03-28 14:31:09.329772,2023-03-28 16:05:57.329772,2023-03-30 07:59:57.329772,39.9,1.58,normal,0.62,18.9,9.0,2.1,0.9,0,2.06,2.48,0
V02911,tanker,305.9,48.0,10.6,243655,1987,2023-03-28 16:53:53.667648,2023-03-28 18:50:17.667648,2023-03-29 15:20:17.667648,20.5,1.94,low,0.68,17.1,5.1,1.7,0.3,0,3.41,5.45,0
V03685,container,291.6,40.9,13.2,253996,3381,2023-03-28 18:11:00.116553,2023-03-28 21:20:36.116553,2023-03-29 08:56:36.116553,11.6,3.16,high,0.55,22.6,8.1,1.9,0.4,1,5.28,1.47,0
V03643,general,136.4,18.3,9.3,85393,4703,2023-03-28 18:25:25.240800,2023-03-28 19:42:49.240800,2023-03-29 09:00:49.240800,13.3,1.29,normal,0.63,18.8,4.2,2.2,0.2,0,5.64,5.63,1
V05408,general,104.8,17.5,9.1,60430,4998,2023-03-28 19:50:08.439811,2023-03-28 21:31:32.439811,2023-03-29 09:01:32.439811,11.5,1.69,normal,0.63,4.0,8.9,0.2,0.5,0,7.41,5.26,1
V03311,container,367.2,57.9,10.7,297676,4294,2023-03-28 20:54:56.113469,2023-03-29 00:18:20.113469,2023-03-29 18:12:20.113469,17.9,3.39,normal,0.55,20.1,8.3,1.7,0.7,1,7.99,1.04,1
V05833,tanker,179.6,29.5,13.1,177095,2039,2023-03-29 02:44:38.604489,2023-03-29 04:34:26.604489,2023-03-30 03:58:26.604489,23.4,1.83,normal,0.87,15.1,7.9,1.7,0.2,0,2.12,3.69,0
V03431,roro,225.3,37.4,10.4,159042,4368,2023-03-29 02:48:00.687511,2023-03-29 03:40:48.687511,2023-03-29 18:22:48.687511,14.7,0.88,normal,0.69,12.9,7.8,1.2,0.6,0,2.1,0.86,0
V03983,general,121.3,18.0,8.6,73969,3194,2023-03-29 08:31:45.861790,2023-03-29 10:46:09.861790,2023-03-29 22:34:09.861790,11.8,2.24,low,0.83,3.8,2.8,0.4,0.2,1,7.64,1.55,1
V05360,bulk,121.3,17.5,10.5,77539,2500,2023-03-29 16:03:23.887721,2023-03-29 18:03:23.887721,2023-03-30 10:03:23.887721,16.0,2.0,normal,0.97,19.0,4.2,1.9,0.2,0,2.05,2.38,0
V05304,roro,190.1,32.0,10.1,146309,4743,2023-03-30 06:59:36.436037,2023-03-30 08:57:48.436037,2023-03-30 16:39:48.436037,7.7,1.97,normal,0.67,21.1,6.3,2.4,0.2,1,4.69,3.96,0
V05639,tanker,288.8,42.2,12.8,250598,669,2023-03-30 07:43:48.952949,2023-03-30 09:04:48.952949,2023-03-31 05:34:48.952949,20.5,1.35,normal,0.99,19.2,9.4,1.9,1.0,0,5.8,2.37,1
V04326,bulk,190.3,26.4,9.7,126352,2736,2023-03-30 18:16:32.190822,2023-03-30 21:54:56.190822,2023-03-31 16:42:56.190822,18.8,3.64,normal,0.81,20.3,11.3,2.6,0.3,1,3.13,5.0,0
V05400,general,155.3,23.1,5.4,59601,3254,2023-03-30 20:34:02.919225,2023-03-30 23:21:26.919225,2023-04-01 00:09:26.919225,24.8,2.79,normal,0.7,21.8,7.7,2.1,0.1,1,6.41,0.44,1
V03747,general,185.4,29.0,9.3,133914,901,2023-03-30 23:04:14.053852,2023-03-31 00:12:02.053852,2023-03-31 20:18:02.053852,20.1,1.13,low,0.74,12.2,8.1,1.3,0.8,0,7.95,0.61,1
V05174,tanker,240.7,34.4,12.9,225068,4486,2023-03-31 02:31:38.717999,2023-03-31 04:20:14.717999,2023-04-01 01:50:14.717999,21.5,1.81,normal,0.68,14.0,9.4,1.0,0.2,0,3.92,2.89,0
V03144,roro,191.7,29.2,7.5,114794,4323,2023-03-31 08:31:07.066174,2023-03-31 09:29:55.066174,2023-03-31 19:53:55.066174,10.4,0.98,normal,0.74,14.9,9.7,0.7,1.5,0,5.78,5.36,1
V03901,tanker,181.7,24.6,9.7,112914,1018,2023-03-31 08:57:35.176709,2023-03-31 11:44:23.176709,2023-04-01 02:32:23.176709,14.8,2.78,normal,0.69,20.2,4.8,2.0,0.2,1,6.4,1.18,1
V04946,bulk,125.5,18.2,9.3,84521,2248,2023-03-31 14:43:04.391029,2023-03-31 16:19:04.391029,2023-04-01 04:55:04.391029,12.6,1.6,low,0.59,12.4,6.8,1.1,0.0,0,4.22,0.52,0
V04609,roro,170.1,23.2,8.8,90281,4970,2023-03-31 15:29:22.695889,2023-03-31 16:32:22.695889,2023-04-01 02:20:22.695889,9.8,1.05,normal,0.71,7.0,5.8,1.0,0.5,0,3.18,1.15,0
V03633,container,302.7,45.2,13.5,298269,2909,2023-03-31 21:11:49.182327,2023-03-31 22:43:01.182327,2023-04-01 07:49:01.182327,9.1,1.52,low,0.89,16.1,6.3,2.2,0.0,0,6.18,3.2,1
V02084,bulk,279.0,37.7,11.7,235703,4982,2023-04-01 06:01:31.109213,2023-04-01 09:51:19.109213,2023-04-03 03:03:19.109213,41.2,3.83,normal,1.0,20.6,6.2,2.1,0.3,1,2.04,4.9,0
V02556,tanker,180.5,28.3,9.3,122501,4107,2023-04-02 00:30:31.878690,2023-04-02 02:24:31.878690,2023-04-02 15:24:31.878690,13.0,1.9,high,0.9,19.9,8.3,1.8,1.0,0,7.98,2.5,1
V02445,roro,122.1,20.2,9.0,81038,4464,2023-04-02 15:48:36.438161,2023-04-02 17:17:24.438161,2023-04-03 14:59:24.438161,21.7,1.48,low,0.8,7.1,5.8,0.5,1.1,0,4.98,6.17,0
V03432,tanker,165.3,26.4,13.9,174161,979,2023-04-02 20:56:25.476074,2023-04-02 22:28:49.476074,2023-04-04 00:40:49.476074,26.2,1.54,normal,0.87,16.7,6.2,1.7,0.4,0,3.47,4.06,0
V02927,container,177.1,29.2,14.0,161969,3298,2023-04-02 21:00:20.281344,2023-04-02 22:15:20.281344,2023-04-03 20:33:20.281344,22.3,1.25,high,0.7,10.3,6.1,1.1,0.0,0,3.55,1.67,0
V01586,tanker,159.4,24.6,11.2,118806,4014,2023-04-03 23:58:48.166031,2023-04-04 03:03:36.166031,2023-04-04 19:33:36.166031,16.5,3.08,normal,1.0,24.3,7.1,2.3,0.1,1,6.69,0.22,1
V03022,bulk,149.1,22.4,9.0,87161,4023,2023-04-04 03:33:52.518392,2023-04-04 07:01:28.518392,2023-04-04 23:01:28.518392,16.0,3.46,normal,0.73,24.4,4.9,2.5,0.0,1,6.99,2.89,1
V04306,container,203.2,31.0,14.1,187254,4746,2023-04-04 04:38:34.489417,2023-04-04 07:55:22.489417,2023-04-04 21:55:22.489417,14.0,3.28,normal,0.65,27.0,8.6,2.4,0.7,1,5.54,2.88,1
V03803,bulk,159.4,26.4,10.4,104801,1469,2023-04-04 05:31:19.124484,2023-04-04 07:01:55.124484,2023-04-04 21:43:55.124484,14.7,1.51,normal,0.9,13.7,7.9,1.0,0.7,0,4.22,2.13,0
V03117,roro,109.9,16.4,10.2,67379,1686,2023-04-04 06:55:01.448607,2023-04-04 08:04:37.448607,2023-04-04 14:52:37.448607,6.8,1.16,normal,0.86,3.6,5.9,0.6,0.3,0,2.52,4.3,0
V03019,roro,187.5,28.5,6.7,100338,3043,2023-04-04 09:07:37.463122,2023-04-04 10:53:49.463122,2023-04-04 20:17:49.463122,9.4,1.77,normal,0.75,23.1,5.5,2.0,0.4,1,2.4,4.76,0
V03173,general,149.1,22.0,7.5,72207,4654,2023-04-04 18:41:45.184866,2023-04-04 21:26:45.184866,2023-04-05 06:32:45.184866,9.1,2.75,normal,0.6,22.4,4.0,2.2,0.1,1,3.17,2.2,0
V02001,container,335.7,52.4,11.4,244106,2901,2023-04-05 01:32:48.561182,2023-04-05 02:53:48.561182,2023-04-05 11:53:48.561182,9.0,1.35,normal,0.77,19.3,3.6,2.3,0.9,0,7.5,4.13,1
V03353,roro,130.4,20.8,8.1,78272,4845,2023-04-05 06:24:06.019116,2023-04-05 07:39:06.019116,2023-04-05 15:39:06.019116,8.0,1.25,low,0.87,10.0,6.7,1.2,0.5,0,4.1,2.95,0
V03507,tanker,139.4,21.1,12.8,141202,3369,2023-04-05 17:55:55.185511,2023-04-05 19:34:55.185511,2023-04-07 04:40:55.185511,33.1,1.65,normal,0.54,16.4,5.2,2.1,0.0,0,5.41,3.7,0
V03220,roro,243.8,37.0,8.5,154371,2558,2023-04-05 23:19:26.177604,2023-04-06 00:40:26.177604,2023-04-06 13:22:26.177604,12.7,1.35,normal,0.84,11.0,5.8,0.7,1.1,0,3.44,1.45,0
V03212,roro,217.0,28.3,10.0,163956,1376,2023-04-06 01:48:07.570064,2023-04-06 04:01:55.570064,2023-04-06 09:55:55.570064,5.9,2.23,normal,0.77,34.3,5.5,3.5,0.4,1,6.96,1.64,1
V05815,container,153.0,26.0,11.6,141408,956,2023-04-06 07:46:41.009269,2023-04-06 09:10:05.009269,2023-04-07 03:34:05.009269,18.4,1.39,normal,0.44,13.5,8.5,1.3,1.0,0,3.31,5.0,0
V03602,container,254.9,42.9,13.1,205601,1766,2023-04-06 07:56:34.207906,2023-04-06 09:12:46.207906,2023-04-06 19:54:46.207906,10.7,1.27,normal,0.85,16.8,7.3,1.5,0.5,0,3.11,1.62,0
V02703,general,153.6,24.4,7.4,73059,4053,2023-04-06 09:03:19.117618,2023-04-06 10:12:55.117618,2023-04-07 02:24:55.117618,16.2,1.16,normal,0.86,8.7,7.2,0.7,0.1,0,2.16,3.6,0
V05978,container,224.7,38.0,8.6,126195,3857,2023-04-06 12:56:25.491880,2023-04-06 14:23:25.491880,2023-04-08 03:17:25.491880,36.9,1.45,normal,0.8,11.0,6.8,0.9,1.0,0,5.21,0.64,0
V05265,general,186.4,24.9,6.4,91881,1260,2023-04-06 15:02:57.454185,2023-04-06 16:16:45.454185,2023-04-07 05:40:45.454185,13.4,1.23,normal,0.59,16.3,6.8,1.5,0.2,0,7.73,3.28,1
V04863,container,357.6,52.3,8.0,188842,745,2023-04-06 18:03:02.634721,2023-04-06 19:43:50.634721,2023-04-07 08:19:50.634721,12.6,1.68,normal,0.83,2.4,7.7,0.0,1.1,0,6.39,3.32,1
V01422,roro,189.9,25.5,10.0,129029,2016,2023-04-06 21:09:38.792853,2023-04-06 22:27:02.792853,2023-04-07 13:57:02.792853,15.5,1.29,low,0.77,18.7,6.8,2.2,0.7,0,2.33,3.33,0
V02496,tanker,312.7,42.7,13.7,279472,4152,2023-04-07 08:20:50.545039,2023-04-07 12:01:02.545039,2023-04-07 18:31:02.545039,6.5,3.67,normal,1.0,25.8,9.1,2.3,2.1,1,3.61,3.89,0
V01058,tanker,170.1,24.5,9.6,107359,1833,2023-04-07 09:15:43.271429,2023-04-07 11:04:55.271429,2023-04-07 20:16:55.271429,9.2,1.82,normal,0.72,7.3,5.5,1.0,1.8,0,2.57,7.62,0
V03418,bulk,289.0,47.6,12.2,240221,981,2023-04-07 10:55:12.455337,2023-04-07 12:45:00.455337,2023-04-08 00:45:00.455337,12.0,1.83,high,0.81,17.9,3.7,1.8,1.4,0,2.07,0.72,0
V02743,container,332.7,44.1,12.3,314184,1342,2023-04-07 12:55:37.734669,2023-04-07 14:22:37.734669,2023-04-07 22:34:37.734669,8.2,1.45,normal,0.89,16.6,8.0,1.5,0.6,0,4.0,2.9,0
V03655,general,89.8,14.9,5.6,34351,876,2023-04-07 16:10:30.734395,2023-04-07 17:13:30.734395,2023-04-08 06:49:30.734395,13.6,1.05,normal,0.61,7.0,7.5,0.8,1.3,0,7.89,0.71,1
V02760,container,188.8,28.3,14.9,169464,4799,2023-04-08 21:50:18.846052,2023-04-08 23:22:06.846052,2023-04-10 05:10:06.846052,29.8,1.53,normal,0.84,16.9,5.7,1.5,0.6,0,3.24,4.61,0
V05722,general,107.3,14.4,8.9,66345,4394,2023-04-09 10:26:18.595739,2023-04-09 11:55:42.595739,2023-04-10 04:49:42.595739,16.9,1.49,low,0.73,16.3,10.2,1.4,0.4,0,3.0,6.88,0
V05526,container,321.5,50.0,10.4,220157,1272,2023-04-09 21:51:56.266158,2023-04-09 23:30:56.266158,2023-04-10 22:06:56.266158,22.6,1.65,normal,0.88,13.1,6.5,1.5,0.3,0,4.3,2.71,0
V05791,container,277.3,46.4,8.3,178140,1017,2023-04-10 03:04:51.632370,2023-04-10 04:28:15.632370,2023-04-10 20:28:15.632370,16.0,1.39,low,0.63,11.0,7.0,1.4,0.6,0,4.22,3.06,0
V01044,tanker,316.2,46.8,13.6,267758,4932,2023-04-10 10:09:14.550576,2023-04-10 13:03:50.550576,2023-04-12 20:15:50.550576,55.2,2.91,normal,0.5,21.2,6.4,1.8,0.2,1,4.46,2.54,0
V04903,general,148.5,22.8,7.7,75989,3751,2023-04-10 17:59:46.194073,2023-04-10 19:35:46.194073,2023-04-11 14:11:46.194073,18.6,1.6,high,0.5,11.2,10.1,1.0,0.2,0,7.54,2.57,1
V03153,tanker,276.8,41.5,12.9,270778,615,2023-04-10 21:47:36.239188,2023-04-10 23:26:36.239188,2023-04-12 06:44:36.239188,31.3,1.65,normal,0.68,8.2,9.1,0.8,0.2,0,5.61,2.01,1
V03376,container,179.3,23.6,8.7,108616,2002,2023-04-11 04:17:10.440758,2023-04-11 06:20:10.440758,2023-04-11 16:44:10.440758,10.4,2.05,normal,0.84,22.2,7.2,2.2,0.8,1,4.83,4.03,0
V05946,general,158.7,26.5,8.2,79603,1681,2023-04-11 07:27:30.244675,2023-04-11 08:43:06.244675,2023-04-11 23:25:06.244675,14.7,1.26,normal,0.77,18.4,6.7,2.2,1.0,0,8.0,4.6,1
V03591,container,353.2,53.7,9.7,213449,2990,2023-04-11 11:17:38.701855,2023-04-11 13:16:26.701855,2023-04-12 04:40:26.701855,15.4,1.98,low,0.67,16.4,8.0,1.4,0.2,0,3.97,4.12,0
V05419,bulk,152.4,20.2,10.6,118211,2812,2023-04-11 12:53:36.536817,2023-04-11 14:51:48.536817,2023-04-13 12:15:48.536817,45.4,1.97,normal,0.76,20.0,8.9,1.7,0.3,0,2.25,2.32,0
V01162,container,179.4,23.3,13.4,164266,2851,2023-04-11 14:59:48.167889,2023-04-11 16:19:36.167889,2023-04-12 05:43:36.167889,13.4,1.33,normal,0.58,8.8,5.5,1.1,0.0,0,2.62,2.5,0
V05542,container,363.3,57.7,10.3,264721,3556,2023-04-11 22:33:25.192699,2023-04-12 00:02:13.192699,2023-04-12 22:32:13.192699,22.5,1.48,normal,0.6,9.1,7.5,0.6,0.4,0,5.67,1.49,1
V02480,general,118.2,16.6,6.3,53856,4167,2023-04-12 09:19:46.133509,2023-04-12 11:37:10.133509,2023-04-12 17:31:10.133509,5.9,2.29,normal,0.89,10.2,2.5,1.1,0.1,1,7.6,7.93,1
V03754,container,218.0,32.1,14.1,210338,2702,2023-04-12 17:40:22.714792,2023-04-12 19:07:22.714792,2023-04-13 12:37:22.714792,17.5,1.45,normal,0.89,2.3,9.1,0.4,0.5,0,5.11,0.12,0
V05497,container,370.2,53.6,14.7,427632,3284,2023-04-12 18:31:25.100291,2023-04-12 19:50:37.100291,2023-04-13 23:50:37.100291,28.0,1.32,normal,0.84,16.0,7.8,1.6,0.0,0,6.35,4.69,1
V02148,tanker,255.6,35.3,9.9,164530,1305,2023-04-12 19:40:51.037023,2023-04-12 22:17:27.037023,2023-04-14 05:53:27.037023,31.6,2.61,normal,0.83,30.0,4.2,3.0,1.5,1,7.61,2.02,1
V01966,bulk,213.1,27.9,11.7,197936,4144,2023-04-13 03:42:53.333855,2023-04-13 06:39:17.333855,2023-04-14 15:57:17.333855,33.3,2.94,normal,0.48,23.3,10.4,2.5,0.3,1,2.25,2.45,0
V05049,bulk,130.4,19.3,9.0,76563,2092,2023-04-13 08:39:09.972722,2023-04-13 11:27:09.972722,2023-04-14 14:27:09.972722,27.0,2.8,low,0.64,23.0,4.6,2.3,0.5,1,7.92,1.77,1
V04087,bulk,200.5,31.7,10.9,173774,3933,2023-04-13 11:52:40.935086,2023-04-13 13:40:04.935086,2023-04-14 21:28:04.935086,31.8,1.79,normal,0.81,9.7,10.8,0.8,0.1,0,5.49,3.27,0
V04592,tanker,147.9,19.7,10.4,111234,2634,2023-04-13 14:20:50.467438,2023-04-13 16:07:02.467438,2023-04-14 13:07:02.467438,21.0,1.77,normal,0.75,18.8,6.5,1.8,0.2,0,2.34,5.99,0
V02325,container,259.7,34.2,14.1,291323,4970,2023-04-13 18:09:12.501384,2023-04-13 19:29:36.501384,2023-04-14 15:53:36.501384,20.4,1.34,normal,0.57,3.6,9.6,0.3,0.2,0,4.63,1.98,0
V03246,roro,232.2,38.9,8.3,147357,4555,2023-04-13 19:43:43.576984,2023-04-13 21:57:31.576984,2023-04-14 11:57:31.576984,14.0,2.23,normal,0.92,20.4,7.5,2.2,0.3,1,6.87,0.35,1
V01938,general,152.7,20.2,7.5,89836,1297,2023-04-13 20:03:22.741089,2023-04-13 21:06:22.741089,2023-04-14 21:36:22.741089,24.5,1.05,normal,0.98,18.0,7.9,1.9,0.2,0,7.23,3.58,1
V02605,general,154.3,20.5,8.8,97494,2976,2023-04-14 01:51:46.311345,2023-04-14 04:03:10.311345,2023-04-14 14:33:10.311345,10.5,2.19,normal,0.79,29.5,9.4,3.2,1.5,1,3.21,1.17,0
V01005,container,174.8,27.2,8.2,95013,2789,2023-04-14 03:46:40.664866,2023-04-14 05:05:52.664866,2023-04-14 17:35:52.664866,12.5,1.32,high,0.63,15.2,8.3,1.7,0.3,0,2.0,2.0,0
V05851,bulk,215.5,34.0,11.7,177198,4769,2023-04-14 12:55:50.698638,2023-04-14 16:45:02.698638,2023-04-15 12:15:02.698638,19.5,3.82,normal,0.63,21.3,5.3,2.4,0.1,1,5.11,3.7,0
V04328,bulk,121.2,16.6,8.5,77257,3640,2023-04-14 13:38:36.682671,2023-04-14 16:21:12.682671,2023-04-15 23:33:12.682671,31.2,2.71,normal,0.72,24.7,6.5,2.4,0.7,1,4.04,5.43,0
V02751,tanker,246.5,41.3,9.7,160003,701,2023-04-14 15:22:06.335298,2023-04-14 16:38:18.335298,2023-04-15 11:14:18.335298,18.6,1.27,normal,0.82,8.7,5.1,1.2,0.1,0,2.2,0.99,0
V02175,general,147.4,19.6,8.9,83738,2982,2023-04-15 11:34:10.132751,2023-04-15 13:06:34.132751,2023-04-15 19:36:34.132751,6.5,1.54,normal,0.94,7.4,10.9,0.3,1.0,0,7.71,1.1,1
V05612,container,319.4,44.2,13.6,323422,786,2023-04-15 14:29:26.288059,2023-04-15 15:27:38.288059,2023-04-16 12:45:38.288059,21.3,0.97,high,0.53,12.9,11.1,1.1,0.9,0,3.97,5.49,0
V02641,container,280.6,45.1,8.9,162714,3534,2023-04-15 23:16:21.092788,2023-04-16 02:13:57.092788,2023-04-17 10:49:57.092788,32.6,2.96,high,0.81,26.9,10.7,2.6,0.2,1,7.99,0.63,1
V03268,tanker,264.8,43.8,13.4,278967,4148,2023-04-16 00:07:21.558310,2023-04-16 01:48:45.558310,2023-04-17 01:42:45.558310,23.9,1.69,high,0.77,12.0,8.0,1.8,1.6,0,7.61,1.11,1
V02478,container,371.8,63.0,8.8,251401,2404,2023-04-16 01:42:49.010072,2023-04-16 03:57:13.010072,2023-04-17 05:09:13.010072,25.2,2.24,normal,1.0,26.5,6.3,2.8,0.4,1,5.73,2.82,1
V04212,tanker,168.8,22.3,13.1,134206,624,2023-04-16 07:52:40.618573,2023-04-16 09:31:40.618573,2023-04-17 03:31:40.618573,18.0,1.65,normal,0.67,2.8,7.6,0.4,0.5,0,4.22,5.31,0
V01682,bulk,127.6,19.6,11.0,92482,561,2023-04-16 08:33:03.478044,2023-04-16 10:04:15.478044,2023-04-17 08:22:15.478044,22.3,1.52,normal,0.79,11.3,6.9,0.7,0.6,0,5.23,5.01,0
V03005,tanker,293.0,44.8,10.7,236862,3718,2023-04-16 09:11:15.594995,2023-04-16 10:21:27.594995,2023-04-16 23:03:27.594995,12.7,1.17,normal,0.64,0.0,9.1,0.0,0.3,0,6.17,4.98,1
V05728,container,153.1,22.0,13.3,142165,1883,2023-04-16 10:19:33.070615,2023-04-16 11:19:33.070615,2023-04-17 01:01:33.070615,13.7,1.0,normal,0.71,15.5,6.3,1.4,1.1,0,7.48,4.45,1
V02498,bulk,169.8,26.6,8.5,97484,3341,2023-04-16 20:42:36.483587,2023-04-16 22:59:24.483587,2023-04-18 06:53:24.483587,31.9,2.28,low,0.71,23.1,9.7,2.1,0.4,1,4.86,4.92,0
V05199,tanker,320.3,42.5,13.8,265375,4820,2023-04-16 21:41:29.709366,2023-04-16 23:52:53.709366,2023-04-17 23:28:53.709366,23.6,2.19,low,0.79,31.9,8.3,2.6,1.5,1,6.31,4.44,1
V05092,container,297.0,42.9,12.9,293627,832,2023-04-17 02:40:50.593142,2023-04-17 04:04:50.593142,2023-04-18 02:58:50.593142,22.9,1.4,normal,0.64,17.0,6.7,1.4,0.3,0,5.48,2.01,0
V02968,container,299.8,47.4,9.4,212664,1059,2023-04-17 02:51:53.240538,2023-04-17 04:45:17.240538,2023-04-18 01:15:17.240538,20.5,1.89,normal,1.0,17.9,10.5,1.7,0.0,0,5.21,3.21,0
V05702,tanker,288.9,44.4,9.4,165878,4212,2023-04-17 07:21:51.515904,2023-04-17 11:03:15.515904,2023-04-18 19:57:15.515904,32.9,3.69,low,0.85,25.4,7.5,2.7,0.2,1,2.59,2.67,0
V02257,tanker,159.3,23.2,12.4,149950,666,2023-04-17 13:56:48.771323,2023-04-17 17:19:36.771323,2023-04-18 08:13:36.771323,14.9,3.38,normal,0.57,26.5,10.3,2.8,1.7,1,7.01,4.99,1
V04117,bulk,168.9,24.5,7.9,80450,2792,2023-04-17 18:35:45.360701,2023-04-17 20:45:57.360701,2023-04-18 21:57:57.360701,25.2,2.17,normal,0.78,13.4,9.4,1.4,0.1,0,2.0,5.39,0
V02957,tanker,200.4,31.4,13.9,203898,4637,2023-04-18 03:00:31.961162,2023-04-18 04:43:07.961162,2023-04-18 23:01:07.961162,18.3,1.71,normal,0.97,13.5,8.4,1.1,0.4,0,6.17,5.13,1
V05356,container,253.8,34.1,10.1,196795,3531,2023-04-18 05:57:44.575123,2023-04-18 07:16:20.575123,2023-04-19 01:16:20.575123,18.0,1.31,normal,0.85,17.7,5.2,2.1,0.3,0,2.33,5.94,0
V03681,bulk,133.0,21.9,7.7,68885,1484,2023-04-18 11:02:23.813703,2023-04-18 12:59:23.813703,2023-04-19 07:05:23.813703,18.1,1.95,normal,0.66,12.6,7.6,0.8,0.6,0,6.51,4.34,1
V01838,bulk,182.3,31.0,10.6,134996,1438,2023-04-18 15:48:29.955489,2023-04-18 18:34:05.955489,2023-04-20 17:22:05.955489,46.8,2.76,normal,0.56,34.6,8.9,3.2,0.8,1,5.59,5.66,1
V02459,tanker,158.2,22.0,10.3,100067,2065,2023-04-18 18:13:31.973877,2023-04-18 21:27:19.973877,2023-04-19 17:39:19.973877,20.2,3.23,normal,0.78,33.6,6.5,3.0,0.6,1,2.43,3.12,0
V05950,bulk,109.4,15.7,11.3,92188,2349,2023-04-18 21:32:50.174826,2023-04-19 00:20:14.174826,2023-04-21 17:02:14.174826,64.7,2.79,normal,0.76,23.0,6.3,2.1,0.5,1,3.74,1.2,0
V03790,container,318.8,53.2,9.9,207077,4985,2023-04-18 23:14:30.548112,2023-04-19 00:40:18.548112,2023-04-19 15:40:18.548112,15.0,1.43,low,0.54,16.7,6.1,2.1,0.3,0,6.24,3.07,1
V02850,container,170.2,25.0,12.6,134048,3535,2023-04-19 00:40:12.535295,2023-04-19 02:07:48.535295,2023-04-19 20:25:48.535295,18.3,1.46,normal,0.74,5.3,8.5,0.7,0.2,0,7.74,0.26,1
V04928,bulk,200.4,33.0,7.4,97576,508,2023-04-19 01:17:32.156359,2023-04-19 04:28:20.156359,2023-04-20 17:28:20.156359,37.0,3.18,high,0.9,27.7,8.3,2.6,0.3,1,7.98,1.34,1
V01170,roro,110.1,15.1,8.6,75193,1010,2023-04-19 01:27:26.701861,2023-04-19 02:58:02.701861,2023-04-19 21:16:02.701861,18.3,1.51,normal,0.65,12.1,6.3,0.8,0.3,0,8.0,0.49,1
V03222,container,318.8,45.2,8.2,175472,2562,2023-04-19 03:00:18.323462,2023-04-19 06:21:18.323462,2023-04-19 21:27:18.323462,15.1,3.35,normal,0.77,32.6,10.9,3.0,0.3,1,7.17,2.86,1
V02656,general,186.5,29.5,6.6,86029,1955,2023-04-19 15:42:33.873997,2023-04-19 16:52:45.873997,2023-04-20 12:52:45.873997,20.0,1.17,low,0.53,15.4,4.9,1.6,0.3,0,6.82,1.9,1
V02713,roro,104.8,16.7,9.0,70945,3722,2023-04-19 16:03:30.367336,2023-04-19 17:13:42.367336,2023-04-20 07:43:42.367336,14.5,1.17,high,0.84,15.7,7.8,1.6,0.5,0,6.38,4.74,1
V01993,tanker,214.8,30.5,10.7,156790,604,2023-04-19 19:31:31.750521,2023-04-19 22:14:07.750521,2023-04-20 16:08:07.750521,17.9,2.71,normal,0.62,24.4,8.5,2.3,0.3,1,2.13,5.06,0
V01169,tanker,189.8,27.5,9.3,139250,3388,2023-04-19 21:06:48.945127,2023-04-20 00:45:48.945127,2023-04-21 05:45:48.945127,29.0,3.65,low,0.61,25.9,10.5,2.4,0.1,1,2.39,1.09,0
V01242,tanker,136.9,21.9,13.7,134536,4228,2023-04-19 21:14:04.590611,2023-04-19 22:59:40.590611,2023-04-20 18:35:40.590611,19.6,1.76,low,0.74,10.3,9.8,1.1,0.9,0,2.48,4.12,0
V05267,bulk,243.7,33.6,8.0,118858,4936,2023-04-19 21:40:48.026909,2023-04-19 23:37:12.026909,2023-04-21 16:13:12.026909,40.6,1.94,normal,0.86,18.2,9.7,1.4,0.3,0,2.91,3.82,0
V01384,general,183.5,26.3,7.1,86417,3983,2023-04-20 09:50:04.203893,2023-04-20 12:05:04.203893,2023-04-21 01:29:04.203893,13.4,2.25,normal,0.86,28.5,6.9,3.0,1.6,1,2.66,3.89,0
V05048,bulk,147.8,24.9,12.4,121822,3275,2023-04-20 17:29:29.023806,2023-04-20 19:34:53.023806,2023-04-21 19:34:53.023806,24.0,2.09,normal,0.59,21.7,11.8,2.5,0.0,1,5.47,0.36,0
V02170,container,313.2,49.9,14.9,281561,2733,2023-04-20 19:32:09.031270,2023-04-20 22:56:09.031270,2023-04-22 08:20:09.031270,33.4,3.4,normal,0.8,24.5,8.5,2.5,0.2,1,2.69,4.09,0
V04749,container,294.3,38.8,14.1,267073,1930,2023-04-21 05:34:28.662415,2023-04-21 08:36:52.662415,2023-04-22 01:54:52.662415,17.3,3.04,normal,0.97,25.1,7.3,3.1,1.0,1,5.93,3.04,1
V05757,container,283.7,38.9,14.5,314862,1163,2023-04-21 06:55:02.644031,2023-04-21 07:44:14.644031,2023-04-22 05:02:14.644031,21.3,0.82,high,0.79,18.9,8.6,2.0,0.1,0,3.93,1.92,0
V03853,roro,192.5,27.3,8.4,97377,3247,2023-04-21 12:04:24.185097,2023-04-21 14:05:00.185097,2023-04-22 00:05:00.185097,10.0,2.01,normal,0.59,21.6,12.9,2.4,0.5,1,4.51,4.3,0
V02479,bulk,277.6,44.1,10.8,215711,3394,2023-04-21 14:45:28.589588,2023-04-21 16:31:40.589588,2023-04-21 23:55:40.589588,7.4,1.77,low,0.76,13.8,7.7,1.3,4.7,0,7.79,2.83,1
V02963,bulk,205.9,34.2,12.8,190253,675,2023-04-21 16:07:33.151038,2023-04-21 18:13:33.151038,2023-04-22 11:49:33.151038,17.6,2.1,normal,0.58,10.8,8.0,1.0,0.7,0,7.85,1.7,1
V04367,container,306.6,45.0,14.7,308617,706,2023-04-21 18:17:42.187008,2023-04-21 21:18:18.187008,2023-04-22 03:48:18.187008,6.5,3.01,normal,0.98,17.3,1.7,1.9,1.1,1,5.46,2.74,0
V05017,general,103.0,13.7,7.5,55020,1260,2023-04-21 18:44:26.718368,2023-04-21 20:05:26.718368,2023-04-22 05:41:26.718368,9.6,1.35,normal,0.76,17.5,8.7,1.9,0.5,0,4.79,2.83,0
V01293,general,105.3,14.6,9.7,67949,3903,2023-04-21 19:28:25.376312,2023-04-21 21:35:37.376312,2023-04-22 09:05:37.376312,11.5,2.12,high,0.71,29.5,4.5,3.2,0.4,1,3.71,0.78,0
V02796,container,158.8,26.1,12.1,116272,1382,2023-04-22 01:01:21.899510,2023-04-22 02:32:33.899510,2023-04-23 18:50:33.899510,40.3,1.52,low,0.57,13.1,10.3,1.7,0.0,0,5.34,3.42,0
V04104,general,170.5,27.2,9.4,100663,3288,2023-04-22 06:37:15.166651,2023-04-22 07:55:15.166651,2023-04-22 21:13:15.166651,13.3,1.3,normal,0.83,13.1,9.8,1.0,0.1,0,5.57,6.69,1
V02453,roro,227.4,37.6,9.7,164793,4565,2023-04-22 12:58:46.445423,2023-04-22 13:57:34.445423,2023-04-22 20:09:34.445423,6.2,0.98,normal,0.58,16.5,6.3,1.7,0.8,0,4.67,1.27,0
V01589,container,161.5,23.3,11.4,119727,3626,2023-04-22 19:15:41.283164,2023-04-22 20:48:05.283164,2023-04-23 10:24:05.283164,13.6,1.54,normal,0.67,11.0,9.2,1.3,0.0,0,5.21,2.22,0
V05931,container,299.1,40.1,12.1,222272,1623,2023-04-23 04:40:25.916213,2023-04-23 06:17:37.916213,2023-04-23 16:05:37.916213,9.8,1.62,normal,0.84,6.5,7.3,0.8,0.2,0,8.0,0.58,1
V03210,container,223.5,37.7,8.0,125767,3076,2023-04-23 17:35:40.666615,2023-04-23 20:31:28.666615,2023-04-25 00:13:28.666615,27.7,2.93,normal,0.68,21.8,10.4,2.5,0.4,1,7.91,3.26,1
V02262,bulk,263.7,43.6,10.3,201688,2988,2023-04-24 01:05:20.833979,2023-04-24 02:58:44.833979,2023-04-24 16:04:44.833979,13.1,1.89,normal,0.57,14.1,7.7,1.1,0.7,0,3.15,2.5,0
V05240,bulk,215.8,28.9,8.7,113348,2439,2023-04-24 08:59:29.951685,2023-04-24 11:16:53.951685,2023-04-25 20:10:53.951685,32.9,2.29,normal,0.75,6.0,7.7,0.6,0.6,0,4.41,2.74,0
V02977,general,103.0,16.8,5.3,39493,1295,2023-04-24 21:34:35.495161,2023-04-24 23:37:35.495161,2023-04-25 13:49:35.495161,14.2,2.05,normal,1.0,21.5,9.8,2.0,0.2,1,4.14,3.92,0
V05007,general,175.5,23.6,7.8,97868,3176,2023-04-24 23:27:41.518062,2023-04-25 02:24:05.518062,2023-04-25 18:54:05.518062,16.5,2.94,normal,0.74,23.4,9.5,2.5,0.5,1,2.16,3.98,0
V05032,container,330.5,45.6,13.5,341191,1209,2023-04-24 23:55:32.494143,2023-04-25 01:22:32.494143,2023-04-25 22:04:32.494143,20.7,1.45,normal,1.0,13.8,6.7,0.8,1.9,0,2.01,4.71,0
V02919,container,189.3,29.0,13.2,170146,2715,2023-04-25 06:44:00.876671,2023-04-25 08:03:12.876671,2023-04-26 00:45:12.876671,16.7,1.32,normal,0.69,4.5,8.2,0.0,0.3,0,7.93,0.67,1
V01324,bulk,252.4,42.3,12.6,201931,4436,2023-04-25 08:27:56.322317,2023-04-25 11:35:08.322317,2023-04-26 04:23:08.322317,16.8,3.12,normal,0.88,23.8,7.3,2.8,1.5,1,6.37,5.9,1
V03089,tanker,323.1,50.6,13.5,336449,883,2023-04-25 10:15:49.256725,2023-04-25 13:52:25.256725,2023-04-26 13:40:25.256725,23.8,3.61,low,0.67,20.6,5.4,2.4,1.3,1,3.73,6.99,0
V05686,general,161.1,23.8,9.5,95873,719,2023-04-25 19:33:08.442246,2023-04-25 20:35:32.442246,2023-04-26 01:23:32.442246,4.8,1.04,normal,0.56,9.3,8.7,1.1,0.2,0,7.72,1.91,1
V02755,tanker,223.5,37.1,13.2,204725,1579,2023-04-26 01:51:04.917414,2023-04-26 04:42:40.917414,2023-04-26 19:00:40.917414,14.3,2.86,low,0.79,27.5,9.1,2.4,0.0,1,2.34,5.21,0
V04660,container,350.2,58.0,11.7,281790,1567,2023-04-26 08:42:55.841718,2023-04-26 10:20:43.841718,2023-04-26 23:44:43.841718,13.4,1.63,normal,0.67,3.3,10.3,0.2,0.2,0,7.05,2.08,1
V02042,bulk,291.9,39.2,11.4,213778,4890,2023-04-26 19:24:23.957672,2023-04-26 20:58:35.957672,2023-04-28 01:16:35.957672,28.3,1.57,normal,0.48,18.8,9.7,2.0,0.8,0,8.0,5.6,1
V02947,general,176.7,26.4,5.6,73274,892,2023-04-26 23:32:07.502056,2023-04-27 00:54:19.502056,2023-04-27 10:00:19.502056,9.1,1.37,normal,0.72,11.9,8.9,1.4,0.4,0,3.63,8.42,0
V03671,general,158.3,23.9,9.7,119386,2842,2023-04-27 02:33:42.347695,2023-04-27 03:34:18.347695,2023-04-27 10:58:18.347695,7.4,1.01,normal,1.0,0.7,9.4,0.2,0.3,0,2.28,4.34,0
V03152,container,259.7,33.9,12.6,236998,3436,2023-04-27 07:09:16.335816,2023-04-27 08:24:52.335816,2023-04-28 00:48:52.335816,16.4,1.26,low,0.91,7.6,4.1,0.6,0.1,0,7.79,6.43,1
V03342,general,161.4,26.4,6.9,89065,4547,2023-04-27 14:59:17.263957,2023-04-27 17:34:05.263957,2023-04-28 12:16:05.263957,18.7,2.58,normal,0.65,23.5,9.5,2.5,0.4,1,2.3,5.29,0
V05403,container,207.9,29.4,9.0,141905,3293,2023-04-27 17:08:47.602284,2023-04-27 18:43:35.602284,2023-04-28 12:07:35.602284,17.4,1.58,normal,0.59,17.1,8.2,1.3,0.4,0,4.92,2.12,0
V02088,bulk,212.9,28.3,8.5,109463,1631,2023-04-27 20:04:16.539403,2023-04-27 22:07:16.539403,2023-04-28 19:43:16.539403,21.6,2.05,normal,0.86,11.7,9.1,1.0,0.6,0,7.98,0.15,1
V04167,container,360.6,61.3,10.2,277133,3595,2023-04-28 02:41:49.146891,2023-04-28 03:58:01.146891,2023-04-29 02:40:01.146891,22.7,1.27,normal,0.72,16.8,7.0,1.6,0.4,0,2.01,2.17,0
V04583,roro,175.6,26.4,10.4,133987,2238,2023-04-28 13:42:29.980901,2023-04-28 14:58:05.980901,2023-04-28 21:58:05.980901,7.0,1.26,normal,0.56,18.9,8.9,1.7,0.0,0,2.53,3.31,0
V04976,container,176.7,24.5,9.3,102881,4062,2023-04-28 16:36:13.202737,2023-04-28 17:59:01.202737,2023-04-30 22:41:01.202737,52.7,1.38,normal,0.83,4.7,5.1,0.3,0.1,0,3.05,3.86,0
V03172,tanker,274.9,38.6,9.6,168586,4285,2023-04-28 18:14:51.296209,2023-04-28 21:35:15.296209,2023-04-29 13:47:15.296209,16.2,3.34,normal,0.63,32.3,8.7,3.2,1.5,1,5.38,1.74,0
V04194,container,247.8,40.8,14.4,237177,1976,2023-04-29 03:27:37.915018,2023-04-29 06:51:01.915018,2023-04-29 22:21:01.915018,15.5,3.39,high,0.71,28.4,4.0,2.7,0.2,1,2.01,1.39,0
V05984,container,347.5,54.6,9.9,266583,2913,2023-04-29 15:34:57.984240,2023-04-29 18:47:33.984240,2023-04-30 05:05:33.984240,10.3,3.21,normal,0.87,26.8,9.4,2.3,0.4,1,2.01,1.78,0
V05711,roro,173.5,23.3,9.6,107227,2409,2023-04-29 19:10:49.516216,2023-04-29 21:27:37.516216,2023-04-30 10:45:37.516216,13.3,2.28,normal,0.93,27.5,8.3,2.8,0.2,1,5.57,3.94,1
V02227,container,335.5,44.6,11.2,279494,1813,2023-04-29 22:50:58.335299,2023-04-30 00:35:22.335299,2023-04-30 19:53:22.335299,19.3,1.74,normal,0.62,2.5,7.3,0.5,0.8,0,7.66,2.96,1
V05515,general,172.9,27.3,7.9,105202,4323,2023-04-30 01:10:45.280596,2023-04-30 02:20:57.280596,2023-04-30 16:32:57.280596,14.2,1.17,normal,0.99,2.0,6.7,0.2,0.3,0,4.73,2.43,0
V01567,container,375.1,57.1,12.1,331852,2737,2023-04-30 03:48:36.397121,2023-04-30 05:39:00.397121,2023-04-30 19:33:00.397121,13.9,1.84,normal,0.67,17.7,6.8,1.6,0.8,0,2.03,2.08,0
V02238,general,209.8,34.8,9.9,137806,4832,2023-04-30 09:59:09.591302,2023-04-30 12:41:09.591302,2023-05-01 05:17:09.591302,16.6,2.7,normal,0.75,20.2,9.0,1.3,0.1,1,7.96,2.67,1
V01591,tanker,223.8,34.0,12.1,202546,3677,2023-04-30 12:40:18.203506,2023-04-30 14:46:54.203506,2023-05-01 16:22:54.203506,25.6,2.11,normal,0.64,32.8,8.4,2.8,1.2,1,6.08,3.28,1
V02721,roro,108.9,15.1,9.1,69911,4009,2023-04-30 13:48:50.289273,2023-04-30 15:05:38.289273,2023-05-01 12:59:38.289273,21.9,1.28,normal,0.97,12.2,4.7,1.7,1.8,0,4.38,2.21,0
V05513,general,177.4,29.7,9.6,112850,3418,2023-04-30 13:48:57.348927,2023-04-30 16:09:57.348927,2023-05-01 12:51:57.348927,20.7,2.35,normal,0.83,35.3,9.6,3.2,0.6,1,4.37,3.13,0
V01355,bulk,255.6,37.8,9.3,160509,2153,2023-04-30 16:58:09.884223,2023-04-30 21:11:57.884223,2023-05-01 15:23:57.884223,18.2,4.23,normal,0.79,28.0,7.8,2.9,0.3,1,2.08,2.71,0
V04408,general,184.3,31.3,8.2,120074,2300,2023-05-01 06:15:33.830336,2023-05-01 07:50:57.830336,2023-05-01 20:56:57.830336,13.1,1.59,normal,0.94,6.0,7.3,0.8,0.2,0,2.68,3.99,0
V01829,bulk,172.5,26.0,7.1,81697,506,2023-05-01 09:33:20.570985,2023-05-01 11:21:56.570985,2023-05-02 00:45:56.570985,13.4,1.81,normal,0.93,8.2,5.7,0.5,0.3,0,7.13,4.01,1
V02515,bulk,234.0,34.0,8.3,140803,630,2023-05-01 12:46:04.215004,2023-05-01 15:49:40.215004,2023-05-02 18:31:40.215004,26.7,3.06,normal,0.69,33.2,5.0,3.5,2.1,1,6.99,3.62,1
V05277,container,358.3,55.5,13.8,341415,2544,2023-05-01 16:57:59.314882,2023-05-01 20:12:59.314882,2023-05-02 13:48:59.314882,17.6,3.25,normal,0.82,30.3,7.1,3.1,0.1,1,2.04,3.39,0
V01079,general,104.8,17.1,8.5,70277,3575,2023-05-01 21:45:20.747967,2023-05-02 00:01:32.747967,2023-05-02 10:49:32.747967,10.8,2.27,normal,0.92,36.2,7.5,3.6,1.2,1,6.9,5.37,1
V01766,container,356.1,48.6,14.0,301713,905,2023-05-01 22:55:42.315410,2023-05-02 02:01:42.315410,2023-05-02 09:55:42.315410,7.9,3.1,normal,0.93,24.6,7.4,2.5,0.2,1,7.88,3.58,1
V02973,tanker,312.2,43.2,9.1,183783,1970,2023-05-02 04:51:48.517681,2023-05-02 07:15:12.517681,2023-05-03 08:09:12.517681,24.9,2.39,normal,0.56,22.3,4.4,2.4,1.3,1,2.27,4.17,0
V01731,tanker,293.8,45.7,11.1,257866,4278,2023-05-02 08:06:34.683641,2023-05-02 11:13:46.683641,2023-05-04 07:31:46.683641,44.3,3.12,normal,0.73,32.1,5.7,3.2,0.1,1,3.97,4.43,0
V02552,container,358.7,59.3,12.0,329186,859,2023-05-02 15:46:04.169550,2023-05-02 17:18:28.169550,2023-05-03 08:24:28.169550,15.1,1.54,normal,0.75,14.1,8.0,1.4,0.5,0,3.86,7.48,0
V02568,general,130.2,21.6,7.4,73268,1595,2023-05-02 15:55:15.204617,2023-05-02 17:34:51.204617,2023-05-03 02:28:51.204617,8.9,1.66,normal,0.98,6.2,7.4,0.4,0.0,0,3.65,2.13,0
V05759,roro,113.3,17.7,10.6,93915,2159,2023-05-03 04:30:00.946286,2023-05-03 06:51:00.946286,2023-05-03 20:15:00.946286,13.4,2.35,normal,0.38,20.2,9.9,1.9,1.1,1,3.41,1.77,0
V05286,bulk,100.5,16.9,9.2,67969,4637,2023-05-03 05:55:34.971624,2023-05-03 07:41:46.971624,2023-05-04 07:17:46.971624,23.6,1.77,normal,0.78,5.6,7.7,0.5,0.9,0,2.13,5.43,0
V03365,tanker,155.7,24.5,12.6,152517,3053,2023-05-03 12:28:33.703815,2023-05-03 15:46:33.703815,2023-05-04 18:04:33.703815,26.3,3.3,normal,0.85,32.3,10.0,3.6,0.2,1,7.98,5.52,1
V04033,bulk,195.7,29.3,11.7,146028,1026,2023-05-03 18:01:48.359752,2023-05-03 19:40:12.359752,2023-05-05 08:10:12.359752,36.5,1.64,normal,0.94,19.5,8.9,1.7,0.3,0,2.29,5.13,0
V03057,general,114.6,15.3,7.7,61143,1299,2023-05-04 00:11:59.378724,2023-05-04 01:26:23.378724,2023-05-04 13:08:23.378724,11.7,1.24,low,0.76,12.5,5.2,1.7,0.9,0,7.69,0.63,1
V04872,container,269.5,39.6,8.8,155122,4867,2023-05-04 16:37:15.566463,2023-05-04 17:55:15.566463,2023-05-05 12:25:15.566463,18.5,1.3,normal,0.88,13.0,6.7,2.0,0.1,0,4.97,0.38,0
V02914,container,173.1,23.7,9.0,99633,2390,2023-05-05 03:51:26.723854,2023-05-05 06:04:38.723854,2023-05-06 14:22:38.723854,32.3,2.22,normal,0.81,28.2,10.4,2.7,0.1,1,6.64,8.13,1
V04034,bulk,253.7,42.3,12.6,227064,856,2023-05-05 18:52:43.479338,2023-05-05 21:08:55.479338,2023-05-06 19:38:55.479338,22.5,2.27,high,0.83,11.3,7.6,1.1,0.6,0,2.96,4.37,0
V01747,tanker,130.6,18.5,11.5,99912,4824,2023-05-05 21:08:30.260142,2023-05-05 22:43:54.260142,2023-05-06 08:13:54.260142,9.5,1.59,normal,0.68,12.5,5.7,1.6,0.4,0,2.16,4.63,0
V04932,bulk,186.7,30.1,10.3,117583,4152,2023-05-06 13:55:28.501230,2023-05-06 15:44:40.501230,2023-05-07 09:32:40.501230,17.8,1.82,normal,0.91,10.4,8.3,1.4,0.0,0,7.48,5.17,1
V01989,roro,248.6,33.6,9.3,162124,2881,2023-05-06 15:50:03.999396,2023-05-06 18:19:27.999396,2023-05-07 08:25:27.999396,14.1,2.49,low,1.0,38.9,8.7,4.2,0.0,1,7.79,6.66,1
V02100,general,201.7,34.1,7.4,91811,515,2023-05-07 08:54:24.956181,2023-05-07 10:43:00.956181,2023-05-08 11:07:00.956181,24.4,1.81,normal,0.71,3.8,6.8,0.5,0.1,0,2.24,5.36,0
V05344,container,243.8,41.0,9.1,175274,2555,2023-05-07 10:11:48.466120,2023-05-07 11:49:36.466120,2023-05-08 05:19:36.466120,17.5,1.63,normal,0.68,14.7,7.0,1.6,0.6,0,2.09,6.05,0
V03538,container,285.5,43.1,12.0,211765,4672,2023-05-07 17:48:18.668677,2023-05-07 20:58:30.668677,2023-05-08 06:40:30.668677,9.7,3.17,normal,0.7,21.8,5.4,2.4,0.4,1,6.71,3.89,1
V03980,tanker,311.5,40.8,10.5,254722,4905,2023-05-08 19:34:49.846575,2023-05-08 20:56:25.846575,2023-05-09 07:56:25.846575,11.0,1.36,normal,0.52,0.0,7.4,0.4,0.2,0,5.33,3.92,0
V04984,container,165.8,23.8,11.2,130207,4846,2023-05-08 22:50:21.815204,2023-05-09 00:38:57.815204,2023-05-10 11:56:57.815204,35.3,1.81,normal,0.66,4.8,7.8,0.0,0.1,0,2.0,2.41,0
V03461,container,265.1,34.9,13.0,259533,590,2023-05-09 04:01:16.220166,2023-05-09 06:31:52.220166,2023-05-10 02:07:52.220166,19.6,2.51,high,0.77,38.4,8.9,4.3,0.9,1,7.56,6.89,1
V04647,bulk,237.2,31.4,9.8,173818,760,2023-05-09 05:11:43.408881,2023-05-09 08:23:07.408881,2023-05-10 10:53:07.408881,26.5,3.19,normal,0.57,26.1,7.5,2.6,0.1,1,8.0,4.52,1
V05939,container,279.3,41.7,10.2,225498,2034,2023-05-09 11:42:52.133986,2023-05-09 14:14:04.133986,2023-05-10 08:26:04.133986,18.2,2.52,normal,0.58,24.7,9.9,2.4,1.2,1,2.07,1.97,0
V04012,container,258.6,34.1,9.3,162280,612,2023-05-09 12:12:48.122599,2023-05-09 13:42:12.122599,2023-05-10 03:00:12.122599,13.3,1.49,low,0.58,17.9,8.3,2.2,0.0,0,2.32,0.24,0
V03244,general,92.3,14.1,8.0,50584,4234,2023-05-09 13:01:17.591197,2023-05-09 14:18:41.591197,2023-05-10 04:00:41.591197,13.7,1.29,high,0.85,22.5,7.9,1.9,0.8,1,3.07,5.14,0
V04193,tanker,327.0,44.0,9.4,245169,2325,2023-05-10 05:57:56.132712,2023-05-10 08:37:32.132712,2023-05-11 05:55:32.132712,21.3,2.66,normal,0.82,23.5,9.0,2.1,0.2,1,8.0,4.68,1
V04217,general,209.3,35.5,5.6,93059,3322,2023-05-10 12:13:52.355133,2023-05-10 13:50:28.355133,2023-05-11 02:26:28.355133,12.6,1.61,normal,0.82,16.6,8.5,1.5,1.4,0,2.01,2.69,0
V04413,container,379.4,52.9,13.9,410544,3141,2023-05-10 14:35:46.156826,2023-05-10 16:01:34.156826,2023-05-10 23:19:34.156826,7.3,1.43,normal,0.57,16.5,4.9,1.3,0.3,0,4.1,2.34,0
V01830,bulk,262.1,41.4,9.6,172840,2380,2023-05-10 22:46:40.109882,2023-05-11 01:41:16.109882,2023-05-11 20:05:16.109882,18.4,2.91,normal,0.53,21.3,5.3,2.3,0.3,1,3.07,1.85,0
V01839,general,187.7,30.8,8.3,122739,3110,2023-05-11 17:37:27.162605,2023-05-11 18:45:51.162605,2023-05-12 05:33:51.162605,10.8,1.14,high,0.58,12.6,4.8,1.4,0.9,0,7.2,4.64,1
V04586,bulk,154.2,21.9,11.2,122917,1116,2023-05-11 19:19:59.330146,2023-05-11 22:21:11.330146,2023-05-12 14:21:11.330146,16.0,3.02,normal,0.73,21.6,7.0,2.0,0.2,1,7.98,3.72,1
V04138,general,207.8,30.8,6.0,85618,2701,2023-05-11 21:38:28.168188,2023-05-12 00:25:52.168188,2023-05-12 14:31:52.168188,14.1,2.79,normal,0.95,20.5,8.6,2.4,0.1,1,5.84,2.87,1
V05069,bulk,200.8,28.9,9.4,117585,2749,2023-05-12 06:28:16.502356,2023-05-12 08:27:40.502356,2023-05-13 06:39:40.502356,22.2,1.99,normal,0.68,9.9,9.4,1.5,0.3,0,7.6,6.93,1
V05075,roro,103.8,13.7,9.8,69804,1408,2023-05-12 07:26:06.459919,2023-05-12 08:38:42.459919,2023-05-12 12:38:42.459919,4.0,1.21,high,0.78,17.5,7.8,1.8,0.4,0,8.0,3.1,1
V01449,general,197.4,27.5,8.3,107284,1917,2023-05-12 07:43:09.775127,2023-05-12 09:14:57.775127,2023-05-13 03:32:57.775127,18.3,1.53,low,0.89,14.2,6.4,1.4,0.1,0,7.98,5.26,1
V04037,general,196.3,27.3,5.1,68555,712,2023-05-12 20:54:05.818599,2023-05-12 22:30:05.818599,2023-05-13 16:18:05.818599,17.8,1.6,normal,0.97,9.9,5.9,0.9,0.1,0,7.62,7.15,1
V02811,bulk,151.2,21.3,11.3,131692,1299,2023-05-13 02:45:26.209992,2023-05-13 06:29:14.209992,2023-05-14 02:53:14.209992,20.4,3.73,normal,0.88,27.9,4.6,2.9,0.6,1,2.16,3.19,0
V04542,bulk,183.1,27.2,9.7,142017,1024,2023-05-13 09:10:53.983581,2023-05-13 10:58:53.983581,2023-05-14 03:34:53.983581,16.6,1.8,normal,0.76,11.5,7.4,1.4,1.5,0,7.71,2.3,1
V04162,general,196.4,30.1,6.6,81770,3360,2023-05-13 22:08:41.649073,2023-05-13 23:52:29.649073,2023-05-14 11:46:29.649073,11.9,1.73,normal,0.92,20.5,6.5,1.8,1.1,1,7.23,2.61,1
V01414,bulk,241.3,34.5,12.6,184989,2733,2023-05-14 04:06:23.095468,2023-05-14 06:05:47.095468,2023-05-14 20:35:47.095468,14.5,1.99,normal,0.77,18.3,8.4,2.2,0.4,0,2.54,2.75,0
V03480,bulk,197.4,26.5,9.3,114789,1306,2023-05-14 09:46:40.381564,2023-05-14 13:28:40.381564,2023-05-15 07:46:40.381564,18.3,3.7,high,0.77,24.0,9.9,2.6,0.0,1,7.82,2.63,1
V05557,general,152.3,24.6,9.4,90051,1112,2023-05-14 15:13:21.094074,2023-05-14 16:15:09.094074,2023-05-15 00:39:09.094074,8.4,1.03,normal,0.78,16.5,7.2,1.6,0.0,0,2.0,0.59,0
V04521,roro,235.0,35.8,8.0,146842,1937,2023-05-15 05:46:31.349860,2023-05-15 07:51:55.349860,2023-05-15 20:39:55.349860,12.8,2.09,normal,0.45,27.6,6.8,2.9,0.7,1,3.51,5.51,0
V02591,container,184.5,28.3,10.0,141178,2136,2023-05-15 08:40:30.314366,2023-05-15 09:59:42.314366,2023-05-16 12:05:42.314366,26.1,1.32,normal,0.98,13.4,3.4,1.7,0.6,0,7.44,1.45,1
V02344,general,82.4,13.6,7.9,41890,1325,2023-05-15 09:27:35.837428,2023-05-15 11:27:35.837428,2023-05-15 21:51:35.837428,10.4,2.0,normal,0.89,23.6,6.7,2.4,0.3,1,7.93,4.22,1
V02489,tanker,152.7,20.5,10.3,121583,1833,2023-05-15 17:34:36.734002,2023-05-15 20:49:36.734002,2023-05-16 11:37:36.734002,14.8,3.25,normal,0.35,24.3,8.7,2.2,1.4,1,2.8,2.46,0
V02341,tanker,170.3,23.6,11.2,147832,2696,2023-05-15 23:28:20.237264,2023-05-16 00:40:20.237264,2023-05-16 13:40:20.237264,13.0,1.2,normal,0.87,8.4,8.9,0.9,2.7,0,7.49,1.86,1
V02267,roro,177.2,27.9,9.7,132348,1471,2023-05-16 07:18:27.301078,2023-05-16 09:32:15.301078,2023-05-16 18:14:15.301078,8.7,2.23,normal,0.83,20.9,8.3,2.1,0.1,1,4.56,0.41,0
V04405,roro,131.1,17.1,10.0,101621,3152,2023-05-16 13:50:37.638199,2023-05-16 15:52:25.638199,2023-05-17 08:16:25.638199,16.4,2.03,normal,0.7,31.9,7.2,2.8,0.0,1,4.93,0.97,0
V04299,general,106.9,15.7,7.5,58909,726,2023-05-16 14:03:50.652974,2023-05-16 15:17:02.652974,2023-05-18 06:23:02.652974,39.1,1.22,normal,0.77,1.7,12.8,0.3,2.2,0,4.6,5.99,0
V05334,general,200.7,32.6,8.8,136719,4026,2023-05-16 15:27:20.245442,2023-05-16 17:00:56.245442,2023-05-17 00:00:56.245442,7.0,1.56,normal,0.58,18.6,6.3,2.0,0.2,0,2.77,5.91,0
V04428,bulk,185.0,29.5,11.2,145652,3834,2023-05-16 18:45:54.954345,2023-05-16 20:22:30.954345,2023-05-17 12:58:30.954345,16.6,1.61,high,0.61,17.5,9.3,1.7,0.4,0,3.24,1.76,0
V01853,bulk,215.5,28.2,9.6,165256,2946,2023-05-17 07:20:33.807206,2023-05-17 10:49:57.807206,2023-05-18 10:01:57.807206,23.2,3.49,normal,0.65,21.9,7.5,2.0,0.1,1,3.47,4.69,0
V01796,general,209.6,27.7,5.1,84635,1747,2023-05-17 12:37:27.577283,2023-05-17 14:48:51.577283,2023-05-18 03:18:51.577283,12.5,2.19,normal,0.33,24.7,6.7,2.7,0.4,1,7.53,5.57,1
V02231,tanker,275.8,40.0,12.9,267878,529,2023-05-17 15:52:34.239527,2023-05-17 19:48:58.239527,2023-05-18 10:54:58.239527,15.1,3.94,normal,0.95,28.6,7.4,2.7,0.6,1,3.19,3.6,0
V01110,bulk,126.7,20.2,7.5,66450,2466,2023-05-17 17:09:04.980499,2023-05-17 19:51:40.980499,2023-05-19 06:15:40.980499,34.4,2.71,normal,0.93,23.2,8.3,2.5,0.1,1,2.12,1.05,0
V05684,tanker,283.9,46.1,12.5,280156,961,2023-05-17 19:05:53.752120,2023-05-17 22:06:29.752120,2023-05-18 16:06:29.752120,18.0,3.01,normal,0.62,20.8,8.9,2.1,0.6,1,2.72,5.23,0
V01311,bulk,106.9,14.2,10.8,79316,1817,2023-05-17 21:47:32.061564,2023-05-17 23:27:08.061564,2023-05-19 10:57:08.061564,35.5,1.66,low,0.39,8.3,7.9,1.0,0.7,0,6.45,7.08,1
V03541,container,199.5,29.2,15.0,216671,4572,2023-05-18 04:20:18.516759,2023-05-18 05:44:18.516759,2023-05-19 01:32:18.516759,19.8,1.4,high,0.73,8.9,5.7,1.2,0.2,0,3.12,4.8,0
V05965,tanker,198.2,32.4,11.0,154211,3144,2023-05-18 07:30:21.525919,2023-05-18 09:29:09.525919,2023-05-19 05:53:09.525919,20.4,1.98,low,0.66,15.7,3.8,1.5,0.0,0,2.73,5.64,0
V01984,general,83.9,11.1,5.3,33182,2755,2023-05-18 17:56:02.314818,2023-05-18 19:30:50.314818,2023-05-19 05:36:50.314818,10.1,1.58,normal,1.0,14.8,5.8,1.7,0.2,0,2.12,0.32,0
V03023,bulk,246.1,37.3,8.9,175030,2498,2023-05-19 03:47:23.584984,2023-05-19 05:23:23.584984,2023-05-20 06:41:23.584984,25.3,1.6,normal,0.87,18.2,13.6,1.7,1.0,0,5.02,2.67,0
V05471,bulk,268.5,45.4,9.6,170687,3618,2023-05-19 18:34:12.522338,2023-05-19 22:07:12.522338,2023-05-20 13:01:12.522338,14.9,3.55,normal,0.63,22.3,10.2,1.8,0.3,1,2.2,0.57,0
V03744,bulk,241.1,39.7,10.3,172897,3084,2023-05-19 23:40:31.274645,2023-05-20 01:23:43.274645,2023-05-21 23:47:43.274645,46.4,1.72,low,0.66,12.3,5.5,0.9,0.3,0,6.81,4.83,1
V05296,container,297.1,48.8,9.5,210084,3946,2023-05-19 23:41:20.478486,2023-05-20 01:14:20.478486,2023-05-21 02:50:20.478486,25.6,1.55,normal,0.78,5.7,4.1,0.2,1.0,0,6.82,1.55,1
V05014,tanker,131.8,22.1,12.8,110273,3993,2023-05-20 08:35:42.347651,2023-05-20 10:29:42.347651,2023-05-22 03:23:42.347651,40.9,1.9,low,0.65,9.9,5.9,0.6,0.9,0,2.3,3.7,0
V03673,general,197.1,26.0,6.7,92700,2633,2023-05-20 16:19:47.918798,2023-05-20 18:54:35.918798,2023-05-21 08:48:35.918798,13.9,2.58,normal,0.58,24.2,4.9,2.6,0.1,1,6.0,3.96,1
V05668,tanker,235.5,33.6,12.8,233730,2970,2023-05-20 19:32:57.361552,2023-05-20 21:12:33.361552,2023-05-21 16:48:33.361552,19.6,1.66,normal,0.79,16.8,8.1,1.2,0.3,0,2.12,4.9,0
V03537,roro,187.5,29.2,6.9,89669,4691,2023-05-20 19:57:24.486554,2023-05-20 22:07:36.486554,2023-05-21 07:07:36.486554,9.0,2.17,normal,0.93,21.0,6.0,2.2,0.7,1,2.01,0.07,0
V01513,bulk,195.1,33.1,10.6,162871,4380,2023-05-20 19:57:43.810598,2023-05-20 21:42:07.810598,2023-05-22 21:48:07.810598,48.1,1.74,normal,1.0,16.3,9.6,1.9,0.6,0,2.01,0.04,0
V02995,roro,144.2,21.0,8.4,87935,1372,2023-05-20 19:58:47.298180,2023-05-20 22:20:59.298180,2023-05-21 08:38:59.298180,10.3,2.37,normal,0.64,22.1,6.7,2.4,1.0,1,2.01,5.94,0
V03690,container,368.6,56.4,10.5,305627,2272,2023-05-20 21:01:12.434999,2023-05-20 22:16:12.434999,2023-05-21 10:10:12.434999,11.9,1.25,normal,0.98,13.5,6.3,2.1,1.5,0,2.32,2.46,0
V01165,roro,204.2,33.6,9.6,128365,4132,2023-05-21 13:54:00.933872,2023-05-21 15:17:24.933872,2023-05-22 06:11:24.933872,14.9,1.39,normal,0.75,12.5,5.4,1.5,0.2,0,7.76,4.34,1
V05816,roro,125.1,19.5,9.7,88916,2056,2023-05-21 16:08:59.441964,2023-05-21 18:05:23.441964,2023-05-22 06:53:23.441964,12.8,1.94,normal,0.86,7.6,2.3,0.6,0.3,1,7.23,4.68,1
V05955,general,120.5,17.3,7.9,59279,2114,2023-05-22 13:49:46.183126,2023-05-22 14:55:46.183126,2023-05-23 09:07:46.183126,18.2,1.1,low,0.74,17.7,5.0,1.7,0.5,0,6.99,1.56,1
V04644,general,146.7,20.6,7.4,68745,1500,2023-05-22 14:02:48.095939,2023-05-22 15:59:12.095939,2023-05-23 22:35:12.095939,30.6,1.94,normal,0.92,28.6,6.6,2.6,0.5,1,7.22,3.21,1
V02297,tanker,207.3,28.4,9.8,125044,3281,2023-05-22 22:56:52.512106,2023-05-23 00:28:40.512106,2023-05-23 14:34:40.512106,14.1,1.53,normal,0.54,16.4,6.1,1.4,0.8,0,2.58,1.99,0
V03443,container,346.1,58.6,8.6,206928,1337,2023-05-23 01:47:02.908085,2023-05-23 03:22:26.908085,2023-05-24 13:22:26.908085,34.0,1.59,normal,0.49,13.1,5.6,1.1,0.5,0,6.43,4.23,1
V04813,container,197.7,26.2,9.5,129785,4575,2023-05-23 04:24:54.347185,2023-05-23 06:12:54.347185,2023-05-23 17:54:54.347185,11.7,1.8,normal,0.98,18.2,7.4,1.9,1.0,0,7.9,0.22,1
V02458,general,107.2,15.3,5.5,39962,1878,2023-05-23 07:11:38.981277,2023-05-23 08:51:50.981277,2023-05-23 20:45:50.981277,11.9,1.67,normal,1.0,12.3,5.7,1.9,0.6,0,4.71,2.13,0
V02057,bulk,208.4,32.7,8.8,133696,3100,2023-05-23 08:12:20.447952,2023-05-23 10:13:32.447952,2023-05-24 05:13:32.447952,19.0,2.02,normal,0.74,16.5,5.6,1.6,0.3,0,3.28,2.43,0
V03682,roro,209.1,34.9,10.9,164592,1688,2023-05-23 11:51:02.530493,2023-05-23 14:15:02.530493,2023-05-24 04:03:02.530493,13.8,2.4,high,0.84,25.3,10.9,1.8,0.6,1,3.11,0.08,0
V02970,tanker,155.5,24.0,9.7,97449,2657,2023-05-23 15:59:07.564872,2023-05-23 17:47:07.564872,2023-05-24 14:53:07.564872,21.1,1.8,normal,0.65,14.3,11.8,1.7,0.2,0,7.96,6.72,1
V01352,container,227.6,33.2,8.1,130888,3288,2023-05-23 20:55:19.892793,2023-05-23 23:30:43.892793,2023-05-25 02:00:43.892793,26.5,2.59,normal,0.93,20.8,6.9,2.1,1.1,1,2.91,2.42,0
V03131,bulk,135.0,20.0,10.1,98831,1633,2023-05-23 23:01:06.058370,2023-05-24 02:02:54.058370,2023-05-25 11:08:54.058370,33.1,3.03,normal,0.91,21.8,6.5,2.3,0.7,1,2.1,3.46,0
V05325,bulk,147.0,21.2,8.0,71474,1249,2023-05-24 03:51:47.057385,2023-05-24 07:42:47.057385,2023-05-25 11:12:47.057385,27.5,3.85,normal,0.62,23.7,10.2,2.4,0.2,1,7.73,3.69,1
V02103,container,277.2,37.4,10.3,197934,515,2023-05-24 08:56:03.104730,2023-05-24 10:28:27.104730,2023-05-24 21:10:27.104730,10.7,1.54,normal,0.32,9.9,7.2,0.6,0.0,0,3.37,2.42,0
V03340,tanker,302.5,41.9,9.0,168592,937,2023-05-24 10:02:27.462171,2023-05-24 12:40:51.462171,2023-05-25 15:34:51.462171,26.9,2.64,normal,0.3,27.3,6.9,2.9,1.1,1,2.28,4.61,0
V02046,bulk,272.4,38.2,9.0,183542,2119,2023-05-24 10:43:13.722531,2023-05-24 13:59:25.722531,2023-05-25 10:05:25.722531,20.1,3.27,normal,0.67,24.2,7.4,2.7,0.3,1,2.01,5.59,0
V02206,general,181.7,29.9,7.4,83912,4595,2023-05-24 14:25:59.194026,2023-05-24 17:20:35.194026,2023-05-25 10:14:35.194026,16.9,2.91,normal,0.87,23.3,8.0,1.7,0.7,1,5.65,2.2,1
V04411,container,370.9,54.0,12.9,304609,1297,2023-05-24 18:29:09.270323,2023-05-24 19:41:09.270323,2023-05-26 02:29:09.270323,30.8,1.2,normal,0.53,0.0,4.0,0.0,0.3,0,7.29,2.48,1
V02350,roro,144.7,20.0,7.1,73124,4774,2023-05-24 18:53:48.875928,2023-05-24 21:32:12.875928,2023-05-25 02:50:12.875928,5.3,2.64,normal,0.59,23.9,10.3,2.5,0.5,1,6.84,3.06,1
V04114,tanker,147.4,24.9,10.3,115246,3546,2023-05-24 23:07:51.974256,2023-05-25 01:06:03.974256,2023-05-27 14:18:03.974256,61.2,1.97,normal,0.57,15.5,7.3,1.7,2.9,0,2.01,2.23,0
V04432,bulk,280.4,39.2,7.6,133984,3809,2023-05-25 00:10:54.471172,2023-05-25 02:08:30.471172,2023-05-26 12:32:30.471172,34.4,1.96,normal,0.62,14.0,5.3,1.4,0.4,0,2.29,3.22,0
V04771,bulk,104.5,17.2,11.6,76179,4535,2023-05-25 00:56:06.886568,2023-05-25 02:43:30.886568,2023-05-25 16:43:30.886568,14.0,1.79,normal,0.92,18.1,9.9,1.4,0.2,0,2.97,4.13,0
V01197,general,88.7,11.8,6.7,47250,4176,2023-05-25 04:27:00.434140,2023-05-25 05:40:12.434140,2023-05-25 20:04:12.434140,14.4,1.22,normal,0.68,15.4,6.1,1.3,0.0,0,7.59,2.43,1
V04987,container,354.3,55.4,14.3,336015,2234,2023-05-25 13:53:48.110563,2023-05-25 15:21:24.110563,2023-05-26 02:27:24.110563,11.1,1.46,normal,0.72,9.7,9.6,1.2,0.6,0,3.67,4.12,0
V05912,tanker,233.3,36.2,12.9,198145,1040,2023-05-26 01:58:32.765781,2023-05-26 04:39:56.765781,2023-05-26 17:03:56.765781,12.4,2.69,normal,0.76,21.7,9.7,1.9,0.1,1,3.26,3.25,0
V02527,roro,240.7,40.1,10.5,197048,4190,2023-05-26 02:14:21.950872,2023-05-26 03:25:45.950872,2023-05-26 13:55:45.950872,10.5,1.19,low,0.7,18.9,8.8,2.3,0.2,0,3.6,4.57,0
V02251,tanker,139.8,21.2,13.4,113903,4640,2023-05-26 06:00:04.435065,2023-05-26 09:12:04.435065,2023-05-27 16:48:04.435065,31.6,3.2,normal,0.41,25.8,7.5,2.5,1.2,1,7.97,0.18,1
V03488,bulk,186.4,27.8,8.6,110499,1443,2023-05-26 13:59:35.386699,2023-05-26 16:49:23.386699,2023-05-27 12:07:23.386699,19.3,2.83,normal,0.79,28.5,10.4,2.6,0.6,1,2.82,3.24,0
V01205,general,101.6,15.0,7.4,54086,4998,2023-05-26 14:20:54.859410,2023-05-26 15:34:42.859410,2023-05-27 11:34:42.859410,20.0,1.23,normal,0.87,12.8,10.4,0.9,1.1,0,3.22,3.43,0
V02700,roro,206.6,32.3,10.7,132951,1695,2023-05-27 11:16:54.960445,2023-05-27 12:59:30.960445,2023-05-28 00:05:30.960445,11.1,1.71,normal,0.51,22.8,5.7,2.2,0.2,1,3.44,1.96,0
V04361,bulk,294.1,49.6,11.7,232144,1871,2023-05-27 11:41:50.057585,2023-05-27 16:18:26.057585,2023-05-28 09:54:26.057585,17.6,4.61,normal,0.92,21.9,2.6,2.5,0.8,2,2.94,0.86,0
V04606,tanker,147.4,23.2,12.8,124477,2567,2023-05-27 12:23:43.858747,2023-05-27 15:48:19.858747,2023-05-28 12:12:19.858747,20.4,3.41,normal,0.99,28.0,10.7,2.9,0.4,1,2.31,5.64,0
V02067,bulk,228.9,30.7,12.6,178774,4338,2023-05-28 02:03:19.813182,2023-05-28 04:54:19.813182,2023-05-28 23:18:19.813182,18.4,2.85,normal,0.85,29.7,7.7,3.1,0.1,1,2.05,4.55,0
V01530,container,287.6,43.5,9.9,200301,4660,2023-05-28 05:50:50.598029,2023-05-28 08:29:50.598029,2023-05-30 03:59:50.598029,43.5,2.65,normal,0.68,27.4,8.7,3.0,0.9,1,6.52,3.8,1
V05821,general,112.8,18.8,5.2,44432,3645,2023-05-28 09:17:20.513061,2023-05-28 10:44:20.513061,2023-05-29 03:56:20.513061,17.2,1.45,normal,0.9,9.0,6.3,0.9,0.4,0,7.29,1.6,1
V03457,tanker,152.7,24.2,10.6,108930,2070,2023-05-28 11:29:02.875745,2023-05-28 14:00:14.875745,2023-05-29 16:54:14.875745,26.9,2.52,normal,0.74,20.2,5.1,2.0,1.0,1,4.27,1.44,0
V01987,tanker,236.7,39.0,12.2,216367,2736,2023-05-28 13:11:06.007619,2023-05-28 16:00:18.007619,2023-05-29 14:24:18.007619,22.4,2.82,low,0.95,34.2,6.4,3.4,0.4,1,2.32,2.91,0
V05316,tanker,213.0,34.9,11.5,178646,1074,2023-05-28 16:13:16.918267,2023-05-28 18:40:16.918267,2023-05-29 03:10:16.918267,8.5,2.45,low,0.97,22.4,8.8,2.4,0.3,1,3.57,0.4,0
V03115,general,208.3,29.7,5.4,74203,4982,2023-05-28 16:22:38.560561,2023-05-28 18:27:26.560561,2023-05-29 03:33:26.560561,9.1,2.08,normal,0.96,25.1,7.9,2.8,0.3,1,3.79,2.59,0
V01847,general,127.9,21.7,6.3,63030,630,2023-05-28 18:56:56.050537,2023-05-28 20:06:32.050537,2023-05-29 04:18:32.050537,8.2,1.16,normal,0.65,14.0,8.1,1.1,0.0,0,7.32,6.32,1
V04689,container,296.3,40.4,13.5,311290,1317,2023-05-28 19:51:48.178767,2023-05-29 00:49:24.178767,2023-05-29 13:13:24.178767,12.4,4.96,normal,0.76,24.2,2.5,2.4,0.2,2,7.93,3.42,1
V01025,container,177.3,27.7,8.8,116895,3125,2023-05-29 04:24:06.017780,2023-05-29 05:49:18.017780,2023-05-29 23:49:18.017780,18.0,1.42,normal,0.78,16.1,8.4,1.7,0.2,0,3.29,3.03,0
V04271,bulk,138.2,18.3,7.3,72117,1293,2023-05-29 04:56:43.709187,2023-05-29 07:15:19.709187,2023-05-30 08:21:19.709187,25.1,2.31,normal,1.0,19.4,9.8,1.5,1.2,0,4.02,5.98,0
V01537,bulk,121.5,16.0,7.9,66618,4795,2023-05-29 14:54:20.667643,2023-05-29 19:05:08.667643,2023-05-30 09:23:08.667643,14.3,4.18,normal,0.8,23.4,10.3,2.4,0.6,1,2.0,6.83,0
V01511,bulk,251.0,34.0,9.0,153569,4910,2023-05-30 11:32:16.912936,2023-05-30 14:46:04.912936,2023-05-31 06:10:04.912936,15.4,3.23,normal,0.91,21.4,4.9,1.9,0.3,1,6.54,3.08,1
V04156,tanker,158.1,21.2,13.7,139573,1798,2023-05-30 19:15:30.305136,2023-05-30 20:12:30.305136,2023-05-31 14:00:30.305136,17.8,0.95,normal,0.66,8.1,10.1,1.0,0.0,0,5.69,2.09,1
V05813,container,289.7,39.8,12.4,239412,4455,2023-05-30 23:18:06.905286,2023-05-31 01:18:06.905286,2023-06-01 11:42:06.905286,34.4,2.0,normal,0.82,0.0,10.9,0.0,1.6,0,7.27,7.62,1
V04898,tanker,235.4,38.0,9.8,172187,1534,2023-05-31 01:55:55.808352,2023-05-31 03:33:43.808352,2023-06-01 15:03:43.808352,35.5,1.63,normal,0.57,19.0,10.0,1.9,1.0,0,3.64,4.89,0
V01751,container,229.3,37.9,12.5,182530,4282,2023-05-31 02:57:34.086924,2023-05-31 04:16:46.086924,2023-06-01 12:10:46.086924,31.9,1.32,normal,0.8,14.8,6.9,1.5,0.0,0,2.49,4.0,0
V01573,bulk,175.2,26.2,10.8,145663,4436,2023-05-31 04:45:32.031637,2023-05-31 06:29:20.031637,2023-06-01 20:41:20.031637,38.2,1.73,normal,0.89,15.4,7.2,1.7,0.6,0,2.17,4.58,0
V04543,container,329.8,52.1,13.5,346953,2973,2023-05-31 10:50:49.582777,2023-05-31 14:45:25.582777,2023-06-01 06:09:25.582777,15.4,3.91,normal,0.65,38.2,3.8,4.1,0.1,1,7.89,2.48,1
V02658,tanker,320.9,42.6,11.9,266767,4967,2023-05-31 18:22:37.039048,2023-05-31 20:12:25.039048,2023-06-02 07:30:25.039048,35.3,1.83,high,0.74,3.4,6.8,0.5,0.2,0,3.26,1.96,0
V02465,bulk,153.0,21.7,12.6,132494,2077,2023-06-01 05:52:21.498051,2023-06-01 09:27:09.498051,2023-06-02 01:21:09.498051,15.9,3.58,low,0.99,21.7,5.7,2.5,0.3,1,2.36,3.83,0
V05664,general,81.5,13.2,5.5,31603,3480,2023-06-02 14:04:21.904501,2023-06-02 16:10:21.904501,2023-06-03 02:04:21.904501,9.9,2.1,high,0.74,25.4,5.5,2.6,0.1,1,6.36,1.45,1
V05849,bulk,174.0,28.8,9.2,112000,1638,2023-06-02 21:14:26.841680,2023-06-02 23:15:02.841680,2023-06-03 22:09:02.841680,22.9,2.01,normal,0.72,14.8,10.4,1.6,0.1,0,5.06,0.64,0
V02708,general,215.6,29.5,7.5,119107,3906,2023-06-03 04:19:11.225531,2023-06-03 06:55:47.225531,2023-06-03 20:19:47.225531,13.4,2.61,normal,0.65,27.3,11.1,2.9,0.7,1,3.65,6.04,0
V01780,tanker,289.0,48.3,12.7,253018,1279,2023-06-03 12:37:18.913810,2023-06-03 14:33:06.913810,2023-06-04 12:03:06.913810,21.5,1.93,normal,0.81,8.0,4.1,0.4,1.3,0,8.0,2.19,1
V05642,general,182.4,28.6,5.9,69242,1262,2023-06-03 19:21:54.962461,2023-06-03 21:52:30.962461,2023-06-04 20:22:30.962461,22.5,2.51,normal,0.82,25.0,8.2,2.1,0.2,1,2.08,2.5,0
V04755,roro,214.7,33.7,7.4,105810,1362,2023-06-04 07:43:45.811112,2023-06-04 09:10:45.811112,2023-06-04 19:16:45.811112,10.1,1.45,normal,0.58,11.5,8.9,1.0,1.2,0,2.07,4.23,0
V01572,bulk,283.1,41.5,7.8,147708,2742,2023-06-04 09:16:33.578622,2023-06-04 10:45:57.578622,2023-06-06 02:27:57.578622,39.7,1.49,normal,0.98,0.0,7.7,0.0,0.2,0,3.38,4.83,0
V01632,bulk,172.2,26.2,12.1,154932,4537,2023-06-04 10:30:46.722719,2023-06-04 13:37:22.722719,2023-06-05 11:01:22.722719,21.4,3.11,normal,0.59,22.4,9.3,2.0,0.2,1,5.17,6.35,0
V01077,general,192.8,31.8,7.9,97658,1004,2023-06-04 17:17:57.892938,2023-06-04 18:37:09.892938,2023-06-05 17:25:09.892938,22.8,1.32,normal,0.76,16.4,7.5,1.3,0.5,0,3.96,1.0,0
V02567,bulk,289.5,39.8,8.9,173432,3513,2023-06-05 00:52:15.542072,2023-06-05 03:55:51.542072,2023-06-06 20:25:51.542072,40.5,3.06,normal,0.71,20.7,8.0,1.5,1.3,1,7.6,4.24,1
V01280,general,153.5,21.5,8.5,89942,1056,2023-06-05 05:38:13.032162,2023-06-05 07:14:13.032162,2023-06-06 02:08:13.032162,18.9,1.6,normal,0.98,7.5,8.0,1.0,0.1,0,4.05,0.72,0
V03230,container,293.9,47.3,9.8,201912,888,2023-06-05 23:23:58.161995,2023-06-06 01:34:10.161995,2023-06-07 05:10:10.161995,27.6,2.17,normal,0.84,32.6,6.8,3.8,0.1,1,4.7,5.71,0
V04810,general,93.0,12.5,7.9,52352,4836,2023-06-06 00:59:22.606900,2023-06-06 02:34:46.606900,2023-06-06 15:58:46.606900,13.4,1.59,normal,0.69,11.9,6.6,1.1,0.4,0,6.94,3.93,1
V05450,container,163.3,26.8,13.1,163018,3320,2023-06-06 01:59:06.195429,2023-06-06 03:21:18.195429,2023-06-06 14:39:18.195429,11.3,1.37,normal,0.83,8.1,9.9,1.5,0.3,0,7.81,0.01,1
V01707,bulk,177.7,26.3,11.9,152407,4530,2023-06-06 02:27:18.664556,2023-06-06 04:04:30.664556,2023-06-07 08:40:30.664556,28.6,1.62,low,0.81,9.9,5.7,1.1,1.4,0,7.98,0.93,1
V02437,bulk,198.5,26.1,10.2,149273,2692,2023-06-06 06:24:02.742072,2023-06-06 09:40:50.742072,2023-06-07 15:28:50.742072,29.8,3.28,normal,0.5,21.6,8.7,2.1,0.2,1,4.1,2.27,0
V04951,bulk,290.2,40.3,12.4,266509,3412,2023-06-06 08:04:10.435505,2023-06-06 11:53:58.435505,2023-06-07 15:53:58.435505,28.0,3.83,normal,0.93,25.3,8.5,2.5,0.7,1,2.26,5.09,0
V05606,container,155.5,22.2,9.6,95747,2145,2023-06-06 14:28:24.110269,2023-06-06 17:26:36.110269,2023-06-07 09:14:36.110269,15.8,2.97,normal,0.57,27.7,8.1,2.9,0.1,1,7.85,5.18,1
V03620,container,274.4,36.0,14.5,292864,3311,2023-06-06 20:14:20.715524,2023-06-06 23:11:20.715524,2023-06-07 18:47:20.715524,19.6,2.95,normal,1.0,22.0,10.2,2.4,0.2,1,2.42,2.55,0
V05275,roro,117.4,15.9,10.9,80425,4158,2023-06-07 00:54:07.475247,2023-06-07 02:55:19.475247,2023-06-07 16:13:19.475247,13.3,2.02,normal,0.87,23.9,5.8,2.2,1.5,1,5.76,5.45,1
V04598,tanker,140.1,19.2,12.3,117451,3315,2023-06-07 01:27:38.752213,2023-06-07 03:19:14.752213,2023-06-07 15:01:14.752213,11.7,1.86,high,0.78,4.9,6.6,0.4,0.6,0,6.54,3.4,1
V03770,roro,213.2,35.8,7.5,120851,2140,2023-06-07 07:20:15.857611,2023-06-07 09:03:27.857611,2023-06-07 14:51:27.857611,5.8,1.72,normal,0.53,32.3,7.2,3.7,0.7,1,3.9,2.03,0
V02830,tanker,126.2,20.0,13.9,120175,1361,2023-06-07 12:48:15.070713,2023-06-07 14:16:27.070713,2023-06-08 12:16:27.070713,22.0,1.47,normal,0.89,12.4,5.4,1.8,0.3,0,5.01,2.29,0
V03789,bulk,162.9,26.5,7.9,88765,3078,2023-06-07 16:53:25.966707,2023-06-07 19:27:01.966707,2023-06-08 06:33:01.966707,11.1,2.56,normal,0.83,34.9,10.4,3.7,0.7,1,7.63,0.04,1
V04030,tanker,155.4,24.9,13.5,129291,4609,2023-06-08 02:52:19.068267,2023-06-08 04:49:19.068267,2023-06-08 17:37:19.068267,12.8,1.95,normal,0.49,0.0,8.8,0.0,0.3,0,7.25,5.62,1
V01580,container,312.3,47.5,9.3,188974,4800,2023-06-08 06:36:34.512427,2023-06-08 07:44:58.512427,2023-06-08 22:32:58.512427,14.8,1.14,high,1.0,5.1,7.5,0.7,1.2,0,6.17,1.24,1
V03157,roro,191.1,32.4,9.0,106413,1743,2023-06-08 17:35:00.765927,2023-06-08 18:48:48.765927,2023-06-09 03:24:48.765927,8.6,1.23,low,0.68,6.6,9.8,0.9,0.3,0,7.7,2.56,1
V03783,container,237.1,39.6,13.8,212219,3335,2023-06-10 03:44:31.286691,2023-06-10 06:35:31.286691,2023-06-11 03:23:31.286691,20.8,2.85,normal,1.0,24.3,8.5,2.4,1.4,1,6.38,3.96,1
V01069,tanker,181.2,29.8,12.5,171227,678,2023-06-10 12:47:33.274918,2023-06-10 15:01:57.274918,2023-06-11 06:13:57.274918,15.2,2.24,normal,0.72,9.3,7.5,0.9,0.2,0,2.18,3.05,0
V04502,bulk,297.1,40.3,10.1,196856,2002,2023-06-10 15:44:37.335742,2023-06-10 17:15:13.335742,2023-06-12 14:03:13.335742,44.8,1.51,normal,0.63,13.5,9.5,1.8,0.1,0,5.82,0.45,1
V03206,bulk,168.7,24.2,13.0,142832,2093,2023-06-11 04:36:49.426476,2023-06-11 06:32:01.426476,2023-06-12 15:44:01.426476,33.2,1.92,normal,0.77,18.4,8.6,1.8,1.2,0,6.47,0.02,1
V04579,bulk,252.3,40.4,11.5,188372,3281,2023-06-11 07:53:09.576298,2023-06-11 09:36:57.576298,2023-06-13 08:12:57.576298,46.6,1.73,normal,0.51,19.6,10.5,2.0,0.9,0,7.47,4.51,1
V03772,container,240.2,31.7,9.9,178997,1813,2023-06-11 13:14:02.518234,2023-06-11 15:12:14.518234,2023-06-12 03:30:14.518234,12.3,1.97,normal,0.97,26.6,7.2,2.9,0.3,1,2.04,7.33,0
V03588,tanker,184.0,27.8,13.0,174044,1752,2023-06-12 02:56:16.368943,2023-06-12 05:57:28.368943,2023-06-13 05:57:28.368943,24.0,3.02,normal,0.7,26.3,7.4,2.6,0.3,1,2.98,3.27,0
V01761,roro,200.8,27.2,6.8,87505,3950,2023-06-12 16:31:51.272436,2023-06-12 17:42:39.272436,2023-06-13 08:54:39.272436,15.2,1.18,normal,0.51,13.5,4.6,1.7,1.5,0,4.59,3.67,0
V02120,tanker,321.9,51.0,9.6,199651,2365,2023-06-12 21:18:28.706772,2023-06-12 23:04:04.706772,2023-06-13 11:46:04.706772,12.7,1.76,normal,0.83,6.7,8.1,0.2,2.1,0,7.27,0.69,1
V05793,container,243.4,34.6,9.3,177659,1169,2023-06-13 02:09:42.301664,2023-06-13 04:48:42.301664,2023-06-13 18:12:42.301664,13.4,2.65,normal,0.86,33.7,6.9,3.4,1.5,1,2.0,2.39,0
V04942,tanker,279.7,44.6,9.6,177097,2247,2023-06-13 02:26:57.929191,2023-06-13 04:02:21.929191,2023-06-13 19:02:21.929191,15.0,1.59,normal,0.55,13.2,6.1,1.6,1.1,0,2.05,4.36,0
V01433,container,326.7,46.5,13.2,285159,4270,2023-06-13 06:05:32.099674,2023-06-13 08:27:08.099674,2023-06-14 07:21:08.099674,22.9,2.36,normal,0.56,21.6,4.6,2.7,1.6,1,6.31,1.21,1
V01606,tanker,219.2,32.3,12.5,175485,1463,2023-06-13 06:49:28.709817,2023-06-13 09:47:40.709817,2023-06-14 13:05:40.709817,27.3,2.97,normal,0.78,22.3,9.3,2.1,0.7,1,7.2,5.3,1
V05850,roro,102.9,16.7,9.3,69245,3335,2023-06-13 07:29:59.768147,2023-06-13 09:46:11.768147,2023-06-13 20:28:11.768147,10.7,2.27,normal,0.98,25.2,7.1,2.6,0.4,1,7.76,0.6,1
V02247,general,197.6,31.4,9.1,138634,2243,2023-06-13 08:05:00.857299,2023-06-13 09:32:00.857299,2023-06-13 22:26:00.857299,12.9,1.45,normal,0.82,8.3,7.6,0.6,0.1,0,7.98,2.21,1
V05348,container,272.2,40.1,8.8,147928,3150,2023-06-13 14:32:28.074956,2023-06-13 16:25:52.074956,2023-06-14 11:25:52.074956,19.0,1.89,normal,0.65,13.1,8.8,1.7,0.4,0,2.0,3.75,0
V03753,general,90.0,12.1,8.3,57068,4067,2023-06-13 16:36:51.536523,2023-06-13 19:22:27.536523,2023-06-14 14:04:27.536523,18.7,2.76,normal,0.78,34.0,7.7,3.4,0.9,1,3.56,4.84,0
V01389,bulk,295.6,41.0,8.2,159584,1277,2023-06-13 22:58:51.325248,2023-06-14 02:33:03.325248,2023-06-15 06:15:03.325248,27.7,3.57,high,0.8,23.0,7.2,2.3,0.6,1,6.21,0.19,1
V05126,tanker,203.0,31.9,9.3,142489,4749,2023-06-13 23:54:13.076611,2023-06-14 01:39:13.076611,2023-06-14 12:33:13.076611,10.9,1.75,normal,0.76,12.4,8.0,1.1,0.0,0,4.84,0.81,0
V05618,container,356.3,51.6,12.0,317739,2485,2023-06-14 00:45:36.950472,2023-06-14 02:58:48.950472,2023-06-14 15:40:48.950472,12.7,2.22,normal,0.82,22.7,7.3,2.7,0.2,1,3.6,1.54,0
V01268,roro,213.2,32.3,7.2,122562,4359,2023-06-14 03:20:20.234423,2023-06-14 04:26:56.234423,2023-06-14 15:38:56.234423,11.2,1.11,high,0.68,12.5,4.8,1.6,1.0,0,2.07,0.87,0
V05324,general,137.4,18.5,9.5,80771,3451,2023-06-14 21:22:55.021457,2023-06-14 22:52:19.021457,2023-06-15 08:40:19.021457,9.8,1.49,normal,0.73,0.0,5.6,0.3,0.0,0,7.99,0.23,1
V01186,container,335.0,50.9,13.4,275307,3949,2023-06-14 23:14:26.144750,2023-06-15 02:11:26.144750,2023-06-16 09:41:26.144750,31.5,2.95,normal,0.62,20.3,9.1,2.2,0.4,1,6.91,1.56,1
V04715,general,189.4,31.1,9.2,128214,3872,2023-06-15 10:22:11.004020,2023-06-15 11:52:11.004020,2023-06-15 23:34:11.004020,11.7,1.5,normal,0.68,12.3,8.6,1.3,0.2,0,7.92,4.89,1
V04883,general,178.1,29.5,7.2,99659,611,2023-06-15 11:54:50.351073,2023-06-15 13:11:38.351073,2023-06-16 00:23:38.351073,11.2,1.28,normal,0.82,17.6,9.8,1.7,1.1,0,6.57,0.39,1
V02877,general,124.1,17.8,6.9,51531,4798,2023-06-15 13:17:10.895265,2023-06-15 14:47:10.895265,2023-06-16 00:05:10.895265,9.3,1.5,low,0.69,13.6,6.1,1.4,0.1,0,4.57,2.9,0
V05423,tanker,192.5,26.9,11.8,139150,3026,2023-06-15 21:39:59.765261,2023-06-16 00:54:59.765261,2023-06-17 09:30:59.765261,32.6,3.25,low,0.71,22.7,6.0,1.8,0.4,1,7.85,6.13,1
V03017,tanker,322.6,47.3,11.4,287279,4562,2023-06-16 02:01:12.814404,2023-06-16 03:26:24.814404,2023-06-16 18:26:24.814404,15.0,1.42,normal,0.77,17.2,8.0,2.0,0.3,0,4.07,5.48,0
V05614,general,114.6,16.6,7.7,63381,3090,2023-06-16 17:20:38.564741,2023-06-16 19:44:02.564741,2023-06-17 16:32:02.564741,20.8,2.39,normal,0.7,37.4,9.3,3.3,0.2,1,2.08,4.59,0
V02912,tanker,285.9,38.1,13.2,294669,4719,2023-06-16 18:32:24.641094,2023-06-16 20:30:36.641094,2023-06-17 08:36:36.641094,12.1,1.97,normal,1.0,20.0,8.0,1.9,1.0,0,2.98,1.09,0
V02992,general,137.0,22.5,7.2,61308,3042,2023-06-16 18:50:36.363138,2023-06-16 22:03:48.363138,2023-06-17 18:21:48.363138,20.3,3.22,normal,0.86,23.7,5.1,2.3,0.2,1,3.34,5.61,0
V05073,bulk,242.9,40.3,10.8,166878,2444,2023-06-16 21:11:03.760999,2023-06-16 23:18:51.760999,2023-06-17 14:36:51.760999,15.3,2.13,low,0.88,9.7,7.1,0.7,0.1,0,6.69,0.67,1
V04661,tanker,300.2,40.3,9.6,191153,2359,2023-06-17 00:36:03.819685,2023-06-17 02:21:03.819685,2023-06-17 15:45:03.819685,13.4,1.75,normal,0.84,6.1,4.4,0.7,1.1,0,7.17,6.08,1
V05347,container,248.2,41.0,9.4,163749,4784,2023-06-17 02:05:34.581582,2023-06-17 03:46:58.581582,2023-06-17 16:34:58.581582,12.8,1.69,normal,0.78,6.9,5.1,0.5,0.2,0,5.16,0.72,0
V05130,general,106.2,14.4,6.7,49121,4466,2023-06-17 05:54:13.531235,2023-06-17 08:00:49.531235,2023-06-18 06:30:49.531235,22.5,2.11,normal,0.75,23.6,7.4,2.3,1.1,1,2.14,1.6,0
V03078,tanker,143.3,23.0,12.9,122285,1979,2023-06-17 18:09:43.490544,2023-06-17 20:10:19.490544,2023-06-18 21:46:19.490544,25.6,2.01,normal,0.61,12.6,8.9,1.3,0.2,0,2.08,7.26,0
V04650,container,258.3,38.9,8.6,139061,947,2023-06-17 23:51:46.845437,2023-06-18 01:16:22.845437,2023-06-19 01:34:22.845437,24.3,1.41,normal,0.81,14.0,3.8,1.3,2.1,0,8.0,1.48,1
V03238,container,209.4,32.8,8.8,119726,2526,2023-06-18 07:29:04.689095,2023-06-18 08:58:28.689095,2023-06-18 21:16:28.689095,12.3,1.49,normal,0.89,13.9,10.7,1.4,0.1,0,2.71,0.95,0
V05967,tanker,142.6,23.3,11.9,120844,4474,2023-06-18 10:29:36.354265,2023-06-18 12:30:48.354265,2023-06-19 18:42:48.354265,30.2,2.02,low,0.57,18.7,7.1,2.4,0.7,0,6.83,6.34,1
V04304,container,323.2,51.4,12.6,250447,2796,2023-06-18 23:19:34.521236,2023-06-19 02:11:46.521236,2023-06-20 00:11:46.521236,22.0,2.87,normal,0.35,23.3,6.9,2.6,0.2,1,7.3,6.05,1
V03893,tanker,193.4,25.3,12.1,178989,4991,2023-06-19 06:08:53.323629,2023-06-19 07:36:29.323629,2023-06-20 14:06:29.323629,30.5,1.46,normal,0.92,16.0,8.5,1.3,0.5,0,2.22,1.22,0
V05800,general,180.0,24.9,7.5,87459,759,2023-06-19 13:47:18.183995,2023-06-19 15:50:54.183995,2023-06-20 11:44:54.183995,19.9,2.06,low,0.76,30.8,9.2,3.1,0.0,1,7.82,4.42,1
V05214,tanker,205.6,32.8,10.6,156712,2668,2023-06-19 19:58:51.812556,2023-06-19 21:42:03.812556,2023-06-22 01:30:03.812556,51.8,1.72,normal,0.69,18.7,9.1,2.0,1.0,0,2.18,3.66,0
V03475,general,99.4,16.7,6.5,45913,4682,2023-06-19 22:17:51.839611,2023-06-20 00:53:51.839611,2023-06-20 11:05:51.839611,10.2,2.6,normal,0.67,20.9,8.0,2.5,0.2,1,4.84,3.27,0
V05934,general,213.5,32.2,6.9,91780,4819,2023-06-20 11:55:36.712381,2023-06-20 13:11:12.712381,2023-06-21 23:17:12.712381,34.1,1.26,normal,0.75,7.8,7.4,0.6,0.4,0,6.62,2.65,1
V01520,bulk,139.9,18.4,8.8,89466,1618,2023-06-20 16:05:04.173110,2023-06-20 17:40:28.173110,2023-06-22 05:52:28.173110,36.2,1.59,normal,0.8,11.0,5.3,1.0,0.1,0,6.34,6.96,1
V01201,tanker,223.4,36.5,11.4,171214,4369,2023-06-20 21:14:09.178963,2023-06-20 22:45:57.178963,2023-06-21 15:09:57.178963,16.4,1.53,low,1.0,3.4,5.8,0.4,0.4,0,2.48,6.25,0
V01055,container,377.2,49.6,14.6,408141,4664,2023-06-20 22:05:16.960350,2023-06-20 23:41:16.960350,2023-06-21 22:53:16.960350,23.2,1.6,normal,0.74,19.2,5.0,1.9,1.5,0,3.4,4.36,0
V01202,tanker,168.3,24.4,11.8,145437,1136,2023-06-21 03:19:51.105650,2023-06-21 04:48:03.105650,2023-06-21 16:42:03.105650,11.9,1.47,normal,0.88,19.3,5.8,1.8,0.1,0,7.6,3.13,1
V05351,container,374.0,60.6,9.4,229434,1652,2023-06-21 07:13:52.172976,2023-06-21 09:34:16.172976,2023-06-22 09:22:16.172976,23.8,2.34,normal,0.77,26.1,7.1,2.8,0.7,1,2.6,5.21,0
V01284,bulk,166.9,23.0,10.1,128287,1336,2023-06-21 07:34:21.398631,2023-06-21 09:53:33.398631,2023-06-22 08:41:33.398631,22.8,2.32,normal,0.86,10.4,6.1,0.4,0.2,0,2.33,3.01,0
V03921,container,221.2,31.3,10.8,151436,3945,2023-06-21 15:02:27.493637,2023-06-21 17:30:03.493637,2023-06-22 04:54:03.493637,11.4,2.46,normal,0.82,26.2,6.9,3.1,1.3,1,7.96,1.11,1
V03726,general,192.4,31.1,7.5,108679,3106,2023-06-22 01:56:56.201306,2023-06-22 03:15:32.201306,2023-06-22 14:03:32.201306,10.8,1.31,normal,0.74,7.6,7.8,0.8,0.0,0,7.5,1.32,1
V01444,general,178.8,25.1,7.5,104194,3097,2023-06-22 05:19:29.188577,2023-06-22 06:56:05.188577,2023-06-22 17:26:05.188577,10.5,1.61,normal,0.9,10.0,6.7,0.9,0.4,0,6.29,4.58,1
V03122,general,98.4,16.5,8.7,57047,2149,2023-06-22 09:30:50.689983,2023-06-22 10:52:26.689983,2023-06-23 02:16:26.689983,15.4,1.36,normal,1.0,11.6,6.5,0.5,0.8,0,2.02,6.34,0
V05981,tanker,155.9,26.4,11.9,118507,801,2023-06-22 09:41:32.724359,2023-06-22 10:55:20.724359,2023-06-22 20:07:20.724359,9.2,1.23,normal,0.79,4.3,4.9,1.0,0.1,0,2.06,2.92,0
V02626,tanker,196.6,33.2,9.1,136663,830,2023-06-22 13:25:08.696674,2023-06-22 14:44:56.696674,2023-06-24 12:50:56.696674,46.1,1.33,normal,0.7,10.7,8.3,0.9,0.5,0,6.48,0.74,1
V02967,container,361.2,50.5,12.7,331240,2323,2023-06-22 15:31:54.397889,2023-06-22 17:11:30.397889,2023-06-23 16:59:30.397889,23.8,1.66,high,0.72,13.6,12.1,1.8,0.4,0,8.0,2.2,1
V04520,general,81.5,13.1,7.4,43437,2738,2023-06-22 17:14:17.233491,2023-06-22 20:10:05.233491,2023-06-24 04:46:05.233491,32.6,2.93,normal,0.7,24.6,5.4,2.3,0.4,1,6.91,3.46,1
V01686,tanker,141.3,18.8,10.6,92064,1381,2023-06-22 19:11:04.807892,2023-06-22 20:47:04.807892,2023-06-24 09:11:04.807892,36.4,1.6,normal,0.81,16.4,3.4,1.1,0.1,0,4.12,2.72,0
V05220,container,180.5,23.8,11.2,123862,1065,2023-06-23 03:51:54.838926,2023-06-23 05:06:18.838926,2023-06-24 06:42:18.838926,25.6,1.24,high,0.76,10.3,5.8,1.0,0.2,0,8.0,3.57,1
V05790,container,195.5,29.8,11.7,137400,2753,2023-06-23 16:03:18.368864,2023-06-23 19:42:18.368864,2023-06-25 01:00:18.368864,29.3,3.65,normal,0.61,26.3,6.9,2.7,0.1,1,7.98,1.96,1
V01075,container,350.3,52.8,11.1,261236,3168,2023-06-24 01:03:43.442836,2023-06-24 02:44:31.442836,2023-06-24 18:44:31.442836,16.0,1.68,normal,0.68,14.1,5.4,1.0,2.1,0,4.19,3.69,0
V03852,tanker,225.5,37.8,13.9,205692,2236,2023-06-24 22:50:49.619907,2023-06-25 00:22:37.619907,2023-06-25 14:10:37.619907,13.8,1.53,normal,0.97,15.7,10.4,1.6,1.1,0,2.08,5.44,0
V01849,container,186.6,25.7,8.3,110953,4038,2023-06-25 01:10:41.736096,2023-06-25 02:27:29.736096,2023-06-26 10:45:29.736096,32.3,1.28,normal,0.63,10.3,9.7,1.4,1.8,0,3.26,3.09,0
V02784,general,147.5,23.5,9.4,91916,2279,2023-06-25 03:59:36.775623,2023-06-25 05:04:24.775623,2023-06-25 23:46:24.775623,18.7,1.08,high,0.58,19.5,7.7,2.2,0.1,0,7.17,4.41,1
V04070,container,272.3,44.1,8.7,144827,542,2023-06-25 06:15:52.424162,2023-06-25 08:08:40.424162,2023-06-26 00:32:40.424162,16.4,1.88,normal,0.7,13.4,8.1,1.4,1.8,0,7.78,4.51,1
V04875,container,324.3,44.9,12.1,303252,3286,2023-06-25 09:50:19.328396,2023-06-25 11:00:31.328396,2023-06-25 22:36:31.328396,11.6,1.17,normal,0.81,14.9,9.3,1.5,2.5,0,3.24,3.21,0
V01724,general,204.2,33.8,5.1,68140,675,2023-06-25 17:02:05.925875,2023-06-25 19:41:05.925875,2023-06-26 20:47:05.925875,25.1,2.65,normal,0.76,32.0,8.7,3.3,1.3,1,7.72,1.89,1
V04508,bulk,294.6,49.4,12.0,240197,3633,2023-06-26 12:18:58.447152,2023-06-26 14:10:34.447152,2023-06-27 20:22:34.447152,30.2,1.86,normal,0.57,13.9,7.4,1.5,0.1,0,2.01,0.22,0
V04381,bulk,263.9,37.9,11.9,216738,4895,2023-06-26 18:08:00.393947,2023-06-26 20:00:12.393947,2023-06-27 13:36:12.393947,17.6,1.87,normal,0.98,13.0,8.7,1.1,0.2,0,7.88,3.42,1
V03717,bulk,268.3,40.0,12.3,256650,2527,2023-06-27 01:44:50.581225,2023-06-27 03:25:02.581225,2023-06-28 01:49:02.581225,22.4,1.67,normal,0.72,8.8,8.5,0.7,0.0,0,2.27,2.68,0
V04576,container,366.9,52.3,14.0,356950,2826,2023-06-27 13:23:09.182364,2023-06-27 16:33:57.182364,2023-06-28 07:45:57.182364,15.2,3.18,high,0.78,29.2,3.1,3.3,0.9,1,2.0,2.4,0
V05005,general,150.3,23.5,10.0,96410,2748,2023-06-27 15:27:27.411932,2023-06-27 16:36:27.411932,2023-06-28 14:24:27.411932,21.8,1.15,normal,0.72,12.6,8.8,1.4,0.8,0,3.62,1.47,0
V01494,tanker,138.4,23.0,12.3,104107,1133,2023-06-27 22:08:08.668333,2023-06-28 00:59:08.668333,2023-06-28 17:23:08.668333,16.4,2.85,normal,0.59,30.7,5.5,3.0,0.4,1,5.7,2.73,1
V01809,bulk,291.3,39.8,12.3,248890,4871,2023-06-28 19:16:25.800889,2023-06-28 21:09:49.800889,2023-06-29 19:03:49.800889,21.9,1.89,normal,0.84,5.6,4.8,0.4,0.1,0,7.6,2.44,1
V05426,general,186.7,27.1,6.6,88145,2982,2023-06-28 20:46:13.843790,2023-06-28 23:16:49.843790,2023-06-29 12:46:49.843790,13.5,2.51,normal,0.65,26.0,7.3,2.9,1.2,1,7.92,2.34,1
V03077,roro,115.5,18.0,10.0,82713,3766,2023-06-28 21:22:03.058912,2023-06-28 22:29:51.058912,2023-06-29 09:29:51.058912,11.0,1.13,normal,0.99,17.8,7.8,1.6,0.1,0,7.57,2.7,1
V05283,roro,144.2,21.7,9.0,91773,3469,2023-06-29 00:04:39.801371,2023-06-29 01:10:03.801371,2023-06-29 09:10:03.801371,8.0,1.09,normal,1.0,15.3,7.6,1.3,1.1,0,3.99,1.44,0
V05338,tanker,202.6,31.7,9.7,149061,4285,2023-06-29 13:11:37.481520,2023-06-29 14:54:49.481520,2023-06-30 10:24:49.481520,19.5,1.72,normal,0.89,14.5,6.8,1.8,1.0,0,3.05,2.68,0
V05284,bulk,196.7,33.2,7.8,109692,1791,2023-06-29 18:16:19.482069,2023-06-29 19:45:07.482069,2023-07-01 02:51:07.482069,31.1,1.48,normal,0.67,19.9,5.5,2.2,0.3,0,5.41,4.89,0
V04986,bulk,271.9,45.9,11.4,211108,2577,2023-06-29 20:58:50.671923,2023-06-29 23:46:50.671923,2023-06-30 16:34:50.671923,16.8,2.8,normal,0.86,34.5,4.0,4.1,1.1,1,7.99,1.43,1
V04578,bulk,253.0,36.6,11.2,196622,2835,2023-06-30 02:43:17.749721,2023-06-30 04:42:05.749721,2023-06-30 21:18:05.749721,16.6,1.98,normal,0.8,15.5,8.2,1.1,0.4,0,2.13,3.45,0
V03299,roro,110.3,15.9,9.5,64512,4708,2023-06-30 10:30:55.063430,2023-06-30 12:53:07.063430,2023-06-30 17:47:07.063430,4.9,2.37,normal,0.81,28.9,8.7,3.0,0.2,1,7.61,3.13,1
V03401,general,105.3,16.7,7.3,47164,2177,2023-06-30 11:39:40.629767,2023-06-30 12:41:28.629767,2023-07-01 08:47:28.629767,20.1,1.03,low,0.76,1.6,9.7,0.6,0.4,0,6.37,0.73,1
V03373,bulk,257.0,34.3,7.7,134640,4494,2023-06-30 13:50:31.640992,2023-06-30 15:28:19.640992,2023-07-01 10:58:19.640992,19.5,1.63,low,0.6,18.5,9.9,2.1,1.3,0,3.23,1.52,0
V03529,general,119.9,19.3,6.5,48765,4203,2023-06-30 21:42:31.645160,2023-07-01 00:21:31.645160,2023-07-01 17:57:31.645160,17.6,2.65,normal,0.54,22.5,12.0,2.4,0.2,1,7.99,1.77,1
V04046,general,161.7,26.8,9.5,103640,2517,2023-07-01 02:02:28.095193,2023-07-01 03:45:40.095193,2023-07-01 14:15:40.095193,10.5,1.72,normal,0.96,19.6,5.2,2.3,1.1,0,3.49,0.99,0
V05635,general,188.0,29.5,8.8,119705,2790,2023-07-01 04:28:59.205350,2023-07-01 07:46:23.205350,2023-07-01 15:46:23.205350,8.0,3.29,low,0.54,18.9,3.0,1.9,1.2,1,2.06,2.46,0
V01337,container,307.4,49.4,11.5,246417,1172,2023-07-01 08:52:39.266841,2023-07-01 10:30:27.266841,2023-07-03 04:24:27.266841,41.9,1.63,normal,0.63,8.6,8.5,1.0,1.2,0,7.25,3.07,1
V05652,roro,126.6,17.6,8.9,82875,2593,2023-07-01 10:24:16.997891,2023-07-01 13:08:04.997891,2023-07-02 02:14:04.997891,13.1,2.73,normal,0.86,20.5,8.6,2.0,0.4,1,8.0,1.17,1
V02492,tanker,321.7,43.2,13.4,281578,4249,2023-07-01 14:26:38.403753,2023-07-01 18:59:38.403753,2023-07-02 10:59:38.403753,16.0,4.55,normal,0.72,23.4,9.4,2.4,0.4,1,3.49,4.05,0
V04899,container,178.0,29.1,8.9,95684,1411,2023-07-01 18:40:12.093494,2023-07-01 20:03:36.093494,2023-07-02 03:15:36.093494,7.2,1.39,normal,0.88,16.2,6.8,1.9,0.1,0,3.64,3.67,0
V04687,bulk,122.5,16.5,8.7,81400,2792,2023-07-01 20:40:10.714796,2023-07-01 23:41:58.714796,2023-07-03 07:29:58.714796,31.8,3.03,normal,0.75,30.1,7.9,3.2,0.9,1,6.55,0.86,1
V05266,bulk,140.4,23.6,12.7,127097,1346,2023-07-02 00:16:56.875625,2023-07-02 02:30:08.875625,2023-07-03 10:36:08.875625,32.1,2.22,low,0.89,18.1,5.6,1.9,0.7,0,7.09,1.61,1
V01456,bulk,294.7,43.1,11.0,212686,3790,2023-07-02 01:58:18.722379,2023-07-02 04:24:06.722379,2023-07-02 22:48:06.722379,18.4,2.43,normal,0.63,12.8,3.9,1.4,0.6,0,4.74,4.48,0
V01840,tanker,238.2,32.7,9.4,144167,1660,2023-07-02 03:20:02.418718,2023-07-02 07:08:38.418718,2023-07-03 04:32:38.418718,21.4,3.81,low,0.77,39.8,9.8,4.5,1.1,1,2.9,0.77,0
V02048,general,143.6,23.9,6.4,62273,2765,2023-07-02 13:38:16.594046,2023-07-02 15:16:40.594046,2023-07-03 13:52:40.594046,22.6,1.64,normal,0.66,7.0,5.5,0.7,0.8,0,5.84,3.72,1
V05975,general,213.1,28.1,9.1,124679,894,2023-07-02 15:44:58.751224,2023-07-02 18:41:58.751224,2023-07-03 02:59:58.751224,8.3,2.95,normal,0.73,30.4,6.6,3.0,0.0,1,2.88,4.47,0
V04931,bulk,107.7,17.2,11.4,88863,4284,2023-07-02 15:53:31.653148,2023-07-02 17:30:43.653148,2023-07-03 13:00:43.653148,19.5,1.62,normal,0.57,11.8,5.8,1.1,0.4,0,2.73,1.05,0
V01320,roro,122.0,17.0,9.2,70863,3575,2023-07-03 04:16:52.715049,2023-07-03 06:18:04.715049,2023-07-04 00:18:04.715049,18.0,2.02,normal,0.55,21.3,6.6,1.8,0.3,1,2.74,3.63,0
V01587,bulk,168.9,27.1,11.2,145772,4878,2023-07-03 07:18:48.000490,2023-07-03 11:21:12.000490,2023-07-04 04:09:12.000490,16.8,4.04,normal,0.72,24.3,5.6,3.0,0.3,1,2.95,5.68,0
V05285,tanker,215.4,29.9,11.1,189464,1318,2023-07-04 06:31:31.475270,2023-07-04 09:05:43.475270,2023-07-05 06:35:43.475270,21.5,2.57,normal,0.77,10.1,7.7,1.1,3.0,0,2.0,5.78,0
V02378,tanker,223.8,34.2,9.6,150056,2831,2023-07-04 13:44:55.324352,2023-07-04 16:34:43.324352,2023-07-05 01:40:43.324352,9.1,2.83,normal,0.88,0.4,13.1,0.0,1.8,0,7.59,5.92,1
V05099,roro,184.9,26.2,8.2,94192,2173,2023-07-04 21:16:01.213637,2023-07-04 23:15:25.213637,2023-07-05 07:21:25.213637,8.1,1.99,normal,0.61,29.2,3.7,2.8,1.2,1,3.91,5.18,0
V03044,bulk,192.1,26.4,7.7,91630,1591,2023-07-05 11:05:03.458783,2023-07-05 13:08:03.458783,2023-07-06 06:02:03.458783,16.9,2.05,normal,0.59,10.4,9.0,0.7,1.0,0,6.02,0.07,1
V04228,container,217.0,28.3,12.4,213547,3051,2023-07-05 16:18:37.782458,2023-07-05 20:05:25.782458,2023-07-06 13:59:25.782458,17.9,3.78,normal,0.86,32.1,7.8,3.1,0.7,1,5.44,3.55,0
V05404,bulk,221.6,34.8,10.6,151764,3789,2023-07-06 00:12:59.423425,2023-07-06 05:49:35.423425,2023-07-06 14:13:35.423425,8.4,5.61,normal,0.35,25.3,7.6,2.7,0.4,1,6.97,1.7,1
V01728,roro,222.3,37.6,7.6,125313,781,2023-07-06 01:56:50.553900,2023-07-06 04:46:02.553900,2023-07-06 11:58:02.553900,7.2,2.82,normal,0.71,21.7,5.8,2.4,1.5,1,8.0,2.97,1
V05753,bulk,128.6,18.1,12.4,99618,798,2023-07-06 02:53:00.954118,2023-07-06 06:20:36.954118,2023-07-07 11:26:36.954118,29.1,3.46,normal,0.65,23.4,9.9,2.4,0.1,1,7.64,4.42,1
V03282,bulk,115.1,18.6,10.2,83924,4885,2023-07-06 23:18:47.616552,2023-07-07 03:39:47.616552,2023-07-11 01:33:47.616552,93.9,4.35,normal,0.77,24.2,3.5,2.3,0.2,1,4.57,1.29,0
V03976,container,346.0,53.2,11.7,252724,3208,2023-07-07 02:06:11.142633,2023-07-07 04:30:11.142633,2023-07-07 20:30:11.142633,16.0,2.4,normal,0.7,19.8,10.9,1.7,1.0,0,7.86,1.43,1
V01510,bulk,150.7,19.8,10.0,94393,4490,2023-07-07 07:07:29.672298,2023-07-07 11:31:29.672298,2023-07-08 07:25:29.672298,19.9,4.4,normal,0.86,29.3,3.0,3.1,0.8,1,3.13,1.79,0
V02906,roro,115.0,16.5,10.0,77684,3690,2023-07-07 07:23:04.300553,2023-07-07 09:08:04.300553,2023-07-07 19:50:04.300553,10.7,1.75,normal,0.85,19.8,9.1,2.2,0.2,0,2.84,6.18,0
V05124,container,175.7,26.3,13.6,146551,2482,2023-07-07 08:54:51.146012,2023-07-07 10:43:27.146012,2023-07-07 20:49:27.146012,10.1,1.81,normal,0.53,12.4,5.3,1.8,0.4,0,2.0,2.33,0
V02761,bulk,263.6,35.2,7.3,116292,3596,2023-07-07 09:53:49.353003,2023-07-07 14:31:01.353003,2023-07-08 12:13:01.353003,21.7,4.62,normal,0.75,25.5,7.7,2.4,0.4,1,2.37,0.44,0
V02015,bulk,249.8,41.3,12.2,196732,4532,2023-07-07 13:32:12.002802,2023-07-07 15:46:36.002802,2023-07-08 05:04:36.002802,13.3,2.24,normal,0.61,6.7,5.5,0.6,0.8,0,7.11,5.39,1
V03597,container,238.1,38.1,9.9,174416,927,2023-07-08 01:16:09.157185,2023-07-08 03:14:21.157185,2023-07-08 16:50:21.157185,13.6,1.97,normal,0.81,13.4,12.3,1.9,0.1,0,6.28,1.71,1
V03836,bulk,238.3,31.5,10.4,176499,3416,2023-07-08 01:17:23.407496,2023-07-08 05:31:47.407496,2023-07-09 22:31:47.407496,41.0,4.24,normal,0.76,23.6,9.5,2.8,0.4,1,6.31,1.26,1
V05418,bulk,129.1,21.0,11.5,101873,3936,2023-07-08 01:21:03.648388,2023-07-08 05:51:39.648388,2023-07-08 18:45:39.648388,12.9,4.51,normal,0.72,21.2,8.0,2.3,1.3,1,6.39,2.75,1
V01179,roro,231.4,33.7,6.5,106893,2764,2023-07-08 16:03:55.986945,2023-07-08 17:39:55.986945,2023-07-08 23:27:55.986945,5.8,1.6,normal,1.0,19.9,7.0,2.0,0.7,0,7.99,0.74,1
V02989,bulk,140.9,20.7,11.3,119172,2341,2023-07-08 16:28:14.414825,2023-07-08 18:52:50.414825,2023-07-09 23:22:50.414825,28.5,2.41,low,0.68,12.2,9.1,1.4,0.2,0,7.88,1.62,1
V01329,container,370.7,61.0,14.0,353609,3931,2023-07-09 02:51:16.259699,2023-07-09 04:44:04.259699,2023-07-10 09:14:04.259699,28.5,1.88,normal,0.68,17.4,7.0,1.7,0.4,0,7.23,6.45,1
V01127,tanker,134.9,19.5,10.3,96499,705,2023-07-09 08:40:19.356722,2023-07-09 10:44:31.356722,2023-07-10 12:14:31.356722,25.5,2.07,low,0.52,13.6,6.2,0.7,2.1,0,3.2,4.52,0
V02834,bulk,113.5,16.7,10.8,83627,3184,2023-07-10 04:10:48.836424,2023-07-10 06:21:00.836424,2023-07-11 04:51:00.836424,22.5,2.17,normal,0.82,17.3,6.9,2.2,0.7,0,7.68,2.29,1
V05740,general,137.8,21.2,8.5,91740,2502,2023-07-10 06:48:40.643905,2023-07-10 07:45:40.643905,2023-07-11 00:03:40.643905,16.3,0.95,normal,0.75,19.8,5.6,1.5,0.2,0,6.94,1.33,1
V05188,bulk,123.6,17.1,10.6,90256,1540,2023-07-10 10:05:28.940218,2023-07-10 14:46:16.940218,2023-07-11 11:10:16.940218,20.4,4.68,normal,1.0,24.2,6.9,2.9,0.1,1,2.55,0.87,0
V02264,container,358.1,56.9,13.7,354194,3109,2023-07-10 15:50:56.350481,2023-07-10 18:35:56.350481,2023-07-11 15:47:56.350481,21.2,2.75,normal,0.75,28.3,7.6,2.4,0.7,1,7.01,3.88,1
V02276,roro,123.9,19.1,9.4,87317,1178,2023-07-11 01:03:35.325018,2023-07-11 04:07:47.325018,2023-07-11 14:43:47.325018,10.6,3.07,normal,0.95,21.6,6.7,2.0,0.8,1,2.68,1.62,0
V03981,roro,106.5,17.9,6.6,43984,3814,2023-07-11 08:06:56.745414,2023-07-11 09:44:08.745414,2023-07-11 19:38:08.745414,9.9,1.62,normal,0.6,0.0,5.1,0.0,0.6,0,6.3,5.58,1
V03128,roro,129.9,20.9,7.7,75690,3795,2023-07-12 01:54:41.205214,2023-07-12 05:37:17.205214,2023-07-12 17:31:17.205214,11.9,3.71,normal,0.55,23.1,6.3,2.8,0.4,1,2.74,2.74,0
V05726,bulk,186.6,30.5,10.9,135030,2895,2023-07-12 03:24:28.707677,2023-07-12 05:14:16.707677,2023-07-13 03:02:16.707677,21.8,1.83,high,0.51,19.0,4.9,2.1,0.1,0,4.71,4.28,0
V04704,container,349.3,45.6,10.8,273740,2503,2023-07-12 03:54:25.516471,2023-07-12 06:13:37.516471,2023-07-12 22:49:37.516471,16.6,2.32,normal,0.88,25.8,5.3,3.1,1.2,1,5.46,2.58,0
V03134,container,269.1,38.7,8.5,161159,1528,2023-07-12 06:31:53.516774,2023-07-12 08:26:29.516774,2023-07-12 23:38:29.516774,15.2,1.91,normal,0.89,18.2,11.3,1.9,0.3,0,7.99,3.53,1
V04211,roro,136.6,19.1,9.5,80254,4792,2023-07-12 18:41:54.614550,2023-07-12 21:42:30.614550,2023-07-14 04:12:30.614550,30.5,3.01,low,0.68,20.1,6.1,2.2,0.3,1,7.94,2.94,1
V01446,tanker,195.5,28.3,11.4,162294,4556,2023-07-13 04:24:56.585358,2023-07-13 06:14:44.585358,2023-07-13 23:20:44.585358,17.1,1.83,normal,0.8,8.2,8.3,0.8,0.8,0,5.02,3.3,0
V01206,bulk,110.0,16.7,7.2,54461,4276,2023-07-13 06:57:48.135550,2023-07-13 08:59:36.135550,2023-07-13 21:53:36.135550,12.9,2.03,normal,0.58,14.6,8.1,1.3,0.2,0,7.89,5.86,1
V02190,roro,118.6,19.8,7.9,72648,2274,2023-07-14 15:49:16.230703,2023-07-14 18:07:52.230703,2023-07-15 02:13:52.230703,8.1,2.31,normal,1.0,19.1,7.3,2.3,0.1,0,2.65,3.09,0
V03054,bulk,277.4,45.6,9.5,199387,4173,2023-07-14 16:01:15.863630,2023-07-14 18:11:27.863630,2023-07-15 18:11:27.863630,24.0,2.17,normal,0.52,11.2,7.5,1.2,1.4,0,2.85,8.85,0
V01140,bulk,215.5,36.5,12.2,179178,4224,2023-07-14 20:19:08.927889,2023-07-15 00:23:56.927889,2023-07-16 04:41:56.927889,28.3,4.08,normal,0.31,28.9,9.9,3.1,1.3,1,7.94,6.91,1
V01597,roro,231.1,31.6,6.7,103977,1808,2023-07-14 20:51:07.960845,2023-07-15 00:04:55.960845,2023-07-15 05:22:55.960845,5.3,3.23,normal,0.77,23.5,8.1,2.5,2.0,1,7.99,0.08,1
V03574,roro,192.6,25.7,9.6,137500,1691,2023-07-14 22:15:13.546902,2023-07-15 00:56:01.546902,2023-07-15 08:08:01.546902,7.2,2.68,normal,0.69,30.3,4.9,2.7,0.0,1,7.12,3.47,1
V05067,bulk,193.3,30.8,9.9,152792,704,2023-07-14 23:37:45.899147,2023-07-15 02:14:57.899147,2023-07-16 10:08:57.899147,31.9,2.62,normal,0.75,11.3,6.3,0.4,1.1,0,5.26,5.35,0
V02579,container,269.4,39.7,9.0,174470,779,2023-07-15 01:55:12.345042,2023-07-15 04:18:00.345042,2023-07-15 22:12:00.345042,17.9,2.38,normal,0.68,4.2,6.0,0.9,0.2,0,2.36,1.43,0
V03831,tanker,196.2,31.9,12.0,155449,4695,2023-07-15 08:53:50.586527,2023-07-15 11:23:14.586527,2023-07-16 05:05:14.586527,17.7,2.49,normal,0.72,17.3,6.7,2.4,2.5,0,7.98,2.8,1
V05917,bulk,291.1,43.6,12.2,273046,4058,2023-07-15 14:29:26.792208,2023-07-15 19:09:02.792208,2023-07-16 21:57:02.792208,26.8,4.66,normal,0.56,25.9,10.0,2.4,0.7,1,2.25,1.62,0
V04581,tanker,134.0,18.3,12.7,129633,3039,2023-07-15 18:58:26.642923,2023-07-15 21:20:38.642923,2023-07-16 12:38:38.642923,15.3,2.37,low,0.85,10.4,9.0,0.8,0.3,0,5.86,2.77,1
V03313,general,210.1,33.7,8.6,119989,2602,2023-07-16 10:02:48.104136,2023-07-16 11:51:24.104136,2023-07-17 17:51:24.104136,30.0,1.81,normal,0.77,18.9,8.3,1.6,0.7,0,7.99,3.67,1
V05749,bulk,107.8,14.3,9.3,69188,4911,2023-07-16 11:58:55.268381,2023-07-16 14:10:19.268381,2023-07-17 13:34:19.268381,23.4,2.19,normal,0.69,18.1,3.9,1.5,0.1,0,6.48,6.68,1
V01266,bulk,219.2,32.3,13.0,223448,2053,2023-07-16 14:20:53.620017,2023-07-16 16:55:41.620017,2023-07-17 06:37:41.620017,13.7,2.58,normal,0.78,13.7,8.6,1.5,0.1,0,3.11,3.07,0
V04589,bulk,113.2,18.7,8.8,63230,1487,2023-07-16 15:02:48.051422,2023-07-16 17:22:36.051422,2023-07-17 13:22:36.051422,20.0,2.33,normal,0.67,18.9,7.2,2.1,0.7,0,2.42,4.96,0
V03873,container,296.0,39.4,12.3,284761,2572,2023-07-17 02:33:58.785737,2023-07-17 04:50:10.785737,2023-07-18 07:32:10.785737,26.7,2.27,normal,0.95,12.1,5.7,0.6,1.2,0,3.33,5.29,0
V05245,tanker,309.7,47.4,13.3,260009,4814,2023-07-17 03:07:48.076875,2023-07-17 07:10:12.076875,2023-07-18 00:10:12.076875,17.0,4.04,normal,0.8,26.5,8.6,2.8,0.0,1,2.69,1.79,0
V01430,tanker,306.8,50.9,11.2,257758,2699,2023-07-17 05:03:30.904080,2023-07-17 08:44:54.904080,2023-07-17 19:08:54.904080,10.4,3.69,normal,0.66,24.7,7.4,1.9,0.6,1,2.12,1.55,0
V05162,roro,212.6,29.1,8.7,119154,1220,2023-07-17 05:23:20.153633,2023-07-17 06:59:56.153633,2023-07-18 02:47:56.153633,19.8,1.61,normal,0.62,13.5,6.9,0.5,0.4,0,2.3,6.81,0
V05587,tanker,202.9,27.6,11.6,145623,1253,2023-07-17 11:41:43.219472,2023-07-17 13:29:43.219472,2023-07-18 21:29:43.219472,32.0,1.8,normal,0.42,11.2,8.8,1.0,1.6,0,7.63,1.27,1
V02802,tanker,216.2,31.7,11.8,179845,4787,2023-07-17 17:51:58.676640,2023-07-17 20:23:46.676640,2023-07-18 06:35:46.676640,10.2,2.53,high,0.69,17.0,6.1,1.7,1.0,0,2.35,3.49,0
V02324,general,112.4,18.2,6.9,54725,2310,2023-07-17 20:59:59.592062,2023-07-17 23:03:35.592062,2023-07-18 13:33:35.592062,14.5,2.06,normal,0.74,19.5,7.7,2.4,0.2,0,6.46,3.01,1
V01220,bulk,214.6,28.2,9.0,126391,529,2023-07-17 22:25:41.628890,2023-07-18 00:21:29.628890,2023-07-19 20:15:29.628890,43.9,1.93,normal,0.84,11.5,10.2,1.1,1.0,0,7.83,3.15,1
V01827,general,183.4,24.0,6.3,80410,4365,2023-07-18 01:21:52.362947,2023-07-18 03:18:52.362947,2023-07-19 01:00:52.362947,21.7,1.95,normal,0.43,18.7,9.6,2.1,0.4,0,6.23,1.62,1
V02838,bulk,228.8,29.8,12.5,179261,1039,2023-07-18 10:42:50.742582,2023-07-18 15:17:02.742582,2023-07-19 17:35:02.742582,26.3,4.57,normal,0.82,21.7,7.8,2.0,0.4,1,7.77,0.73,1
V02280,general,219.6,33.9,8.9,120353,3770,2023-07-18 17:17:35.757536,2023-07-18 20:03:11.757536,2023-07-19 16:39:11.757536,20.6,2.76,normal,0.87,22.9,8.3,2.1,0.2,1,2.06,1.31,0
V05964,tanker,160.1,22.8,11.9,115129,3870,2023-07-18 22:37:36.390624,2023-07-19 00:46:36.390624,2023-07-20 05:40:36.390624,28.9,2.15,normal,0.31,16.5,7.0,1.8,0.3,0,7.4,1.31,1
V02153,bulk,272.2,42.8,9.9,166303,1304,2023-07-19 08:02:14.683092,2023-07-19 12:17:50.683092,2023-07-20 09:11:50.683092,20.9,4.26,normal,0.98,15.9,2.5,1.6,2.0,1,3.33,1.34,0
V02224,roro,178.2,26.8,11.0,122154,2617,2023-07-19 15:04:05.791053,2023-07-19 17:04:41.791053,2023-07-20 04:40:41.791053,11.6,2.01,normal,0.74,7.2,7.0,0.5,0.1,0,5.5,3.22,1
V03704,container,332.4,46.3,13.2,291342,4049,2023-07-19 21:35:00.557932,2023-07-19 23:24:48.557932,2023-07-20 10:42:48.557932,11.3,1.83,normal,0.96,3.3,5.5,0.3,0.3,0,4.97,2.33,0
V03196,container,164.1,23.2,9.0,117451,4846,2023-07-19 23:45:35.388005,2023-07-20 02:17:23.388005,2023-07-20 16:53:23.388005,14.6,2.53,high,0.66,22.1,3.8,2.2,0.3,1,7.67,4.24,1
V02982,bulk,139.1,18.3,10.8,119986,620,2023-07-20 04:51:07.571866,2023-07-20 07:26:31.571866,2023-07-21 06:08:31.571866,22.7,2.59,normal,0.82,14.2,6.6,1.0,0.4,0,3.48,3.99,0
V02263,tanker,281.5,45.3,9.5,190580,3511,2023-07-21 20:43:34.998565,2023-07-21 22:51:58.998565,2023-07-23 17:33:58.998565,42.7,2.14,normal,0.52,9.8,4.2,1.1,0.2,0,2.15,2.89,0
V04498,tanker,135.9,18.6,9.3,97811,2104,2023-07-22 04:49:31.556890,2023-07-22 07:15:19.556890,2023-07-22 16:15:19.556890,9.0,2.43,normal,0.64,7.4,5.6,1.2,0.0,0,5.86,2.61,1
V03909,container,366.1,61.0,10.1,281985,2359,2023-07-22 10:00:00.652649,2023-07-22 11:34:48.652649,2023-07-23 09:04:48.652649,21.5,1.58,high,0.68,7.2,9.2,0.9,0.5,0,2.83,1.7,0
V02312,bulk,263.6,34.9,8.1,168588,517,2023-07-22 11:40:14.678181,2023-07-22 14:15:38.678181,2023-07-24 05:15:38.678181,39.0,2.59,high,0.86,8.6,6.5,0.7,0.9,0,5.11,1.82,0
V03048,container,164.1,24.7,10.6,130996,2755,2023-07-22 11:44:20.724386,2023-07-22 13:55:08.724386,2023-07-23 05:37:08.724386,15.7,2.18,normal,0.84,19.0,9.1,2.0,0.1,0,5.21,5.98,0
V02201,bulk,160.1,21.4,12.4,153651,2195,2023-07-22 14:27:18.858293,2023-07-22 16:58:30.858293,2023-07-23 13:22:30.858293,20.4,2.52,high,0.8,19.8,8.8,2.3,0.1,0,7.98,1.14,1
V03694,container,166.9,23.4,8.2,107339,2254,2023-07-22 16:54:22.701765,2023-07-22 20:02:10.701765,2023-07-23 09:44:10.701765,13.7,3.13,normal,0.89,21.7,7.8,2.2,1.0,1,6.31,3.64,1
V01982,general,158.7,23.5,10.0,117881,4067,2023-07-22 22:01:28.149605,2023-07-23 00:05:04.149605,2023-07-23 22:23:04.149605,22.3,2.06,normal,0.65,16.8,3.1,2.1,0.1,0,2.47,1.5,0
V02953,general,159.5,23.1,5.6,61558,4709,2023-07-22 22:54:16.502427,2023-07-23 02:35:40.502427,2023-07-23 19:29:40.502427,16.9,3.69,low,0.94,23.7,8.3,2.1,0.9,1,3.42,2.23,0
V02542,tanker,208.2,31.4,13.4,169392,1504,2023-07-23 00:23:36.717125,2023-07-23 01:54:12.717125,2023-07-24 19:36:12.717125,41.7,1.51,low,0.8,13.3,8.3,1.4,0.0,0,5.59,2.62,1
V04753,tanker,174.0,26.0,10.1,114841,2404,2023-07-23 00:25:11.671958,2023-07-23 02:35:23.671958,2023-07-23 20:41:23.671958,18.1,2.17,normal,0.94,3.6,6.7,0.5,0.2,0,5.63,3.15,1
V01052,container,188.2,25.1,13.2,179022,1604,2023-07-23 05:09:26.261399,2023-07-23 06:50:50.261399,2023-07-23 16:38:50.261399,9.8,1.69,normal,1.0,10.6,10.3,0.8,0.2,0,6.51,3.19,1
V01571,general,134.8,18.8,9.4,83129,739,2023-07-23 14:40:50.035252,2023-07-23 16:31:14.035252,2023-07-24 10:49:14.035252,18.3,1.84,normal,1.0,14.0,10.3,1.3,0.2,0,7.75,4.96,1
V05687,container,217.6,35.6,14.9,240323,617,2023-07-23 16:31:32.377144,2023-07-23 19:29:44.377144,2023-07-24 10:11:44.377144,14.7,2.97,normal,0.44,20.8,4.4,2.2,0.7,1,7.6,5.19,1
V01115,container,351.9,58.0,14.2,323684,2531,2023-07-23 17:27:37.395949,2023-07-23 20:27:37.395949,2023-07-24 09:39:37.395949,13.2,3.0,normal,0.69,24.1,7.4,2.4,0.5,1,6.64,5.3,1
V05598,roro,243.0,41.3,7.0,135624,4097,2023-07-24 06:28:38.062168,2023-07-24 08:13:02.062168,2023-07-24 14:01:02.062168,5.8,1.74,normal,0.92,12.7,9.1,1.7,0.3,0,5.79,1.68,1
V01722,bulk,204.3,29.3,11.7,151962,3132,2023-07-24 11:57:48.817013,2023-07-24 16:44:00.817013,2023-07-26 08:08:00.817013,39.4,4.77,normal,0.83,24.7,7.0,2.4,0.0,1,3.24,4.11,0
V04839,bulk,226.1,35.9,9.0,131733,2154,2023-07-24 15:39:53.005909,2023-07-24 19:12:53.005909,2023-07-26 10:48:53.005909,39.6,3.55,normal,0.78,31.6,10.0,3.5,0.7,1,7.85,1.97,1
V02660,bulk,226.3,32.6,11.2,168820,1714,2023-07-25 03:44:07.802368,2023-07-25 10:43:31.802368,2023-07-25 21:07:31.802368,10.4,6.99,normal,0.64,22.8,3.0,2.3,1.1,2,7.65,0.47,1
V01712,roro,195.9,30.8,6.9,92652,3162,2023-07-25 18:59:48.498426,2023-07-25 22:09:24.498426,2023-07-26 08:39:24.498426,10.5,3.16,normal,0.71,30.9,8.8,3.2,0.6,1,6.72,2.93,1
V03059,general,117.3,16.7,5.3,49535,4547,2023-07-25 21:43:25.829672,2023-07-26 01:24:49.829672,2023-07-26 11:18:49.829672,9.9,3.69,normal,0.81,24.7,7.1,2.2,0.0,1,2.91,2.37,0
V04366,general,127.0,18.0,6.2,60817,2875,2023-07-26 05:24:54.484264,2023-07-26 07:02:06.484264,2023-07-26 23:26:06.484264,16.4,1.62,normal,0.73,11.4,6.2,1.7,0.6,0,8.0,4.64,1
V04622,container,299.3,49.7,14.7,271442,739,2023-07-26 06:23:15.515924,2023-07-26 08:23:15.515924,2023-07-26 21:35:15.515924,13.2,2.0,low,0.75,17.7,6.6,1.6,0.1,0,7.7,2.9,1
V04290,container,308.6,47.8,12.0,261429,3749,2023-07-26 08:16:08.478208,2023-07-26 10:14:56.478208,2023-07-27 11:14:56.478208,25.0,1.98,normal,0.79,17.4,7.7,1.7,1.5,0,5.5,3.83,1
V01369,tanker,121.8,19.3,12.8,104964,738,2023-07-26 09:42:55.450873,2023-07-26 11:29:43.450873,2023-07-27 02:47:43.450873,15.3,1.78,normal,0.83,10.9,5.3,1.2,0.1,0,3.39,6.6,0
V02905,bulk,126.8,16.7,7.7,75197,4765,2023-07-26 16:14:55.332074,2023-07-26 18:16:43.332074,2023-07-27 13:58:43.332074,19.7,2.03,normal,1.0,15.0,6.9,1.2,0.1,0,7.01,3.05,1
V02219,container,155.1,25.9,10.5,130172,4754,2023-07-27 18:02:26.476122,2023-07-27 22:30:38.476122,2023-07-28 16:36:38.476122,18.1,4.47,normal,0.63,20.4,11.0,2.1,0.5,1,7.83,3.71,1
V05311,container,234.6,34.7,8.5,137266,1984,2023-07-27 18:48:56.482992,2023-07-27 20:54:20.482992,2023-07-28 19:06:20.482992,22.2,2.09,normal,0.57,13.2,9.7,1.2,0.1,0,7.99,5.29,1
V03394,tanker,206.7,35.1,9.7,141614,2014,2023-07-27 20:28:04.896189,2023-07-28 00:08:16.896189,2023-07-29 04:02:16.896189,27.9,3.67,normal,1.0,28.7,8.5,2.7,0.0,1,6.87,3.98,1
V03114,container,308.1,46.0,9.4,185944,606,2023-07-27 21:51:44.181848,2023-07-27 23:42:44.181848,2023-07-28 05:54:44.181848,6.2,1.85,normal,0.83,12.2,4.8,1.0,1.8,0,4.91,2.76,0
V02533,general,84.0,12.7,8.9,50396,4844,2023-07-28 03:18:55.355990,2023-07-28 05:45:19.355990,2023-07-28 17:21:19.355990,11.6,2.44,high,0.93,18.2,5.2,2.2,0.2,0,3.98,5.86,0
V03811,general,169.4,23.1,8.4,112101,4082,2023-07-28 08:06:50.696469,2023-07-28 11:14:38.696469,2023-07-29 04:14:38.696469,17.0,3.13,normal,0.82,21.0,4.5,1.9,0.3,1,7.61,0.29,1
V01786,container,156.0,24.2,9.1,87266,1354,2023-07-28 18:02:31.367690,2023-07-28 19:41:31.367690,2023-07-29 09:53:31.367690,14.2,1.65,normal,0.69,15.2,10.7,1.7,0.5,0,7.22,2.29,1
V03028,tanker,290.6,49.1,12.3,273070,3997,2023-07-28 21:58:35.602355,2023-07-29 00:44:47.602355,2023-07-29 17:14:47.602355,16.5,2.77,high,0.71,23.1,11.2,2.4,0.4,1,5.93,1.68,1
V02176,container,344.6,50.3,13.7,338838,1660,2023-07-29 00:10:43.874204,2023-07-29 03:58:07.874204,2023-07-29 15:28:07.874204,11.5,3.79,normal,0.66,25.9,6.7,2.3,0.0,1,2.85,4.28,0
V04221,container,279.4,42.3,13.2,267814,968,2023-07-29 03:33:48.172829,2023-07-29 06:05:36.172829,2023-07-30 00:05:36.172829,18.0,2.53,normal,0.76,16.8,7.5,1.5,1.7,0,3.24,0.53,0
V03925,roro,248.7,37.0,10.0,176439,1939,2023-07-29 08:04:58.460765,2023-07-29 10:46:22.460765,2023-07-29 17:04:22.460765,6.3,2.69,normal,0.7,21.2,9.0,1.8,0.9,1,7.99,1.19,1
V05394,container,226.2,35.8,10.5,162402,3078,2023-07-29 15:33:51.678347,2023-07-29 17:38:03.678347,2023-07-30 20:32:03.678347,26.9,2.07,normal,0.85,9.4,5.6,1.1,0.8,0,2.79,1.33,0
V03306,bulk,146.2,23.2,7.4,71172,2251,2023-07-29 20:05:36.331935,2023-07-29 23:16:24.331935,2023-07-31 00:28:24.331935,25.2,3.18,normal,0.7,23.4,8.3,2.2,0.4,1,7.98,2.44,1
V04885,tanker,318.4,48.7,13.4,273999,2060,2023-07-29 23:56:20.331433,2023-07-30 01:55:44.331433,2023-07-31 22:49:44.331433,44.9,1.99,normal,0.69,5.9,5.8,0.9,0.8,0,4.19,6.31,0
V04345,tanker,309.2,49.4,11.3,218526,1980,2023-07-30 03:16:59.976546,2023-07-30 05:19:23.976546,2023-07-30 14:43:23.976546,9.4,2.04,normal,0.61,19.8,6.2,2.2,1.4,0,2.23,0.99,0
V03104,container,155.4,22.1,14.9,151843,4880,2023-07-30 06:17:56.088392,2023-07-30 10:20:56.088392,2023-07-31 09:08:56.088392,22.8,4.05,normal,0.65,29.7,9.7,2.9,0.9,1,6.04,2.71,1
V03155,roro,190.9,28.7,10.2,126561,3625,2023-07-30 11:42:31.641008,2023-07-30 12:57:31.641008,2023-07-31 06:27:31.641008,17.5,1.25,normal,0.87,12.1,5.6,1.3,0.4,0,5.14,4.81,0
V03427,general,117.6,17.8,9.7,87630,2865,2023-07-30 23:17:39.376772,2023-07-31 01:08:03.376772,2023-07-31 08:02:03.376772,6.9,1.84,low,0.71,17.9,10.4,1.6,0.4,0,6.33,2.54,1
V01566,bulk,151.6,23.2,7.2,70511,1167,2023-07-31 19:29:12.778952,2023-08-01 00:44:48.778952,2023-08-02 17:20:48.778952,40.6,5.26,normal,0.9,25.9,7.6,2.2,1.3,1,6.02,1.28,1
V01826,bulk,188.0,28.3,11.6,157440,3757,2023-07-31 20:22:50.547122,2023-07-31 22:39:38.547122,2023-08-01 23:15:38.547122,24.6,2.28,low,0.75,13.8,9.0,1.5,0.3,0,7.15,2.83,1
V04676,tanker,227.8,33.0,9.3,153411,3330,2023-07-31 23:04:53.185724,2023-08-01 01:17:29.185724,2023-08-01 21:53:29.185724,20.6,2.21,normal,0.74,19.7,8.2,2.3,0.6,0,7.48,3.38,1
V01502,container,291.5,39.7,13.8,289178,3171,2023-08-01 03:25:27.350881,2023-08-01 05:13:27.350881,2023-08-01 22:49:27.350881,17.6,1.8,high,0.93,19.0,6.4,2.4,0.7,0,2.17,2.51,0
V02546,tanker,130.0,21.2,10.2,102420,2178,2023-08-01 03:53:16.841131,2023-08-01 05:55:04.841131,2023-08-02 16:13:04.841131,34.3,2.03,normal,0.73,11.8,6.3,1.0,0.2,0,2.02,3.2,0
V03746,tanker,219.0,28.8,12.5,166487,4534,2023-08-01 12:01:06.664694,2023-08-01 14:38:18.664694,2023-08-02 17:02:18.664694,26.4,2.62,normal,0.62,21.2,3.6,2.4,0.5,1,6.93,3.08,1
V01903,general,133.3,19.7,9.5,94884,4686,2023-08-02 07:31:14.538555,2023-08-02 09:24:38.538555,2023-08-02 14:48:38.538555,5.4,1.89,low,0.55,16.1,4.7,1.7,0.3,0,4.28,2.57,0
V01674,roro,164.3,24.3,10.3,134681,4819,2023-08-02 21:51:51.244846,2023-08-02 23:32:03.244846,2023-08-03 13:02:03.244846,13.5,1.67,normal,0.47,14.3,6.8,1.9,0.6,0,7.03,2.89,1
V02233,general,215.6,33.1,5.3,84130,4936,2023-08-03 00:43:20.633529,2023-08-03 02:22:56.633529,2023-08-03 12:04:56.633529,9.7,1.66,normal,0.87,17.9,8.1,1.5,0.4,0,7.44,5.75,1
V04912,tanker,243.4,38.4,10.4,165686,3438,2023-08-03 14:39:36.931770,2023-08-03 16:33:00.931770,2023-08-04 08:57:00.931770,16.4,1.89,normal,0.66,15.1,6.9,1.6,0.2,0,5.51,4.99,1
V03516,bulk,155.5,24.3,10.3,115017,4795,2023-08-03 21:22:27.255052,2023-08-04 00:17:39.255052,2023-08-04 16:53:39.255052,16.6,2.92,normal,0.62,5.4,9.6,0.2,0.0,0,5.26,2.18,0
V03830,tanker,157.9,24.6,12.6,127974,3512,2023-08-04 03:35:44.611433,2023-08-04 06:05:08.611433,2023-08-05 05:53:08.611433,23.8,2.49,normal,0.73,6.2,10.1,0.5,1.4,0,4.7,4.94,0
V03698,container,194.5,32.8,12.9,159730,1019,2023-08-04 06:58:12.763774,2023-08-04 09:19:48.763774,2023-08-04 19:13:48.763774,9.9,2.36,normal,0.85,4.4,7.3,0.4,0.0,0,2.08,2.14,0
V04850,container,379.4,55.4,13.4,362991,3284,2023-08-04 18:00:16.809948,2023-08-04 20:13:28.809948,2023-08-05 19:43:28.809948,23.5,2.22,low,0.53,3.2,5.5,0.2,1.9,0,2.3,2.38,0
V05106,bulk,274.3,38.0,11.6,242964,4861,2023-08-04 19:00:49.597406,2023-08-04 22:47:01.597406,2023-08-06 09:23:01.597406,34.6,3.77,normal,0.61,22.5,8.7,1.8,0.3,1,2.0,6.6,0
V05290,container,315.8,43.1,11.0,215053,3633,2023-08-04 20:01:42.966860,2023-08-04 22:18:30.966860,2023-08-05 14:30:30.966860,16.2,2.28,high,0.61,16.9,8.4,2.0,0.0,0,2.48,3.07,0
V03895,tanker,229.0,33.0,11.1,192053,3825,2023-08-05 00:46:03.113814,2023-08-05 02:56:15.113814,2023-08-06 08:38:15.113814,29.7,2.17,normal,0.82,9.5,10.5,1.0,0.9,0,7.96,5.54,1
V02160,roro,182.7,26.9,7.3,93795,935,2023-08-05 12:28:03.219354,2023-08-05 13:56:15.219354,2023-08-05 22:08:15.219354,8.2,1.47,normal,0.89,19.4,10.2,1.8,0.4,0,7.6,3.73,1
V01219,tanker,210.0,34.2,12.7,167831,4248,2023-08-05 18:24:24.488145,2023-08-05 22:41:48.488145,2023-08-06 14:41:48.488145,16.0,4.29,normal,0.74,26.6,7.9,2.6,0.3,1,2.62,5.44,0
V02355,container,369.1,50.2,13.5,396799,3816,2023-08-05 18:50:17.813222,2023-08-05 21:56:53.813222,2023-08-06 11:08:53.813222,13.2,3.11,normal,0.91,35.8,6.4,3.6,0.1,1,2.28,3.29,0
V05136,bulk,231.4,37.3,9.7,166709,3863,2023-08-05 19:34:20.777048,2023-08-05 21:55:56.777048,2023-08-07 01:37:56.777048,27.7,2.36,normal,0.81,19.8,7.2,1.6,0.8,0,2.01,2.16,0
V01392,bulk,290.7,41.3,10.9,198132,4291,2023-08-05 19:36:50.295809,2023-08-05 21:54:14.295809,2023-08-07 16:00:14.295809,42.1,2.29,normal,0.65,7.3,4.8,0.7,0.6,0,2.0,6.16,0
V02691,roro,123.2,20.8,8.9,84660,4327,2023-08-05 19:53:52.192272,2023-08-05 21:27:28.192272,2023-08-06 07:21:28.192272,9.9,1.56,normal,0.49,12.6,9.5,1.5,1.3,0,2.02,1.18,0
V01216,container,259.4,35.4,10.9,206767,4870,2023-08-06 01:42:58.221386,2023-08-06 04:51:22.221386,2023-08-07 16:45:22.221386,35.9,3.14,normal,0.77,21.0,7.3,2.3,0.1,1,7.99,2.57,1
V04596,general,161.2,27.2,9.0,110393,1919,2023-08-06 15:31:26.650243,2023-08-06 17:00:50.650243,2023-08-07 05:12:50.650243,12.2,1.49,normal,0.78,12.3,6.5,0.8,1.2,0,7.44,3.65,1
V01535,container,310.6,42.7,12.4,267246,3741,2023-08-06 21:06:49.397847,2023-08-06 23:14:37.397847,2023-08-07 10:20:37.397847,11.1,2.13,normal,0.74,0.0,8.9,0.0,0.2,0,2.14,1.42,0
V01283,tanker,246.1,35.7,9.8,174478,4864,2023-08-07 01:20:07.653080,2023-08-07 03:03:55.653080,2023-08-07 18:09:55.653080,15.1,1.73,normal,0.95,19.8,8.0,2.1,0.9,0,7.31,6.28,1
V01038,container,227.4,30.1,8.9,161502,1951,2023-08-07 04:27:01.034840,2023-08-07 08:22:13.034840,2023-08-07 22:28:13.034840,14.1,3.92,normal,0.63,23.1,9.8,1.6,0.5,1,6.9,3.34,1
V03147,container,268.6,43.2,10.8,222205,3582,2023-08-07 05:08:18.235765,2023-08-07 06:43:42.235765,2023-08-07 20:25:42.235765,13.7,1.59,normal,0.59,5.1,7.3,0.1,1.1,0,5.99,5.08,1
V02013,container,368.7,48.2,9.9,224588,3111,2023-08-07 12:14:04.311319,2023-08-07 15:20:40.311319,2023-08-07 23:14:40.311319,7.9,3.11,low,0.62,28.8,4.7,2.4,0.1,1,5.36,3.03,0
V01688,general,217.4,34.9,7.1,95692,3996,2023-08-08 04:36:20.317014,2023-08-08 05:56:44.317014,2023-08-08 17:50:44.317014,11.9,1.34,normal,0.81,16.1,10.2,1.7,0.1,0,7.54,5.91,1
V01726,bulk,231.6,35.3,11.3,159988,1264,2023-08-08 10:10:44.329198,2023-08-08 12:49:44.329198,2023-08-09 04:55:44.329198,16.1,2.65,normal,0.77,9.1,6.0,0.5,0.2,0,2.09,2.78,0
V03733,general,161.1,22.3,6.1,59690,2419,2023-08-08 10:34:53.055605,2023-08-08 12:45:05.055605,2023-08-09 00:33:05.055605,11.8,2.17,normal,0.87,4.9,6.8,0.2,0.9,0,2.29,3.41,0
V02315,general,146.7,24.5,8.9,97460,3992,2023-08-08 17:45:53.491799,2023-08-08 19:30:53.491799,2023-08-09 05:06:53.491799,9.6,1.75,normal,0.76,0.9,9.5,0.0,0.0,0,6.76,0.39,1
V05081,container,310.2,43.2,15.0,370579,4990,2023-08-09 08:34:14.329586,2023-08-09 10:49:14.329586,2023-08-10 11:37:14.329586,24.8,2.25,high,1.0,13.9,11.6,1.5,0.3,0,3.32,4.0,0
V03618,container,306.3,40.1,8.1,172605,2939,2023-08-09 13:11:37.655390,2023-08-09 15:12:49.655390,2023-08-10 12:18:49.655390,21.1,2.02,normal,0.84,3.3,3.3,0.3,0.6,0,4.39,4.62,0
V04587,tanker,142.2,22.9,10.2,100477,2557,2023-08-09 21:43:22.453125,2023-08-09 23:36:10.453125,2023-08-10 14:48:10.453125,15.2,1.88,normal,1.0,0.0,10.7,0.3,1.0,0,2.52,3.67,0
V03892,roro,186.9,31.1,10.6,130340,562,2023-08-10 02:45:38.901830,2023-08-10 04:35:26.901830,2023-08-10 20:05:26.901830,15.5,1.83,normal,0.6,15.5,8.3,2.1,0.1,0,6.13,3.38,1
V04068,bulk,174.3,22.9,7.0,76408,4683,2023-08-10 08:51:31.665912,2023-08-10 12:53:19.665912,2023-08-11 12:47:19.665912,23.9,4.03,normal,0.88,25.4,7.0,2.6,0.2,1,4.02,7.92,0
V03160,container,252.1,36.5,9.2,170472,2079,2023-08-10 09:11:17.132357,2023-08-10 13:20:53.132357,2023-08-11 08:08:53.132357,18.8,4.16,normal,0.65,31.5,11.3,3.2,0.0,1,3.56,2.75,0
V01696,container,321.1,47.0,11.7,245609,4994,2023-08-10 09:37:12.710065,2023-08-10 11:40:48.710065,2023-08-11 03:52:48.710065,16.2,2.06,low,0.81,19.9,10.5,2.0,0.3,0,3.02,6.95,0
V02241,bulk,197.9,26.2,8.3,124153,3385,2023-08-10 16:44:09.102454,2023-08-10 18:20:09.102454,2023-08-11 15:38:09.102454,21.3,1.6,normal,0.7,13.9,7.3,1.3,1.2,0,7.78,4.8,1
V04496,roro,127.2,18.9,9.6,93551,2318,2023-08-10 22:52:21.426016,2023-08-11 00:34:57.426016,2023-08-11 07:22:57.426016,6.8,1.71,normal,0.57,11.7,8.4,1.3,0.0,0,2.26,3.7,0
V01856,tanker,266.2,42.2,13.5,287344,2068,2023-08-11 09:23:26.979460,2023-08-11 13:57:02.979460,2023-08-12 14:33:02.979460,24.6,4.56,normal,0.79,24.0,5.4,2.3,0.9,1,4.41,0.11,0
V01553,general,172.6,28.6,7.0,76420,4980,2023-08-11 14:27:35.249216,2023-08-11 16:18:35.249216,2023-08-12 17:24:35.249216,25.1,1.85,normal,0.91,14.7,8.5,1.6,0.8,0,3.9,0.96,0
V05137,container,331.3,48.2,9.4,219879,1152,2023-08-11 18:27:33.707623,2023-08-11 20:33:33.707623,2023-08-12 17:57:33.707623,21.4,2.1,normal,0.46,16.5,9.2,1.7,0.2,0,7.99,1.1,1
V03165,tanker,279.4,45.8,12.5,225120,3064,2023-08-12 00:00:07.852821,2023-08-12 02:07:19.852821,2023-08-12 15:19:19.852821,13.2,2.12,normal,0.47,19.9,7.4,2.5,0.3,0,2.09,3.48,0
V04869,general,163.8,22.7,7.7,97052,4477,2023-08-12 07:16:42.309951,2023-08-12 10:17:54.309951,2023-08-13 03:05:54.309951,16.8,3.02,normal,0.78,25.1,5.3,3.0,1.2,1,7.87,1.89,1
V04006,bulk,139.6,20.9,8.7,89336,1724,2023-08-12 09:12:04.235378,2023-08-12 12:21:04.235378,2023-08-13 17:57:04.235378,29.6,3.15,normal,0.67,21.2,8.5,2.3,0.3,1,5.9,4.66,1
V01792,bulk,202.3,31.6,10.8,143717,1133,2023-08-12 09:45:41.938856,2023-08-12 12:27:05.938856,2023-08-13 16:45:05.938856,28.3,2.69,normal,0.83,8.9,7.1,1.1,0.1,0,5.06,5.05,0
V05441,container,195.0,27.1,12.2,152921,2934,2023-08-12 11:02:49.627211,2023-08-12 12:54:25.627211,2023-08-13 06:54:25.627211,18.0,1.86,normal,0.75,13.8,7.0,1.4,0.3,0,3.23,4.19,0
V03755,bulk,244.6,38.7,12.6,206819,3200,2023-08-12 14:57:23.424388,2023-08-12 17:17:11.424388,2023-08-13 14:29:11.424388,21.2,2.33,normal,0.66,14.4,8.7,1.1,0.1,0,3.49,7.05,0
V05512,general,111.1,18.7,7.6,64180,3169,2023-08-12 23:30:25.267256,2023-08-13 02:21:25.267256,2023-08-13 17:21:25.267256,15.0,2.85,low,0.71,30.2,8.4,3.0,0.9,1,3.16,2.77,0
V04017,bulk,293.6,41.3,7.5,174778,2504,2023-08-13 09:57:30.042614,2023-08-13 12:44:54.042614,2023-08-13 23:26:54.042614,10.7,2.79,normal,0.63,10.6,7.9,1.3,0.2,0,5.96,0.62,1
V02875,general,218.4,35.9,9.4,133338,4271,2023-08-13 12:01:33.890608,2023-08-13 13:40:33.890608,2023-08-14 06:04:33.890608,16.4,1.65,normal,0.72,13.4,6.6,1.2,0.1,0,3.02,4.96,0
V05525,roro,160.3,22.0,7.1,74961,1755,2023-08-13 18:59:35.814461,2023-08-13 21:39:47.814461,2023-08-14 03:09:47.814461,5.5,2.67,normal,0.67,21.4,10.6,2.8,0.7,1,7.69,4.15,1
V04766,tanker,304.4,39.7,11.5,214606,1720,2023-08-13 19:59:56.966502,2023-08-13 22:23:20.966502,2023-08-14 21:41:20.966502,23.3,2.39,normal,0.84,12.9,5.3,1.4,2.1,0,8.0,2.67,1
V02854,bulk,232.6,39.0,9.6,145632,3323,2023-08-14 05:03:09.280875,2023-08-14 08:31:21.280875,2023-08-14 21:43:21.280875,13.2,3.47,low,0.68,23.1,4.0,1.6,0.1,1,4.78,1.37,0
V02006,general,197.9,29.1,7.0,87223,714,2023-08-14 07:15:32.604604,2023-08-14 09:27:32.604604,2023-08-14 20:39:32.604604,11.2,2.2,normal,0.77,18.5,8.2,1.5,0.1,0,7.59,2.64,1
V03547,container,305.7,43.1,13.7,255825,2831,2023-08-14 14:09:55.253174,2023-08-14 15:57:19.253174,2023-08-15 13:27:19.253174,21.5,1.79,low,0.76,16.2,6.5,1.2,0.0,0,2.04,2.67,0
V04315,general,108.1,14.9,6.7,56304,4363,2023-08-14 17:25:12.453172,2023-08-14 20:33:00.453172,2023-08-15 12:27:00.453172,15.9,3.13,normal,0.8,21.1,6.3,2.7,0.3,1,4.73,4.73,0
V03146,bulk,271.6,44.5,9.8,179047,1287,2023-08-14 18:40:31.863758,2023-08-14 20:59:07.863758,2023-08-15 19:53:07.863758,22.9,2.31,normal,0.9,0.0,10.4,0.0,0.5,0,6.56,2.76,1
V04560,tanker,137.3,22.1,12.1,114276,2761,2023-08-14 19:22:06.048706,2023-08-14 21:29:18.048706,2023-08-15 20:47:18.048706,23.3,2.12,high,0.98,16.3,5.5,1.7,0.0,0,7.34,4.49,1
V02303,container,226.4,31.6,14.8,261466,3112,2023-08-15 22:49:39.022013,2023-08-16 01:05:15.022013,2023-08-17 09:53:15.022013,32.8,2.26,normal,0.92,16.3,5.5,1.6,1.8,0,7.35,3.48,1
V05361,tanker,243.4,37.9,12.4,238797,4397,2023-08-16 02:03:27.240820,2023-08-16 04:26:51.240820,2023-08-16 23:26:51.240820,19.0,2.39,normal,0.88,15.9,5.4,1.6,0.4,0,2.98,3.49,0
V04706,container,341.7,55.8,13.5,335652,3702,2023-08-16 07:41:27.007726,2023-08-16 11:04:15.007726,2023-08-17 06:22:15.007726,19.3,3.38,normal,0.83,25.4,7.0,2.7,0.4,1,6.31,3.31,1
V05171,container,226.4,37.5,14.0,238817,2155,2023-08-16 08:32:27.506136,2023-08-16 10:08:27.506136,2023-08-17 05:08:27.506136,19.0,1.6,normal,0.8,5.5,8.4,0.4,0.7,0,7.32,1.61,1
V01746,roro,239.8,34.1,8.6,142693,1340,2023-08-16 10:16:33.587654,2023-08-16 13:02:45.587654,2023-08-16 23:02:45.587654,10.0,2.77,normal,0.89,35.2,7.5,3.6,0.4,1,7.95,4.66,1
V05090,bulk,158.8,25.5,11.9,131726,2550,2023-08-16 11:21:59.171605,2023-08-16 13:50:47.171605,2023-08-17 18:50:47.171605,29.0,2.48,normal,0.59,8.2,8.0,0.5,0.4,0,7.21,4.02,1
V03254,container,264.5,35.2,12.4,245525,3679,2023-08-17 04:17:45.052017,2023-08-17 07:26:09.052017,2023-08-18 00:08:09.052017,16.7,3.14,normal,0.77,24.9,7.5,2.4,0.1,1,2.02,0.1,0
V04048,bulk,296.6,39.9,11.6,226630,2054,2023-08-17 05:57:02.294492,2023-08-17 07:30:02.294492,2023-08-18 19:54:02.294492,36.4,1.55,normal,0.57,11.6,7.4,0.9,0.5,0,2.77,6.26,0
V04177,tanker,263.6,42.7,14.0,267749,1018,2023-08-17 06:00:12.835953,2023-08-17 08:39:12.835953,2023-08-18 05:09:12.835953,20.5,2.65,normal,0.82,6.5,6.2,0.0,1.2,0,2.83,4.04,0
V02074,container,155.1,25.5,10.4,98185,2430,2023-08-17 08:37:53.274526,2023-08-17 10:57:41.274526,2023-08-18 04:39:41.274526,17.7,2.33,normal,0.75,19.0,9.1,1.6,0.2,0,6.5,5.61,1
V04398,tanker,187.6,26.5,9.4,117674,2659,2023-08-17 14:18:59.031980,2023-08-17 16:17:47.031980,2023-08-18 16:29:47.031980,24.2,1.98,normal,0.7,0.0,6.6,0.0,0.3,0,4.22,1.15,0
V03368,tanker,249.0,39.0,9.5,164566,3211,2023-08-17 16:26:14.148710,2023-08-17 18:06:26.148710,2023-08-19 06:54:26.148710,36.8,1.67,low,0.98,19.9,5.5,1.9,0.3,0,2.08,2.99,0
V05900,container,211.8,33.1,8.5,140882,3584,2023-08-17 18:59:08.781635,2023-08-17 22:36:20.781635,2023-08-19 10:18:20.781635,35.7,3.62,normal,0.72,21.4,7.5,2.0,0.3,1,3.53,1.02,0
V05566,bulk,117.6,18.7,11.3,85987,4802,2023-08-18 18:15:47.030467,2023-08-18 22:39:11.030467,2023-08-20 05:45:11.030467,31.1,4.39,normal,0.8,21.7,7.6,1.9,2.5,1,2.12,0.92,0
V03379,bulk,109.6,14.8,8.9,68066,4583,2023-08-19 09:29:52.586282,2023-08-19 11:43:40.586282,2023-08-21 03:01:40.586282,39.3,2.23,normal,0.61,9.6,9.5,1.3,1.2,0,5.45,0.98,0
V02731,general,201.3,29.3,8.0,117569,3930,2023-08-19 09:38:07.964507,2023-08-19 12:55:31.964507,2023-08-20 01:25:31.964507,12.5,3.29,high,0.69,11.6,2.6,1.3,0.7,1,5.66,5.25,1
V05806,container,204.2,33.0,13.5,211510,4345,2023-08-20 08:03:24.704681,2023-08-20 09:58:00.704681,2023-08-21 15:58:00.704681,30.0,1.91,low,0.54,14.1,6.7,1.3,0.7,0,2.5,4.82,0
V02326,roro,204.3,32.9,8.5,129806,4513,2023-08-20 14:45:05.399752,2023-08-20 16:16:53.399752,2023-08-21 04:04:53.399752,11.8,1.53,normal,0.75,14.3,8.3,1.5,0.2,0,7.01,6.7,1
V04773,bulk,293.0,49.0,9.9,175793,965,2023-08-20 15:31:50.814169,2023-08-20 19:23:26.814169,2023-08-21 21:23:26.814169,26.0,3.86,low,0.86,24.1,7.1,2.7,0.5,1,6.0,0.46,1
V05097,roro,112.6,15.1,8.3,72590,1115,2023-08-21 10:41:48.729621,2023-08-21 13:51:24.729621,2023-08-21 20:09:24.729621,6.3,3.16,normal,0.86,27.1,8.1,2.7,0.4,1,4.84,3.41,0
V03001,bulk,221.7,32.0,11.4,175202,789,2023-08-21 18:47:22.065339,2023-08-21 21:47:22.065339,2023-08-22 17:35:22.065339,19.8,3.0,normal,0.71,3.4,9.9,0.0,0.3,0,2.64,2.91,0
V02994,tanker,172.1,25.8,13.0,134553,3161,2023-08-21 22:57:06.167624,2023-08-22 03:07:54.167624,2023-08-22 18:37:54.167624,15.5,4.18,normal,0.8,23.2,7.2,2.6,1.7,1,4.62,0.82,0
V02876,container,211.2,30.9,8.9,134974,1778,2023-08-22 04:23:41.081136,2023-08-22 07:02:41.081136,2023-08-22 21:14:41.081136,14.2,2.65,high,0.77,21.4,5.2,2.0,1.5,1,6.46,1.77,1
V03302,tanker,179.4,29.0,11.2,157630,4511,2023-08-22 14:59:25.182899,2023-08-22 17:09:37.182899,2023-08-24 18:57:37.182899,49.8,2.17,normal,0.68,0.0,9.8,0.0,1.1,0,7.97,3.23,1
V01249,bulk,284.5,40.2,7.4,141052,4021,2023-08-22 21:17:27.099234,2023-08-22 23:05:27.099234,2023-08-24 11:29:27.099234,36.4,1.8,normal,0.83,17.4,7.7,1.2,0.2,0,2.06,1.93,0
V03391,tanker,141.7,23.3,13.3,130726,3321,2023-08-23 07:06:29.434832,2023-08-23 09:02:17.434832,2023-08-24 22:44:17.434832,37.7,1.93,normal,1.0,8.5,8.7,0.8,0.1,0,3.67,2.91,0
V02618,general,135.4,22.1,9.7,104671,4443,2023-08-23 17:08:08.464752,2023-08-23 19:59:08.464752,2023-08-24 20:35:08.464752,24.6,2.85,normal,0.76,30.3,8.4,3.6,0.6,1,7.03,1.87,1
V01097,bulk,268.9,40.2,7.6,128751,1961,2023-08-24 00:22:31.332823,2023-08-24 02:24:19.332823,2023-08-25 02:06:19.332823,23.7,2.03,normal,0.65,15.6,11.0,0.9,0.3,0,4.36,5.08,0
V04816,roro,215.9,35.5,9.7,129500,3767,2023-08-24 05:33:41.275725,2023-08-24 07:13:17.275725,2023-08-24 14:31:17.275725,7.3,1.66,normal,0.3,9.5,6.3,0.6,0.2,0,7.0,7.3,1
V05065,bulk,136.7,18.0,11.0,117150,1158,2023-08-24 14:06:56.814323,2023-08-24 18:09:20.814323,2023-08-25 21:03:20.814323,26.9,4.04,normal,0.78,28.1,8.9,3.0,0.0,1,6.34,2.33,1
V03908,tanker,177.4,23.5,9.2,106696,2335,2023-08-25 05:22:05.987144,2023-08-25 07:47:17.987144,2023-08-26 21:41:17.987144,37.9,2.42,normal,0.51,18.9,8.6,1.7,0.4,0,7.83,5.3,1
V05675,container,289.4,39.0,10.0,182602,1627,2023-08-25 12:36:59.483512,2023-08-25 14:49:35.483512,2023-08-26 01:55:35.483512,11.1,2.21,normal,0.54,8.7,8.6,0.5,0.3,0,3.07,0.86,0
V04953,bulk,263.6,43.2,10.9,215621,4999,2023-08-25 13:46:14.863100,2023-08-25 16:29:26.863100,2023-08-27 03:53:26.863100,35.4,2.72,normal,0.82,14.3,8.4,0.9,2.0,0,4.65,2.26,0
V03103,container,190.5,27.4,8.8,112109,4219,2023-08-25 17:35:04.900910,2023-08-25 19:12:16.900910,2023-08-26 14:12:16.900910,19.0,1.62,normal,0.65,15.9,7.4,1.9,0.6,0,7.91,5.38,1
V05454,general,92.0,12.5,7.3,50912,1187,2023-08-25 18:58:38.371468,2023-08-25 20:25:38.371468,2023-08-26 12:31:38.371468,16.1,1.45,normal,0.69,16.9,12.1,1.5,0.8,0,6.74,5.61,1
V05336,container,219.4,30.1,12.8,173601,2892,2023-08-25 22:55:25.743023,2023-08-26 00:59:37.743023,2023-08-27 01:05:37.743023,24.1,2.07,low,0.93,15.3,6.1,1.8,0.3,0,2.05,3.36,0
V01684,bulk,114.5,18.1,11.3,93521,2796,2023-08-26 05:41:44.048246,2023-08-26 08:18:56.048246,2023-08-28 13:18:56.048246,53.0,2.62,normal,0.81,5.8,4.2,0.4,0.4,0,7.99,0.66,1
V01824,bulk,206.7,34.6,7.8,125580,1355,2023-08-26 18:56:31.551232,2023-08-26 21:01:19.551232,2023-08-28 10:55:19.551232,37.9,2.08,normal,1.0,4.4,7.1,0.6,0.2,0,7.59,3.92,1
V01383,general,122.5,17.5,7.0,59466,1785,2023-08-26 20:19:49.801057,2023-08-26 21:54:01.801057,2023-08-27 14:00:01.801057,16.1,1.57,low,0.72,16.6,7.8,1.7,0.1,0,6.0,0.01,1
V05944,roro,169.1,25.8,9.2,99418,1330,2023-08-26 22:21:19.544212,2023-08-27 01:02:07.544212,2023-08-27 11:44:07.544212,10.7,2.68,normal,0.66,30.6,6.4,2.6,0.3,1,3.1,6.15,0
V01217,bulk,266.7,41.2,11.9,214129,1649,2023-08-26 23:26:01.002140,2023-08-27 02:11:01.002140,2023-08-27 20:53:01.002140,18.7,2.75,high,0.57,14.7,6.0,1.9,0.3,0,2.17,2.21,0
V03647,container,263.1,34.5,13.0,233500,1200,2023-08-27 05:27:51.737178,2023-08-27 08:31:27.737178,2023-08-28 02:25:27.737178,17.9,3.06,normal,0.99,20.1,7.8,2.5,0.6,1,7.74,3.53,1
V05834,bulk,142.3,19.4,8.2,80350,2966,2023-08-27 18:45:57.356505,2023-08-27 23:38:45.356505,2023-08-28 19:38:45.356505,20.0,4.88,normal,0.58,21.3,9.2,1.7,0.6,1,8.0,1.18,1
V05989,container,314.4,44.7,9.6,219196,3874,2023-08-27 19:12:21.520077,2023-08-27 21:27:57.520077,2023-08-28 01:27:57.520077,4.0,2.26,normal,0.95,13.9,8.0,1.9,0.8,0,7.9,0.79,1
V04969,general,156.6,24.9,5.3,62852,2579,2023-08-28 00:40:15.512946,2023-08-28 02:30:39.512946,2023-08-29 03:24:39.512946,24.9,1.84,normal,0.68,4.3,6.8,0.7,0.6,0,2.02,4.16,0
V01342,bulk,189.5,27.5,12.8,158063,1596,2023-08-28 03:00:04.092065,2023-08-28 05:00:40.092065,2023-08-30 02:12:40.092065,45.2,2.01,normal,0.69,14.9,8.9,1.9,0.0,0,3.55,0.22,0
V02217,container,376.3,55.6,10.0,233553,1673,2023-08-28 12:34:32.081776,2023-08-28 14:22:32.081776,2023-08-28 23:58:32.081776,9.6,1.8,high,0.82,17.6,6.4,1.4,0.8,0,2.2,4.1,0
V05031,container,210.8,27.7,8.7,138770,986,2023-08-29 05:06:21.674936,2023-08-29 07:12:21.674936,2023-08-29 22:12:21.674936,15.0,2.1,normal,0.79,15.2,8.2,1.7,0.9,0,5.46,2.71,0
V04500,bulk,251.4,40.9,11.5,203703,4106,2023-08-29 06:31:50.739852,2023-08-29 09:00:38.739852,2023-08-30 02:36:38.739852,17.6,2.48,normal,0.83,19.3,11.1,2.8,0.3,0,7.31,4.34,1
V01595,bulk,164.3,27.2,7.5,93717,1128,2023-08-30 10:48:44.093370,2023-08-30 15:24:44.093370,2023-08-31 18:00:44.093370,26.6,4.6,normal,1.0,21.7,10.2,2.0,0.3,1,6.44,4.91,1
V02704,tanker,250.1,40.9,13.2,237021,3346,2023-08-30 15:22:44.304521,2023-08-30 17:43:08.304521,2023-08-31 18:19:08.304521,24.6,2.34,normal,0.83,5.8,4.2,0.9,0.1,0,2.09,4.18,0
V03957,bulk,148.3,19.8,10.4,104474,1509,2023-08-30 19:18:50.843840,2023-08-30 21:24:50.843840,2023-08-31 09:18:50.843840,11.9,2.1,low,0.83,10.1,8.6,0.8,1.8,0,6.85,6.29,1
V01051,tanker,294.2,38.4,10.0,184574,4550,2023-08-30 19:47:52.462014,2023-08-30 21:37:04.462014,2023-08-31 22:31:04.462014,24.9,1.82,normal,0.47,19.0,9.6,2.1,0.6,0,7.37,0.44,1
V01505,bulk,244.1,35.0,10.9,199811,3419,2023-08-30 23:35:52.359498,2023-08-31 03:13:04.359498,2023-08-31 20:43:04.359498,17.5,3.62,normal,0.8,23.4,11.7,2.8,0.0,1,5.9,5.49,1
V01598,tanker,166.2,24.0,10.8,142141,2498,2023-08-31 19:34:14.756813,2023-08-31 22:30:02.756813,2023-09-02 02:12:02.756813,27.7,2.93,normal,0.74,23.6,8.6,2.6,1.3,1,6.14,3.89,1
V02370,container,294.4,38.4,10.8,233624,3706,2023-09-01 01:35:15.811814,2023-09-01 07:07:39.811814,2023-09-01 17:07:39.811814,10.0,5.54,normal,0.77,26.6,2.9,2.4,0.7,2,4.12,0.98,0
V04243,tanker,210.3,30.1,13.5,174157,3523,2023-09-01 03:07:32.162968,2023-09-01 05:11:08.162968,2023-09-02 01:53:08.162968,20.7,2.06,normal,0.71,12.7,4.8,1.6,0.4,0,2.36,0.73,0
V04837,general,108.8,16.8,7.7,51510,3825,2023-09-01 06:21:08.684484,2023-09-01 07:48:44.684484,2023-09-01 20:12:44.684484,12.4,1.46,normal,0.88,9.3,7.0,0.9,0.3,0,3.75,4.39,0
V02810,bulk,135.8,19.2,8.3,67860,4626,2023-09-01 19:38:47.359102,2023-09-02 00:17:11.359102,2023-09-03 14:05:11.359102,37.8,4.64,normal,0.63,25.9,11.2,3.0,2.4,1,5.07,1.52,0
V03158,container,347.1,45.9,12.0,274976,3274,2023-09-01 23:05:40.743568,2023-09-02 01:14:40.743568,2023-09-02 20:32:40.743568,19.3,2.15,high,0.89,0.2,7.1,0.0,0.2,0,7.94,0.8,1
V01037,tanker,178.8,24.6,12.8,152134,2414,2023-09-02 15:43:43.782262,2023-09-02 17:22:43.782262,2023-09-03 15:04:43.782262,21.7,1.65,normal,0.74,4.0,7.7,0.6,0.1,0,2.9,0.58,0
V04847,container,269.6,36.7,12.7,272787,4618,2023-09-02 20:16:38.575883,2023-09-02 22:24:26.575883,2023-09-04 00:42:26.575883,26.3,2.13,normal,0.83,12.8,9.6,1.6,0.8,0,4.81,3.85,0
V04470,tanker,124.2,20.7,12.9,100049,4080,2023-09-03 02:45:36.161024,2023-09-03 04:48:00.161024,2023-09-03 14:30:00.161024,9.7,2.04,low,0.84,19.3,8.8,2.4,0.4,0,4.76,3.47,0
V02270,bulk,139.2,19.3,8.5,83979,4578,2023-09-03 04:29:30.971527,2023-09-03 06:45:06.971527,2023-09-04 05:27:06.971527,22.7,2.26,normal,1.0,15.2,6.8,2.0,0.3,0,2.54,5.53,0
V01360,tanker,178.8,23.9,11.8,144046,3876,2023-09-03 04:34:41.446588,2023-09-03 06:06:29.446588,2023-09-04 02:00:29.446588,19.9,1.53,normal,0.8,2.6,6.3,0.5,1.2,0,2.47,2.35,0
V04897,bulk,139.4,22.0,11.7,112889,892,2023-09-03 16:40:36.443529,2023-09-03 19:32:12.443529,2023-09-04 21:02:12.443529,25.5,2.86,normal,0.65,8.5,6.8,1.3,1.2,0,2.75,2.72,0
V04094,tanker,201.7,26.9,10.8,156070,3681,2023-09-03 17:26:36.843016,2023-09-03 21:01:24.843016,2023-09-04 07:25:24.843016,10.4,3.58,normal,0.71,21.9,6.2,1.8,0.0,1,2.16,3.61,0
V03154,bulk,228.8,37.2,9.5,149177,3076,2023-09-03 19:20:05.777736,2023-09-03 22:15:17.777736,2023-09-05 12:39:17.777736,38.4,2.92,low,0.77,8.8,5.4,1.1,0.2,0,2.57,3.4,0
V01381,bulk,117.3,17.4,7.0,63009,3075,2023-09-03 21:03:53.799937,2023-09-03 23:43:29.799937,2023-09-04 17:55:29.799937,18.2,2.66,normal,0.7,10.8,6.6,0.9,0.1,0,4.79,4.54,0
V05601,general,110.6,17.0,5.6,44272,1819,2023-09-03 22:38:58.933682,2023-09-04 00:22:10.933682,2023-09-04 23:46:10.933682,23.4,1.72,high,0.67,10.3,7.3,1.4,0.1,0,7.01,6.31,1
V03760,roro,172.9,26.5,6.2,71303,4002,2023-09-04 00:57:02.115365,2023-09-04 02:40:50.115365,2023-09-04 22:16:50.115365,19.6,1.73,high,0.6,15.3,7.1,1.7,2.7,0,7.84,4.14,1
V02793,general,186.8,26.1,5.6,63323,536,2023-09-04 02:46:40.757255,2023-09-04 06:29:52.757255,2023-09-04 13:05:52.757255,6.6,3.72,normal,0.77,22.3,6.4,1.6,1.4,1,5.93,1.97,1
V01565,general,166.7,21.7,6.2,77663,4933,2023-09-04 03:45:56.432194,2023-09-04 05:42:20.432194,2023-09-04 17:12:20.432194,11.5,1.94,normal,0.97,15.6,10.3,0.8,1.4,0,4.45,2.43,0
V05517,roro,112.7,17.6,7.0,58038,1240,2023-09-04 08:56:58.186495,2023-09-04 10:38:58.186495,2023-09-05 00:20:58.186495,13.7,1.7,low,0.51,9.2,5.4,0.9,0.0,0,4.03,4.11,0
V03807,tanker,236.9,31.4,13.4,194744,3658,2023-09-04 12:48:13.006783,2023-09-04 14:39:13.006783,2023-09-05 08:39:13.006783,18.0,1.85,normal,0.9,14.0,10.6,1.2,0.3,0,8.0,0.32,1
V03867,container,160.9,21.6,11.2,119178,2025,2023-09-04 16:01:52.617367,2023-09-04 17:46:52.617367,2023-09-05 16:22:52.617367,22.6,1.75,normal,0.44,11.3,9.9,1.3,0.4,0,4.65,1.21,0
V05413,bulk,254.5,40.0,8.4,154228,2025,2023-09-04 23:49:35.587561,2023-09-05 02:48:23.587561,2023-09-05 16:18:23.587561,13.5,2.98,normal,0.7,19.6,4.7,1.9,1.7,0,7.4,1.3,1
V03880,container,353.3,46.2,10.5,295420,4375,2023-09-05 06:33:03.691886,2023-09-05 08:45:39.691886,2023-09-06 00:57:39.691886,16.2,2.21,normal,0.86,4.9,10.5,1.1,0.9,0,2.21,2.93,0
V03101,container,235.0,37.8,11.2,184394,2636,2023-09-05 12:33:48.719166,2023-09-05 16:32:00.719166,2023-09-06 11:38:00.719166,19.1,3.97,normal,0.73,20.0,3.9,1.8,0.2,1,7.67,2.15,1
V04556,bulk,256.9,42.2,10.3,164210,3993,2023-09-05 18:38:08.905210,2023-09-05 20:44:08.905210,2023-09-06 16:32:08.905210,19.8,2.1,normal,0.85,12.3,6.5,0.9,0.8,0,2.43,2.63,0
V02915,container,247.0,40.7,14.5,257208,3075,2023-09-05 19:09:21.161719,2023-09-05 21:36:57.161719,2023-09-06 13:54:57.161719,16.3,2.46,normal,0.72,15.6,7.2,1.5,0.2,0,2.11,0.92,0
V01047,container,191.8,32.2,14.0,181160,1718,2023-09-05 19:20:52.464408,2023-09-05 21:26:16.464408,2023-09-06 08:26:16.464408,11.0,2.09,normal,0.86,8.1,11.1,0.6,0.0,0,2.05,0.74,0
V02747,container,298.7,42.1,14.2,325071,3481,2023-09-06 07:14:30.755416,2023-09-06 08:55:18.755416,2023-09-07 02:07:18.755416,17.2,1.68,normal,0.6,16.2,6.9,1.9,0.4,0,2.28,5.95,0
V04250,tanker,185.4,28.7,12.2,176584,1569,2023-09-06 07:41:30.516335,2023-09-06 11:06:06.516335,2023-09-07 03:48:06.516335,16.7,3.41,normal,0.72,31.7,6.8,3.0,0.0,1,2.06,2.86,0
V01424,tanker,194.5,29.8,12.1,166983,3382,2023-09-06 13:57:47.382935,2023-09-06 15:58:59.382935,2023-09-07 09:22:59.382935,17.4,2.02,normal,0.88,15.4,7.0,1.7,0.4,0,7.96,0.8,1
V02517,bulk,230.0,35.0,11.5,208335,4896,2023-09-06 14:41:17.762571,2023-09-06 16:54:29.762571,2023-09-08 02:06:29.762571,33.2,2.22,low,0.92,15.8,9.0,1.9,1.2,0,7.94,1.56,1
V01183,tanker,264.6,34.5,10.3,202956,2910,2023-09-06 22:37:32.127584,2023-09-07 00:05:44.127584,2023-09-07 14:47:44.127584,14.7,1.47,normal,0.55,20.0,8.4,1.9,1.1,0,3.58,2.59,0
V04102,roro,213.5,29.3,6.3,81731,811,2023-09-07 11:59:58.571090,2023-09-07 13:13:46.571090,2023-09-08 05:43:46.571090,16.5,1.23,normal,0.78,9.9,6.4,1.3,0.3,0,5.0,3.24,0
V04698,container,235.3,38.5,10.3,149001,780,2023-09-07 13:27:00.935488,2023-09-07 15:11:24.935488,2023-09-07 22:59:24.935488,7.8,1.74,high,0.75,6.6,6.6,0.4,2.2,0,7.01,2.77,1
V04962,container,263.1,35.1,9.9,207447,2560,2023-09-07 22:59:20.769920,2023-09-08 00:55:08.769920,2023-09-08 11:49:08.769920,10.9,1.93,normal,0.73,13.4,12.2,0.9,0.2,0,3.03,1.96,0
V05440,bulk,180.6,24.5,7.4,105877,3245,2023-09-07 23:34:26.279597,2023-09-08 01:58:26.279597,2023-09-09 04:28:26.279597,26.5,2.4,normal,0.92,13.0,6.4,1.1,0.5,0,3.78,2.1,0
V04435,tanker,219.2,36.4,12.6,168535,983,2023-09-08 07:15:41.938556,2023-09-08 09:30:05.938556,2023-09-09 07:30:05.938556,22.0,2.24,normal,0.84,9.1,10.6,0.5,0.2,0,4.01,3.02,0
V04537,container,173.8,25.0,14.7,166348,715,2023-09-08 10:44:14.778921,2023-09-08 13:11:14.778921,2023-09-08 21:41:14.778921,8.5,2.45,normal,0.95,14.9,5.1,1.3,0.3,0,2.41,2.94,0
V05125,bulk,232.3,36.1,8.6,127905,1065,2023-09-08 15:09:20.065893,2023-09-08 17:33:56.065893,2023-09-09 07:57:56.065893,14.4,2.41,normal,0.66,16.2,10.1,1.7,0.3,0,7.79,1.81,1
V04129,tanker,324.8,52.2,10.7,215060,4414,2023-09-09 01:32:39.522178,2023-09-09 03:53:03.522178,2023-09-09 20:41:03.522178,16.8,2.34,normal,0.74,17.9,10.6,2.4,1.0,0,5.52,0.58,1
V03067,roro,233.8,32.8,9.2,162754,1412,2023-09-09 13:43:25.312443,2023-09-09 15:36:49.312443,2023-09-09 21:06:49.312443,5.5,1.89,normal,0.53,10.3,7.9,1.3,0.3,0,5.19,4.12,0
V03112,roro,239.4,40.0,7.1,127026,585,2023-09-09 21:10:57.394196,2023-09-09 22:54:09.394196,2023-09-10 07:06:09.394196,8.2,1.72,normal,0.79,5.2,11.0,0.6,0.1,0,3.07,4.32,0
V03600,container,341.9,47.8,12.2,325332,3114,2023-09-10 05:06:09.189666,2023-09-10 07:37:21.189666,2023-09-10 22:07:21.189666,14.5,2.52,low,0.51,17.0,4.0,1.9,0.3,0,8.0,1.3,1
V05846,bulk,204.7,33.9,12.9,185244,2962,2023-09-10 08:38:01.503320,2023-09-10 13:13:25.503320,2023-09-12 05:13:25.503320,40.0,4.59,normal,0.68,21.0,5.0,2.2,0.6,1,4.35,2.36,0
V01906,container,346.9,51.3,14.4,327739,1134,2023-09-10 09:07:24.202256,2023-09-10 12:58:24.202256,2023-09-11 00:22:24.202256,11.4,3.85,normal,0.76,26.0,8.1,2.4,0.6,1,3.65,6.63,0
V05682,tanker,171.2,24.1,13.6,170658,3946,2023-09-10 14:15:26.874650,2023-09-10 18:15:26.874650,2023-09-11 13:21:26.874650,19.1,4.0,normal,0.97,25.2,6.6,2.4,0.9,1,4.78,1.47,0
V01508,container,379.3,54.6,11.0,309602,2138,2023-09-10 21:49:55.126283,2023-09-11 01:30:43.126283,2023-09-11 18:18:43.126283,16.8,3.68,low,0.85,27.0,6.5,2.4,1.1,1,3.25,2.4,0
V01677,roro,218.9,34.1,8.9,153151,2428,2023-09-11 01:31:53.755184,2023-09-11 02:49:53.755184,2023-09-11 12:07:53.755184,9.3,1.3,normal,0.9,13.8,9.3,1.3,0.4,0,3.2,2.5,0
V05998,tanker,245.2,38.1,12.9,232660,1515,2023-09-11 16:28:56.970856,2023-09-11 18:31:20.970856,2023-09-12 12:49:20.970856,18.3,2.04,low,0.92,18.7,9.1,1.8,0.1,0,6.82,1.21,1
V01876,container,341.9,50.7,13.3,311871,4538,2023-09-12 02:19:19.226665,2023-09-12 04:25:19.226665,2023-09-12 16:31:19.226665,12.1,2.1,normal,0.87,10.3,6.6,0.8,0.1,0,3.19,1.78,0
V02418,tanker,129.9,17.2,9.4,83597,688,2023-09-12 02:40:19.882784,2023-09-12 06:57:07.882784,2023-09-12 21:21:07.882784,14.4,4.28,normal,0.89,22.8,7.6,2.5,0.4,1,3.64,2.75,0
V01291,container,157.9,25.7,11.1,136192,890,2023-09-12 03:07:51.228108,2023-09-12 06:33:03.228108,2023-09-13 14:57:03.228108,32.4,3.42,normal,0.59,23.9,7.8,2.4,0.3,1,4.29,5.84,0
V01499,tanker,193.5,26.2,13.6,193239,520,2023-09-12 06:51:02.373082,2023-09-12 09:07:50.373082,2023-09-14 00:43:50.373082,39.6,2.28,normal,0.75,14.8,6.3,1.1,0.3,0,7.99,2.88,1
V02566,general,144.0,20.5,9.1,93703,1438,2023-09-13 00:03:09.144902,2023-09-13 01:39:45.144902,2023-09-13 22:39:45.144902,21.0,1.61,normal,0.88,14.4,8.8,1.2,0.2,0,2.58,0.97,0
V04564,bulk,261.4,38.9,11.4,212209,3239,2023-09-13 04:30:06.387730,2023-09-13 06:45:42.387730,2023-09-14 01:09:42.387730,18.4,2.26,low,1.0,13.6,6.0,1.9,0.2,0,5.15,2.81,0
V05595,container,254.1,39.8,13.6,241543,1658,2023-09-13 05:22:41.635669,2023-09-13 07:26:17.635669,2023-09-13 23:56:17.635669,16.5,2.06,low,0.58,9.5,9.9,1.4,0.2,0,6.43,4.72,1
V03806,container,376.3,58.8,14.8,412926,2416,2023-09-13 13:49:43.615973,2023-09-13 17:10:43.615973,2023-09-14 10:34:43.615973,17.4,3.35,normal,0.82,21.0,6.7,1.6,0.1,1,2.01,4.76,0
V04288,roro,199.8,28.4,9.0,129698,4481,2023-09-13 18:54:28.033924,2023-09-13 21:34:04.033924,2023-09-14 03:22:04.033924,5.8,2.66,normal,0.65,11.8,2.9,1.1,0.4,1,7.63,3.82,1
V02126,tanker,189.5,25.2,11.3,143785,3631,2023-09-13 18:55:08.915816,2023-09-13 22:14:20.915816,2023-09-15 20:50:20.915816,46.6,3.32,normal,0.57,25.8,8.8,2.9,0.0,1,7.64,2.19,1
V04387,general,145.0,19.8,7.4,80318,516,2023-09-14 04:30:11.370566,2023-09-14 06:34:23.370566,2023-09-14 15:40:23.370566,9.1,2.07,low,0.93,6.6,7.0,1.0,0.9,0,3.96,5.18,0
V02225,roro,194.1,28.6,6.7,95058,3651,2023-09-14 10:52:55.267791,2023-09-14 12:31:55.267791,2023-09-14 18:43:55.267791,6.2,1.65,normal,0.53,15.1,8.1,1.8,1.8,0,5.78,3.49,1
V04362,bulk,140.6,22.7,12.3,108627,2153,2023-09-14 11:25:30.479867,2023-09-14 15:11:06.479867,2023-09-15 01:29:06.479867,10.3,3.76,high,0.72,32.7,10.7,2.8,0.0,1,4.96,0.44,0
V04568,bulk,244.8,33.3,7.9,129395,4977,2023-09-14 11:43:34.012075,2023-09-14 14:35:46.012075,2023-09-15 18:23:46.012075,27.8,2.87,low,1.0,23.2,9.7,2.1,0.2,1,4.51,4.0,0
V04833,bulk,128.4,16.9,7.1,71895,2893,2023-09-14 16:38:46.186364,2023-09-14 19:24:58.186364,2023-09-17 06:30:58.186364,59.1,2.77,normal,0.84,4.8,4.2,0.3,0.6,0,3.61,2.64,0
V04024,tanker,226.7,36.6,12.1,194505,4897,2023-09-14 17:37:21.684516,2023-09-14 19:14:33.684516,2023-09-15 16:26:33.684516,21.2,1.62,normal,0.73,16.2,8.0,1.7,0.4,0,5.03,5.06,0
V02017,container,217.3,36.3,12.9,178210,871,2023-09-16 03:14:36.888386,2023-09-16 05:25:24.888386,2023-09-16 23:07:24.888386,17.7,2.18,low,0.66,10.7,4.7,1.0,0.6,0,2.08,2.32,0
V05495,tanker,145.1,20.3,10.8,115432,4701,2023-09-16 03:51:29.966915,2023-09-16 05:52:05.966915,2023-09-17 13:46:05.966915,31.9,2.01,normal,0.65,16.7,7.6,1.6,0.4,0,2.01,2.26,0
V03752,container,249.7,40.1,13.4,216656,2087,2023-09-16 04:09:14.966022,2023-09-16 06:34:26.966022,2023-09-16 21:58:26.966022,15.4,2.42,normal,0.97,11.4,7.7,1.3,0.9,0,2.08,3.23,0
V04018,container,335.5,56.6,11.4,238456,1100,2023-09-16 11:47:21.692906,2023-09-16 13:46:45.692906,2023-09-17 01:10:45.692906,11.4,1.99,normal,0.63,12.3,8.2,1.0,0.1,0,6.73,6.43,1
V01323,general,218.8,34.5,5.8,93257,4910,2023-09-16 14:23:16.633925,2023-09-16 17:36:28.633925,2023-09-17 07:00:28.633925,13.4,3.22,normal,0.59,22.9,6.3,2.3,0.1,1,3.06,6.89,0
V03481,container,260.2,35.5,13.0,254058,771,2023-09-16 20:48:31.198762,2023-09-16 22:38:19.198762,2023-09-17 16:02:19.198762,17.4,1.83,high,0.81,13.3,6.1,1.5,1.0,0,7.18,4.94,1
V03393,container,374.2,55.7,14.2,344649,1502,2023-09-17 05:50:30.963221,2023-09-17 09:54:06.963221,2023-09-18 05:00:06.963221,19.1,4.06,normal,0.94,28.0,10.3,3.1,0.1,1,2.67,2.87,0
V03140,tanker,309.8,52.5,12.1,227238,3669,2023-09-17 06:19:44.339771,2023-09-17 08:19:08.339771,2023-09-18 20:37:08.339771,36.3,1.99,normal,0.58,4.8,5.9,0.4,0.8,0,3.2,5.82,0
V02788,roro,151.8,25.5,6.9,72508,2378,2023-09-17 09:07:36.636975,2023-09-17 10:56:48.636975,2023-09-17 23:14:48.636975,12.3,1.82,low,0.72,14.5,7.0,1.1,0.0,0,7.1,1.33,1
V03081,tanker,278.5,43.0,9.7,187453,4536,2023-09-17 23:56:47.061391,2023-09-18 02:45:59.061391,2023-09-19 09:45:59.061391,31.0,2.82,normal,0.81,22.5,7.7,2.6,0.3,1,7.73,5.88,1
V01378,tanker,199.6,29.6,10.5,160034,4685,2023-09-18 11:28:31.722636,2023-09-18 14:45:55.722636,2023-09-20 11:33:55.722636,44.8,3.29,high,0.91,21.5,9.1,2.1,1.0,1,8.0,0.0,1
V05763,container,225.6,37.0,9.5,164367,1579,2023-09-18 13:33:24.514116,2023-09-18 17:05:12.514116,2023-09-19 02:23:12.514116,9.3,3.53,normal,0.88,32.5,5.9,3.6,0.0,1,6.51,2.57,1
V02623,tanker,184.5,30.6,9.5,126195,3640,2023-09-18 19:34:15.541485,2023-09-18 22:58:51.541485,2023-09-21 06:28:51.541485,55.5,3.41,high,0.9,29.9,7.1,2.9,0.5,1,3.25,5.1,0
V05464,container,168.0,22.3,11.8,145146,4101,2023-09-18 21:28:55.563071,2023-09-18 23:10:19.563071,2023-09-19 10:10:19.563071,11.0,1.69,high,0.58,18.7,9.2,1.7,0.2,0,6.02,2.98,1
V05650,container,317.2,41.7,8.2,201334,3111,2023-09-18 21:30:36.782926,2023-09-18 23:13:48.782926,2023-09-19 19:49:48.782926,20.6,1.72,normal,0.72,7.9,4.8,0.2,1.0,0,6.06,2.59,1
V01168,general,206.9,32.5,5.1,64405,2970,2023-09-19 01:29:03.973264,2023-09-19 02:50:39.973264,2023-09-19 12:14:39.973264,9.4,1.36,high,0.98,8.2,10.1,0.6,0.2,0,7.08,1.59,1
V01659,tanker,206.2,33.0,10.0,128960,967,2023-09-19 12:01:11.813616,2023-09-19 13:18:35.813616,2023-09-20 20:36:35.813616,31.3,1.29,normal,0.97,9.5,8.9,0.6,0.2,0,7.97,5.56,1
V05321,container,276.4,44.1,10.2,173543,4630,2023-09-19 19:28:46.097952,2023-09-19 23:02:22.097952,2023-09-20 14:08:22.097952,15.1,3.56,normal,0.76,30.8,7.3,3.1,0.7,1,2.36,0.24,0
V04402,container,225.9,32.0,14.4,236514,1116,2023-09-20 00:22:34.204895,2023-09-20 03:42:58.204895,2023-09-20 14:48:58.204895,11.1,3.34,normal,0.82,24.5,6.7,2.4,0.0,1,7.96,3.79,1
V04449,container,265.9,44.6,11.9,205406,2477,2023-09-20 12:32:01.404408,2023-09-20 14:37:25.404408,2023-09-21 03:25:25.404408,12.8,2.09,low,0.92,12.2,8.6,1.2,1.1,0,7.88,5.17,1
V01551,roro,196.8,32.9,8.1,120668,1400,2023-09-20 14:21:44.053010,2023-09-20 17:27:08.053010,2023-09-20 22:27:08.053010,5.0,3.09,normal,0.75,20.1,6.0,2.3,0.5,1,7.41,3.63,1
V05990,bulk,257.6,39.2,9.4,172437,2801,2023-09-20 16:35:13.878281,2023-09-20 18:48:25.878281,2023-09-21 09:18:25.878281,14.5,2.22,normal,0.95,15.7,6.6,1.8,0.8,0,4.42,4.54,0
V02123,tanker,282.3,41.5,13.6,252887,3378,2023-09-20 17:15:41.423563,2023-09-20 21:03:41.423563,2023-09-22 15:45:41.423563,42.7,3.8,normal,0.75,31.0,4.5,2.7,0.3,1,3.46,5.86,0
V02988,tanker,163.7,25.1,12.6,149018,1877,2023-09-20 22:49:10.779111,2023-09-21 01:16:10.779111,2023-09-22 00:28:10.779111,23.2,2.45,normal,0.42,8.6,4.1,0.8,0.2,0,5.63,4.15,1
V03286,container,323.8,54.0,10.6,232548,1174,2023-09-21 01:50:24.092995,2023-09-21 04:42:00.092995,2023-09-22 01:48:00.092995,21.1,2.86,normal,0.74,29.3,4.5,2.9,0.1,1,7.96,3.25,1
V05570,tanker,250.8,41.6,13.1,226639,2265,2023-09-21 03:45:12.495075,2023-09-21 05:49:24.495075,2023-09-22 08:19:24.495075,26.5,2.07,normal,0.69,12.4,10.7,0.7,0.6,0,6.25,1.4,1
V01931,bulk,246.7,34.8,10.4,161409,3228,2023-09-21 11:16:59.042761,2023-09-21 14:04:59.042761,2023-09-23 00:46:59.042761,34.7,2.8,high,0.91,9.6,7.6,1.0,0.3,0,5.73,2.01,1
V04476,roro,140.0,19.3,6.4,62641,3565,2023-09-21 11:37:54.278495,2023-09-21 13:28:18.278495,2023-09-21 21:40:18.278495,8.2,1.84,normal,0.81,18.7,9.1,2.3,0.3,0,6.23,3.52,1
V04252,tanker,164.9,24.7,12.0,133942,4495,2023-09-21 14:36:47.122717,2023-09-21 16:37:59.122717,2023-09-23 03:01:59.122717,34.4,2.02,normal,0.78,15.0,9.0,2.1,1.1,0,7.81,2.27,1
V05580,tanker,178.0,29.3,13.1,153334,2488,2023-09-21 15:16:08.411624,2023-09-21 17:19:08.411624,2023-09-22 09:25:08.411624,16.1,2.05,normal,0.77,11.6,9.0,1.3,0.6,0,7.31,1.36,1
V02319,roro,168.0,28.0,10.7,116979,2308,2023-09-21 16:50:13.897756,2023-09-21 18:52:37.897756,2023-09-22 01:52:37.897756,7.0,2.04,high,0.87,19.2,12.0,1.6,0.1,0,5.25,2.98,0
V01695,bulk,197.9,27.4,9.7,144191,2531,2023-09-21 16:58:38.459063,2023-09-21 21:16:38.459063,2023-09-23 04:10:38.459063,30.9,4.3,normal,0.58,20.2,7.9,2.1,0.7,1,5.03,3.65,0
V03769,bulk,284.2,44.1,10.1,196071,4014,2023-09-21 19:31:53.055708,2023-09-21 23:36:41.055708,2023-09-23 11:12:41.055708,35.6,4.08,normal,0.58,25.5,6.5,3.1,0.1,1,2.12,3.19,0
V04348,general,192.0,25.0,8.5,97988,4899,2023-09-21 22:43:07.966292,2023-09-22 00:53:19.966292,2023-09-22 10:41:19.966292,9.8,2.17,normal,0.81,9.2,8.7,0.7,0.4,0,4.28,3.62,0
V02185,container,189.3,30.1,14.9,172014,3667,2023-09-22 04:23:21.992027,2023-09-22 06:02:21.992027,2023-09-23 00:56:21.992027,18.9,1.65,low,0.7,3.5,6.1,0.0,0.1,0,6.47,3.01,1
V01994,bulk,123.6,19.7,9.0,80360,1039,2023-09-22 07:12:00.716415,2023-09-22 09:55:12.716415,2023-09-23 14:25:12.716415,28.5,2.72,high,0.61,8.7,6.6,0.7,0.5,0,2.63,1.96,0
V01771,bulk,264.1,39.2,8.1,128937,2668,2023-09-22 08:34:46.381526,2023-09-22 11:25:46.381526,2023-09-23 06:19:46.381526,18.9,2.85,low,0.94,16.6,10.5,1.8,0.1,0,2.0,3.56,0
V05349,container,323.7,45.1,13.8,324834,2202,2023-09-22 12:46:54.177604,2023-09-22 14:20:30.177604,2023-09-23 03:38:30.177604,13.3,1.56,low,0.7,12.6,9.5,1.3,0.5,0,6.69,3.35,1
V02744,roro,247.4,37.8,8.3,157494,1497,2023-09-22 18:38:17.630935,2023-09-22 21:31:41.630935,2023-09-23 08:37:41.630935,11.1,2.89,normal,0.66,25.4,6.8,2.8,0.9,1,3.76,5.82,0
V05760,container,264.1,38.2,14.3,282193,3304,2023-09-22 20:06:02.466876,2023-09-22 22:23:26.466876,2023-09-23 18:05:26.466876,19.7,2.29,normal,0.69,3.4,8.0,0.5,0.7,0,2.24,3.27,0
V02711,container,265.3,34.7,14.7,249557,2518,2023-09-22 21:39:18.538729,2023-09-22 23:51:18.538729,2023-09-23 13:57:18.538729,14.1,2.2,normal,0.69,7.3,8.8,0.8,1.6,0,2.22,5.23,0
V02279,general,97.9,15.1,7.2,51823,3631,2023-09-23 03:16:11.420603,2023-09-23 06:56:23.420603,2023-09-23 22:32:23.420603,15.6,3.67,normal,0.91,23.8,10.2,2.7,0.1,1,7.99,5.27,1
V05742,tanker,227.3,33.0,12.1,214495,3158,2023-09-23 04:47:18.965115,2023-09-23 08:35:54.965115,2023-09-24 03:29:54.965115,18.9,3.81,normal,0.77,22.2,8.4,2.8,0.8,1,6.97,1.5,1
V04763,bulk,143.8,19.4,10.3,91022,4000,2023-09-23 11:08:08.711652,2023-09-23 14:27:56.711652,2023-09-25 00:45:56.711652,34.3,3.33,normal,0.92,26.1,10.3,2.1,1.6,1,3.21,3.05,0
V02178,tanker,321.6,52.7,11.8,251966,2471,2023-09-23 11:11:53.963499,2023-09-23 12:48:29.963499,2023-09-23 22:36:29.963499,9.8,1.61,normal,0.94,15.1,10.3,1.1,0.5,0,3.28,1.03,0
V05767,general,108.4,14.9,9.7,67240,556,2023-09-23 18:31:17.950590,2023-09-23 20:13:17.950590,2023-09-24 23:37:17.950590,27.4,1.7,normal,0.85,16.6,6.9,1.8,0.1,0,5.12,2.29,0
V02554,container,299.2,48.6,11.0,257959,3202,2023-09-23 23:48:14.447465,2023-09-24 01:43:26.447465,2023-09-25 11:19:26.447465,33.6,1.92,normal,0.83,20.0,12.8,2.3,1.4,0,3.55,5.09,0
V01191,container,171.8,24.6,15.0,193181,4130,2023-09-24 11:44:20.551135,2023-09-24 14:02:56.551135,2023-09-25 13:20:56.551135,23.3,2.31,normal,0.91,8.9,7.1,0.7,0.0,0,2.98,0.38,0
V01645,container,242.6,35.4,10.4,189789,2671,2023-09-24 13:16:30.254218,2023-09-24 15:17:42.254218,2023-09-24 23:05:42.254218,7.8,2.02,normal,0.73,15.9,8.2,2.0,0.3,0,5.11,1.84,0
V04761,bulk,265.0,39.8,9.8,178019,1897,2023-09-24 16:46:01.382917,2023-09-24 18:46:37.382917,2023-09-25 08:28:37.382917,13.7,2.01,high,0.83,9.7,9.1,1.0,0.7,0,7.92,1.7,1
V02125,bulk,219.4,30.2,12.7,217659,741,2023-09-24 18:07:15.516060,2023-09-24 20:37:51.516060,2023-09-25 11:25:51.516060,14.8,2.51,normal,1.0,8.1,5.6,1.1,0.6,0,6.81,2.99,1
V01496,bulk,116.8,15.8,13.0,93301,4453,2023-09-24 20:57:42.552835,2023-09-24 22:44:30.552835,2023-09-26 10:38:30.552835,35.9,1.78,normal,0.49,6.3,5.6,0.3,0.2,0,2.87,4.38,0
V05506,tanker,279.3,40.6,10.7,180724,3423,2023-09-24 21:21:45.600546,2023-09-25 00:34:57.600546,2023-09-25 21:04:57.600546,20.5,3.22,normal,0.5,29.3,4.6,3.2,0.6,1,2.48,1.98,0
V05271,container,218.0,34.8,9.1,145719,1109,2023-09-25 16:18:35.120515,2023-09-25 18:27:35.120515,2023-09-26 15:15:35.120515,20.8,2.15,normal,0.64,16.6,6.2,1.3,0.1,0,7.76,1.57,1
V04403,general,95.5,12.9,6.3,46880,945,2023-09-25 21:14:13.311749,2023-09-25 23:50:49.311749,2023-09-26 18:26:49.311749,18.6,2.61,normal,0.55,27.0,10.1,2.3,1.6,1,3.5,4.38,0
V01582,tanker,142.4,21.0,13.1,114626,4038,2023-09-26 06:29:19.748649,2023-09-26 08:43:43.748649,2023-09-26 23:13:43.748649,14.5,2.24,normal,0.92,15.0,9.4,1.4,1.3,0,7.63,0.25,1
V01415,container,357.2,55.5,12.7,281214,3219,2023-09-27 03:31:52.500148,2023-09-27 05:26:28.500148,2023-09-27 12:32:28.500148,7.1,1.91,low,0.76,0.0,9.0,0.0,0.5,0,5.5,3.54,1
V04081,roro,212.4,31.4,7.2,104769,941,2023-09-27 07:58:40.997887,2023-09-27 09:21:28.997887,2023-09-27 19:33:28.997887,10.2,1.38,normal,0.74,14.8,9.4,1.3,0.4,0,6.98,2.08,1
V04545,tanker,310.5,49.3,13.4,317753,514,2023-09-27 14:43:17.834577,2023-09-27 16:46:53.834577,2023-09-28 19:16:53.834577,26.5,2.06,normal,0.77,16.8,6.9,2.1,0.6,0,3.71,2.97,0
V04646,bulk,125.5,17.8,8.7,70617,4794,2023-09-27 21:30:15.880668,2023-09-28 01:34:27.880668,2023-09-29 02:28:27.880668,24.9,4.07,high,0.65,23.7,12.6,2.4,0.0,1,5.45,3.33,0
V03004,tanker,290.7,47.2,10.7,215550,955,2023-09-27 23:35:39.874661,2023-09-28 03:32:39.874661,2023-09-29 00:50:39.874661,21.3,3.95,normal,0.47,26.5,8.9,2.7,0.5,1,2.63,5.09,0
V02767,tanker,206.3,27.9,12.7,191441,4219,2023-09-27 23:47:34.028069,2023-09-28 01:47:34.028069,2023-09-28 15:11:34.028069,13.4,2.0,normal,0.96,18.5,9.5,1.6,0.2,0,2.46,3.61,0
V04738,bulk,172.0,23.2,11.4,138542,4345,2023-09-28 02:49:43.122082,2023-09-28 05:24:31.122082,2023-09-28 23:54:31.122082,18.5,2.58,normal,0.63,10.4,9.9,1.4,0.2,0,3.32,1.11,0
V02646,roro,134.9,21.1,6.3,63573,1774,2023-09-28 03:40:43.562496,2023-09-28 05:11:55.562496,2023-09-28 12:53:55.562496,7.7,1.52,normal,0.82,17.9,5.8,1.7,0.8,0,4.51,2.77,0
V03392,tanker,260.3,40.5,11.2,192690,2486,2023-09-28 06:09:37.016703,2023-09-28 08:16:13.016703,2023-09-28 18:46:13.016703,10.5,2.11,normal,0.82,8.9,7.3,0.3,0.4,0,7.67,4.94,1
V02874,tanker,152.5,25.7,13.3,144695,3570,2023-09-28 06:29:50.329569,2023-09-28 09:55:02.329569,2023-09-29 03:19:02.329569,17.4,3.42,normal,0.71,24.9,11.2,2.5,0.4,1,7.86,2.06,1
V04526,roro,203.7,32.6,6.6,92125,4965,2023-09-28 07:06:43.043739,2023-09-28 10:15:43.043739,2023-09-28 22:45:43.043739,12.5,3.15,normal,0.47,34.9,11.6,3.4,0.8,1,8.0,3.55,1
V02079,bulk,267.9,42.6,11.6,248434,1667,2023-09-28 17:18:04.967877,2023-09-28 20:03:40.967877,2023-09-29 10:57:40.967877,14.9,2.76,normal,0.65,19.9,10.9,2.1,0.2,0,6.32,0.72,1
V04866,general,138.6,21.3,6.9,72363,3369,2023-09-28 18:09:08.991465,2023-09-28 20:19:56.991465,2023-09-29 08:13:56.991465,11.9,2.18,normal,0.79,7.2,13.6,1.3,0.2,0,7.33,5.77,1
V04332,roro,238.2,34.9,6.2,103691,2111,2023-09-29 05:14:14.965245,2023-09-29 06:55:02.965245,2023-09-29 16:43:02.965245,9.8,1.68,normal,0.57,11.9,6.6,0.7,0.5,0,5.66,2.85,1
V03127,container,159.5,21.0,9.2,101797,3140,2023-09-29 20:48:30.804720,2023-09-30 00:11:18.804720,2023-10-01 03:11:18.804720,27.0,3.38,normal,0.86,28.4,7.5,3.0,0.6,1,7.9,2.98,1
V05941,container,296.1,47.2,13.4,251719,2950,2023-09-30 06:15:11.506251,2023-09-30 09:21:11.506251,2023-10-01 06:21:11.506251,21.0,3.1,high,0.49,33.2,8.9,3.4,1.1,1,5.97,2.0,1
V02430,tanker,262.9,39.4,12.2,225766,3360,2023-09-30 19:26:41.191159,2023-09-30 23:28:29.191159,2023-10-02 06:04:29.191159,30.6,4.03,normal,0.72,27.5,5.3,2.8,0.1,1,7.01,0.22,1
V04161,general,84.4,14.0,9.3,54101,845,2023-10-01 04:27:12.628903,2023-10-01 05:08:00.628903,2023-10-01 15:44:00.628903,10.6,0.68,normal,0.76,15.4,12.8,1.6,1.1,0,2.5,4.05,0
V01846,container,326.0,54.2,13.2,258922,1475,2023-10-01 09:24:37.344095,2023-10-01 12:54:01.344095,2023-10-02 11:00:01.344095,22.1,3.49,low,0.8,24.8,10.4,3.2,0.0,1,8.0,4.67,1
V01472,bulk,190.9,24.8,8.3,102721,2794,2023-10-01 17:59:19.948194,2023-10-01 19:44:55.948194,2023-10-02 12:26:55.948194,16.7,1.76,normal,0.97,0.0,5.4,0.1,0.0,0,3.8,3.47,0
V02373,bulk,230.5,32.2,8.8,141507,1473,2023-10-02 05:15:00.506424,2023-10-02 09:01:48.506424,2023-10-03 11:55:48.506424,26.9,3.78,normal,0.77,21.8,7.6,2.0,1.1,1,2.5,3.69,0
V05198,bulk,151.0,24.0,10.7,126559,825,2023-10-02 18:29:44.869537,2023-10-02 20:28:32.869537,2023-10-04 05:46:32.869537,33.3,1.98,normal,0.72,11.2,6.2,0.9,0.1,0,3.41,4.74,0
V02732,roro,236.7,32.8,9.9,174826,955,2023-10-02 18:49:25.678414,2023-10-02 21:27:49.678414,2023-10-03 12:51:49.678414,15.4,2.64,normal,0.98,29.8,8.2,2.7,0.0,1,3.85,3.01,0
V01176,bulk,153.8,25.5,9.2,103758,4043,2023-10-02 23:19:02.454331,2023-10-03 00:50:50.454331,2023-10-05 09:20:50.454331,56.5,1.53,normal,0.64,11.0,9.3,1.7,0.3,0,7.85,2.04,1
V04230,container,306.9,47.0,13.6,294086,1826,2023-10-02 23:48:22.319765,2023-10-03 01:14:46.319765,2023-10-03 20:44:46.319765,19.5,1.44,normal,0.63,19.6,11.8,2.0,0.2,0,7.54,4.16,1
V03935,container,275.8,39.5,12.5,228616,771,2023-10-03 11:40:19.556639,2023-10-03 13:24:07.556639,2023-10-04 00:42:07.556639,11.3,1.73,normal,0.74,7.8,8.5,0.9,0.7,0,7.87,4.76,1
V05826,container,377.2,63.0,14.9,411652,2764,2023-10-03 15:35:36.387760,2023-10-03 18:24:12.387760,2023-10-04 06:18:12.387760,11.9,2.81,normal,0.74,26.1,8.3,2.9,0.1,1,3.05,0.27,0
V01810,container,354.5,47.3,15.0,410750,2257,2023-10-03 16:25:31.201544,2023-10-03 17:56:07.201544,2023-10-04 19:20:07.201544,25.4,1.51,high,0.64,17.4,7.0,1.7,0.3,0,2.29,2.09,0
V05417,tanker,218.5,34.8,13.7,232996,2640,2023-10-03 19:12:27.046872,2023-10-03 21:27:27.046872,2023-10-04 11:51:27.046872,14.4,2.25,normal,0.93,17.3,7.2,2.1,1.0,0,3.3,1.96,0
V02379,container,157.7,23.2,10.4,100432,4167,2023-10-03 20:28:51.835942,2023-10-03 23:10:15.835942,2023-10-05 05:46:15.835942,30.6,2.69,low,0.86,22.3,7.1,2.0,0.1,1,5.12,2.7,0
V02195,bulk,228.0,38.7,12.0,210040,3009,2023-10-04 09:46:55.984753,2023-10-04 12:41:31.984753,2023-10-06 19:59:31.984753,55.3,2.91,low,0.66,21.7,5.6,1.9,1.7,1,6.43,6.06,1
V02316,container,285.1,42.5,14.3,314526,4673,2023-10-04 13:33:47.924251,2023-10-04 14:53:35.924251,2023-10-06 16:11:35.924251,49.3,1.33,low,0.73,11.5,4.0,1.2,0.6,0,7.0,1.46,1
V05396,container,278.3,42.3,13.8,294810,3251,2023-10-05 01:13:31.071369,2023-10-05 02:39:55.071369,2023-10-06 11:03:55.071369,32.4,1.44,normal,0.84,17.3,11.3,1.6,0.0,0,7.68,4.91,1
V04084,general,110.4,18.0,8.8,74461,4031,2023-10-05 06:24:17.152332,2023-10-05 07:29:41.152332,2023-10-05 22:47:41.152332,15.3,1.09,normal,0.59,1.7,5.6,0.5,0.2,0,2.0,4.29,0
V05591,container,372.0,54.9,12.7,350771,1421,2023-10-05 15:40:54.003814,2023-10-05 17:07:54.003814,2023-10-06 07:49:54.003814,14.7,1.45,normal,0.86,11.6,6.7,1.4,0.3,0,5.18,3.79,0
V01942,container,174.5,26.8,11.8,124740,3080,2023-10-06 03:40:46.942703,2023-10-06 05:58:10.942703,2023-10-07 03:58:10.942703,22.0,2.29,normal,0.86,23.1,8.1,2.5,0.7,1,5.78,5.03,1
V02504,general,86.8,13.5,8.0,50030,3425,2023-10-06 10:50:43.337421,2023-10-06 11:55:31.337421,2023-10-06 21:37:31.337421,9.7,1.08,normal,0.92,19.6,8.8,2.4,0.0,0,5.67,4.65,1
V02979,bulk,151.5,23.0,8.4,78143,835,2023-10-06 14:31:18.806119,2023-10-06 18:18:42.806119,2023-10-08 11:42:42.806119,41.4,3.79,normal,0.81,23.4,7.8,2.4,1.5,1,7.61,4.68,1
V01109,container,233.3,30.6,10.3,145342,4243,2023-10-06 14:34:43.692451,2023-10-06 16:18:31.692451,2023-10-07 00:36:31.692451,8.3,1.73,normal,0.83,18.1,4.1,1.8,0.2,0,7.56,1.93,1
V04389,roro,141.2,20.8,9.2,89247,3413,2023-10-07 07:26:27.467895,2023-10-07 08:31:15.467895,2023-10-08 02:01:15.467895,17.5,1.08,normal,1.0,12.3,11.9,1.4,0.3,0,2.17,3.15,0
V02981,container,157.0,22.1,10.3,122536,2182,2023-10-07 07:47:30.875963,2023-10-07 09:21:42.875963,2023-10-08 04:51:42.875963,19.5,1.57,normal,0.84,12.4,5.1,1.4,0.6,0,2.04,0.63,0
V01715,roro,212.2,32.5,9.3,137667,1340,2023-10-07 13:33:20.304497,2023-10-07 14:37:32.304497,2023-10-07 23:55:32.304497,9.3,1.07,normal,0.9,14.8,8.5,1.6,0.1,0,7.79,3.92,1
V05490,bulk,110.1,15.0,10.5,77253,3121,2023-10-07 13:50:39.863046,2023-10-07 15:41:03.863046,2023-10-08 17:47:03.863046,26.1,1.84,normal,0.75,5.5,7.0,0.3,0.6,0,7.92,1.11,1
V04667,tanker,203.5,34.4,13.9,213238,1453,2023-10-08 01:51:39.076389,2023-10-08 03:35:27.076389,2023-10-09 03:11:27.076389,23.6,1.73,low,0.68,11.3,11.9,1.1,0.0,0,7.73,8.25,1
V05545,tanker,142.3,21.2,12.4,122797,3756,2023-10-08 02:33:06.321076,2023-10-08 04:08:30.321076,2023-10-09 01:38:30.321076,21.5,1.59,normal,0.99,4.7,7.0,0.5,0.2,0,7.99,4.16,1
V04562,general,159.2,22.0,5.1,64351,3671,2023-10-08 19:01:55.165690,2023-10-08 20:44:31.165690,2023-10-09 18:20:31.165690,21.6,1.71,high,0.63,27.2,3.9,2.5,1.0,1,3.77,0.04,0
V02964,container,363.3,49.7,11.0,300740,1486,2023-10-09 05:04:42.344464,2023-10-09 06:59:54.344464,2023-10-10 02:29:54.344464,19.5,1.92,normal,0.6,8.0,9.1,0.8,0.6,0,7.09,3.62,1
V03375,container,225.8,33.7,12.4,204973,3926,2023-10-09 09:56:22.135565,2023-10-09 11:25:46.135565,2023-10-10 03:43:46.135565,16.3,1.49,normal,0.66,19.6,7.6,1.9,1.5,0,2.02,1.09,0
V04666,tanker,289.4,46.4,11.9,218298,1045,2023-10-09 16:31:27.956664,2023-10-09 18:42:51.956664,2023-10-10 17:42:51.956664,23.0,2.19,normal,0.63,14.4,4.1,1.1,0.9,0,7.85,3.12,1
V05694,tanker,170.0,26.4,9.8,113059,2420,2023-10-10 01:17:35.044650,2023-10-10 02:36:47.044650,2023-10-11 11:18:47.044650,32.7,1.32,normal,0.66,0.0,8.3,0.1,0.0,0,5.14,1.42,0
V01945,bulk,185.5,28.3,12.8,154524,1535,2023-10-10 03:28:44.129204,2023-10-10 06:58:44.129204,2023-10-11 15:28:44.129204,32.5,3.5,normal,0.72,20.9,12.4,2.3,0.0,1,7.74,1.8,1
V05150,bulk,267.1,42.2,12.3,198765,3187,2023-10-11 02:50:44.938051,2023-10-11 08:02:44.938051,2023-10-12 09:50:44.938051,25.8,5.2,normal,0.87,27.4,2.8,2.3,0.0,2,6.25,2.2,1
V03304,container,186.1,26.2,13.5,185145,938,2023-10-11 10:21:31.391707,2023-10-11 11:49:43.391707,2023-10-12 06:37:43.391707,18.8,1.47,normal,0.94,0.0,9.5,0.4,0.0,0,2.33,1.59,0
V05496,container,196.4,31.4,12.5,173190,1940,2023-10-11 18:45:12.295720,2023-10-11 20:06:48.295720,2023-10-13 21:18:48.295720,49.2,1.36,normal,0.59,19.5,7.4,1.9,0.5,0,7.42,2.94,1
V05797,container,328.6,54.5,11.6,272076,1239,2023-10-12 02:40:44.713606,2023-10-12 03:59:56.713606,2023-10-13 06:05:56.713606,26.1,1.32,high,0.84,17.0,8.1,1.6,0.2,0,4.82,2.87,0
V02359,container,193.7,25.6,13.0,175277,1167,2023-10-12 03:06:03.878775,2023-10-12 05:36:03.878775,2023-10-12 23:24:03.878775,17.8,2.5,normal,0.77,29.5,6.8,2.7,0.4,1,5.46,1.58,0
V02291,general,165.0,26.7,8.1,105559,2195,2023-10-12 05:33:08.539669,2023-10-12 07:08:32.539669,2023-10-13 11:44:32.539669,28.6,1.59,normal,0.89,10.5,7.9,1.0,0.3,0,7.95,2.84,1
V04163,tanker,237.3,39.3,12.1,222138,1171,2023-10-12 22:36:18.076170,2023-10-13 00:18:18.076170,2023-10-14 19:24:18.076170,43.1,1.7,normal,0.71,5.5,11.7,1.2,0.2,0,3.28,1.86,0
V03192,tanker,168.3,25.1,13.0,157980,915,2023-10-12 23:18:30.365583,2023-10-13 00:55:42.365583,2023-10-14 02:43:42.365583,25.8,1.62,normal,0.9,11.5,7.2,1.8,0.5,0,2.53,5.37,0
V02485,container,304.0,48.5,9.0,199489,4871,2023-10-13 05:43:24.963653,2023-10-13 07:28:24.963653,2023-10-14 01:58:24.963653,18.5,1.75,high,0.78,15.0,8.6,2.0,0.0,0,7.64,1.02,1
V02412,roro,171.6,27.6,9.9,118832,4080,2023-10-13 08:50:58.947951,2023-10-13 10:01:46.947951,2023-10-13 18:01:46.947951,8.0,1.18,low,0.97,14.1,8.9,1.8,0.4,0,6.39,6.08,1
V02990,general,118.4,15.9,9.4,71399,4867,2023-10-13 10:12:24.033902,2023-10-13 11:05:48.033902,2023-10-13 22:53:48.033902,11.8,0.89,low,0.43,18.6,12.9,1.4,1.6,0,4.39,0.6,0
V05547,bulk,150.4,24.7,8.6,78452,1681,2023-10-13 20:55:49.837554,2023-10-13 23:22:13.837554,2023-10-14 13:16:13.837554,13.9,2.44,normal,0.69,12.3,5.1,1.8,0.7,0,6.8,3.76,1
V03275,general,88.4,12.8,6.2,34895,2954,2023-10-13 22:59:36.596934,2023-10-14 00:03:48.596934,2023-10-14 09:45:48.596934,9.7,1.07,normal,0.41,1.2,7.1,0.0,0.4,0,3.83,6.3,0
V02050,general,184.9,26.3,7.9,109430,1431,2023-10-14 08:08:32.341179,2023-10-14 11:03:08.341179,2023-10-15 05:09:08.341179,18.1,2.91,normal,0.68,21.7,7.4,2.2,0.1,1,7.84,1.13,1
V05602,bulk,260.9,42.4,7.4,153318,2433,2023-10-14 10:44:22.543939,2023-10-14 12:26:22.543939,2023-10-15 11:32:22.543939,23.1,1.7,normal,1.0,16.4,5.9,1.3,0.2,0,4.79,0.6,0
V02191,container,197.9,31.4,9.9,141309,4306,2023-10-14 10:53:15.673599,2023-10-14 13:15:27.673599,2023-10-15 04:21:27.673599,15.1,2.37,normal,0.74,21.1,7.1,2.0,0.8,1,4.56,3.39,0
V04799,general,179.9,23.4,9.9,138362,3261,2023-10-14 18:19:59.517871,2023-10-14 19:47:35.517871,2023-10-15 11:11:35.517871,15.4,1.46,low,0.8,16.9,7.4,1.4,0.9,0,7.1,5.69,1
V04465,roro,197.6,30.0,8.9,109152,2424,2023-10-14 19:14:45.707083,2023-10-14 21:12:57.707083,2023-10-15 06:30:57.707083,9.3,1.97,high,0.5,26.3,4.9,2.9,1.2,1,7.84,1.26,1
V04357,tanker,135.9,22.0,12.3,128107,687,2023-10-14 23:30:29.110423,2023-10-15 01:43:41.110423,2023-10-15 23:37:41.110423,21.9,2.22,normal,0.57,24.7,8.9,2.6,0.3,1,4.24,3.01,0
V02138,tanker,165.9,26.6,12.3,137040,4106,2023-10-15 03:02:06.320637,2023-10-15 04:33:54.320637,2023-10-16 13:21:54.320637,32.8,1.53,normal,0.74,11.2,7.7,0.9,2.1,0,2.33,0.94,0
V01755,container,226.8,29.7,11.3,158483,3587,2023-10-15 13:20:42.488890,2023-10-15 16:05:42.488890,2023-10-16 08:41:42.488890,16.6,2.75,normal,1.0,25.6,7.2,2.5,0.7,1,2.5,3.67,0
V05113,container,258.5,39.5,9.0,140660,1353,2023-10-15 16:35:14.401419,2023-10-15 17:50:50.401419,2023-10-16 15:44:50.401419,21.9,1.26,normal,0.55,8.9,9.5,1.1,0.3,0,3.53,1.19,0
V01981,bulk,267.7,40.7,8.1,161424,4568,2023-10-15 17:28:09.505812,2023-10-15 19:04:45.505812,2023-10-16 11:28:45.505812,16.4,1.61,normal,0.73,17.2,9.7,1.0,0.6,0,4.8,3.96,0
V02687,roro,130.1,20.5,9.8,83278,3503,2023-10-16 03:22:51.076206,2023-10-16 04:33:03.076206,2023-10-16 12:33:03.076206,8.0,1.17,high,0.63,19.9,9.3,2.0,0.2,0,2.09,4.55,0
V05074,container,367.1,48.6,9.0,218338,619,2023-10-16 08:04:04.831850,2023-10-16 09:46:04.831850,2023-10-17 04:16:04.831850,18.5,1.7,normal,0.72,13.5,7.2,0.9,0.2,0,7.6,5.29,1
V02655,tanker,258.4,41.2,13.3,220715,2601,2023-10-16 12:52:07.648512,2023-10-16 14:39:31.648512,2023-10-17 07:21:31.648512,16.7,1.79,normal,0.9,17.3,8.3,2.0,1.7,0,4.0,0.26,0
V02857,container,326.2,54.6,14.4,291975,3012,2023-10-16 20:54:03.334404,2023-10-16 22:38:27.334404,2023-10-17 14:20:27.334404,15.7,1.74,normal,0.87,18.3,5.8,1.9,1.0,0,7.86,0.19,1
V04544,general,215.7,34.5,5.5,85318,569,2023-10-17 05:18:52.702181,2023-10-17 07:52:28.702181,2023-10-18 02:22:28.702181,18.5,2.56,low,0.41,24.2,6.1,2.4,1.5,1,2.95,0.66,0
V04131,container,229.5,36.4,10.2,167429,3247,2023-10-17 05:52:30.097566,2023-10-17 07:08:42.097566,2023-10-18 06:50:42.097566,23.7,1.27,high,0.63,17.7,10.0,1.9,0.1,0,3.64,3.57,0
V02101,container,248.5,37.6,12.9,193530,4791,2023-10-17 11:05:10.768455,2023-10-17 11:53:10.768455,2023-10-18 17:35:10.768455,29.7,0.8,normal,0.69,13.2,9.0,1.4,0.6,0,7.47,5.19,1
V01860,roro,159.8,26.4,7.6,74065,1114,2023-10-17 11:12:54.528895,2023-10-17 12:20:42.528895,2023-10-17 21:56:42.528895,9.6,1.13,high,1.0,16.9,5.1,1.6,0.6,0,7.36,4.94,1
V02026,container,174.0,28.0,12.8,155945,2137,2023-10-17 19:55:21.460465,2023-10-17 21:07:57.460465,2023-10-18 05:19:57.460465,8.2,1.21,normal,1.0,7.4,6.6,0.5,0.5,0,6.07,3.06,1
V04873,roro,227.3,33.9,8.3,118210,3065,2023-10-17 20:27:42.642567,2023-10-17 21:41:30.642567,2023-10-18 10:29:30.642567,12.8,1.23,normal,1.0,12.4,7.0,1.6,0.4,0,6.79,3.55,1
V02657,container,375.0,61.1,11.2,316566,3712,2023-10-17 20:53:10.045471,2023-10-17 22:18:58.045471,2023-10-18 21:30:58.045471,23.2,1.43,normal,1.0,7.7,9.4,0.5,0.9,0,7.26,5.22,1
V01386,container,202.2,33.6,14.5,221727,587,2023-10-18 22:00:36.870957,2023-10-18 23:27:00.870957,2023-10-20 03:21:00.870957,27.9,1.44,normal,0.8,5.2,8.5,0.0,0.6,0,7.55,3.61,1
V04137,tanker,256.3,37.5,11.9,215906,4421,2023-10-19 02:00:45.265462,2023-10-19 03:31:57.265462,2023-10-20 09:25:57.265462,29.9,1.52,normal,0.49,20.0,8.6,2.4,0.3,0,5.28,4.19,0
V03786,container,151.2,24.2,10.8,124844,2974,2023-10-19 11:03:10.713206,2023-10-19 12:30:46.713206,2023-10-20 02:36:46.713206,14.1,1.46,normal,0.54,18.1,5.0,1.8,0.6,0,7.92,1.87,1
V05163,bulk,289.0,47.9,9.0,197741,2594,2023-10-19 16:00:54.917830,2023-10-19 19:44:42.917830,2023-10-20 03:38:42.917830,7.9,3.73,normal,0.67,25.8,7.6,2.8,0.4,1,3.03,3.25,0
V04369,tanker,144.0,24.5,10.3,101856,2115,2023-10-20 00:10:15.683195,2023-10-20 02:09:39.683195,2023-10-20 18:27:39.683195,16.3,1.99,normal,0.54,5.3,7.9,0.4,0.3,0,7.97,6.12,1
V03997,general,87.2,14.7,7.1,38642,2301,2023-10-20 09:16:25.371096,2023-10-20 10:28:25.371096,2023-10-20 20:52:25.371096,10.4,1.2,normal,0.83,11.7,6.8,1.7,1.1,0,5.11,4.26,0
V01991,container,333.2,55.0,12.5,315277,1005,2023-10-20 15:40:52.932245,2023-10-20 18:38:28.932245,2023-10-21 11:26:28.932245,16.8,2.96,normal,0.61,27.5,6.5,2.9,0.3,1,4.57,0.34,0
V01570,tanker,328.6,50.9,10.2,231961,678,2023-10-20 19:26:28.581203,2023-10-20 22:25:52.581203,2023-10-22 02:43:52.581203,28.3,2.99,normal,0.86,32.4,6.6,3.2,0.4,1,2.33,4.36,0
V01689,tanker,201.7,34.2,11.4,147801,2380,2023-10-21 14:39:37.912169,2023-10-21 17:25:13.912169,2023-10-22 08:49:13.912169,15.4,2.76,high,0.47,24.9,6.0,2.4,0.9,1,7.11,0.05,1
V02525,bulk,134.3,21.6,10.6,94309,616,2023-10-21 16:49:47.685474,2023-10-21 19:58:47.685474,2023-10-22 15:28:47.685474,19.5,3.15,normal,0.67,22.4,5.5,2.1,2.7,1,4.06,5.71,0
V04495,bulk,122.4,16.1,9.1,79768,1954,2023-10-21 19:08:03.295146,2023-10-21 22:15:15.295146,2023-10-22 13:33:15.295146,15.3,3.12,normal,0.73,26.5,3.8,3.4,0.5,1,2.01,5.63,0
V01905,tanker,201.5,32.9,11.1,155502,4945,2023-10-21 19:53:17.419010,2023-10-21 23:16:41.419010,2023-10-22 10:46:41.419010,11.5,3.39,normal,0.54,32.8,6.0,3.4,0.0,1,2.13,7.38,0
V01930,roro,130.2,18.7,8.6,78960,1545,2023-10-21 22:22:10.339187,2023-10-21 23:28:10.339187,2023-10-22 09:52:10.339187,10.4,1.1,normal,0.8,12.3,5.5,1.6,0.2,0,4.95,2.92,0
V03656,bulk,179.0,30.2,7.6,86375,3349,2023-10-22 00:41:04.388382,2023-10-22 02:24:52.388382,2023-10-23 04:54:52.388382,26.5,1.73,low,0.48,12.7,7.2,1.4,0.6,0,7.75,4.3,1
V03796,general,162.2,24.8,7.2,81019,1138,2023-10-22 04:49:22.850874,2023-10-22 06:29:34.850874,2023-10-22 21:53:34.850874,15.4,1.67,normal,0.58,30.4,10.1,3.6,0.2,1,4.66,3.28,0
V04074,container,240.0,36.4,10.0,182574,4449,2023-10-22 11:53:44.102790,2023-10-22 14:48:56.102790,2023-10-23 07:54:56.102790,17.1,2.92,low,0.8,31.3,7.8,3.0,0.4,1,6.58,3.84,1
V05183,container,377.3,52.4,14.6,426928,1702,2023-10-22 19:34:19.236988,2023-10-22 21:31:19.236988,2023-10-23 09:31:19.236988,12.0,1.95,normal,1.0,28.5,8.3,3.5,0.3,1,2.11,1.3,0
V03336,roro,125.4,17.1,8.6,74280,1401,2023-10-22 23:38:16.247822,2023-10-23 01:17:16.247822,2023-10-23 09:29:16.247822,8.2,1.65,normal,0.64,22.5,4.1,2.3,1.2,1,5.66,4.75,1
V04489,bulk,156.1,25.2,7.5,71150,766,2023-10-23 02:33:04.665114,2023-10-23 05:45:40.665114,2023-10-23 23:21:40.665114,17.6,3.21,normal,0.83,21.9,4.2,1.9,2.9,1,7.98,4.85,1
V03820,tanker,133.6,20.0,12.1,112702,1948,2023-10-23 04:25:37.243271,2023-10-23 05:37:01.243271,2023-10-24 01:31:01.243271,19.9,1.19,normal,0.61,16.1,4.7,1.3,0.6,0,6.42,5.86,1
V01229,tanker,240.8,34.0,11.1,201459,1518,2023-10-23 10:47:06.564592,2023-10-23 12:14:06.564592,2023-10-25 03:32:06.564592,39.3,1.45,high,0.79,8.6,9.1,1.1,0.6,0,3.8,1.02,0
V03914,container,377.2,53.9,13.5,342036,3732,2023-10-23 14:45:18.759044,2023-10-23 16:09:54.759044,2023-10-24 09:57:54.759044,17.8,1.41,normal,0.69,14.7,9.4,1.7,0.9,0,8.0,0.59,1
V01107,tanker,289.0,47.1,10.3,208265,847,2023-10-23 19:39:21.161357,2023-10-23 21:32:09.161357,2023-10-25 16:02:09.161357,42.5,1.88,normal,0.58,15.6,6.7,1.8,0.9,0,2.58,2.61,0
V02608,roro,244.6,34.4,10.1,149335,4251,2023-10-24 04:28:41.599764,2023-10-24 05:46:41.599764,2023-10-24 11:40:41.599764,5.9,1.3,normal,0.84,18.4,8.6,1.7,0.8,0,7.3,5.73,1
V04529,bulk,135.8,18.4,11.4,113571,4805,2023-10-24 12:04:21.819465,2023-10-24 14:05:33.819465,2023-10-25 08:17:33.819465,18.2,2.02,normal,1.0,5.7,7.3,0.6,1.1,0,4.5,0.68,0
V02213,tanker,236.4,39.2,10.8,157343,2598,2023-10-25 01:32:20.448511,2023-10-25 03:58:44.448511,2023-10-25 12:10:44.448511,8.2,2.44,normal,0.55,24.1,8.7,2.2,0.6,1,6.1,4.97,1
V03010,container,265.3,42.3,12.2,258372,1670,2023-10-25 04:28:31.723580,2023-10-25 06:00:19.723580,2023-10-25 17:24:19.723580,11.4,1.53,normal,0.65,6.7,8.1,0.9,2.2,0,7.87,4.47,1
V03214,tanker,219.6,34.3,13.3,220912,1020,2023-10-25 04:46:35.136105,2023-10-25 06:24:59.136105,2023-10-26 06:06:59.136105,23.7,1.64,normal,0.71,9.8,10.9,1.2,0.1,0,7.71,4.12,1
V04089,bulk,291.0,38.8,12.8,245676,534,2023-10-25 05:54:31.160680,2023-10-25 09:10:07.160680,2023-10-25 21:34:07.160680,12.4,3.26,normal,0.63,31.4,5.8,2.7,0.4,1,6.58,2.22,1
V04101,container,368.5,59.6,11.6,301412,4698,2023-10-25 10:52:10.147510,2023-10-25 12:13:46.147510,2023-10-26 00:55:46.147510,12.7,1.36,normal,0.73,18.2,5.3,1.6,0.0,0,2.23,5.64,0
V01245,container,293.9,40.4,12.0,215811,3220,2023-10-25 13:45:09.170083,2023-10-25 15:07:21.170083,2023-10-26 13:49:21.170083,22.7,1.37,normal,0.69,18.1,10.8,1.9,0.2,0,5.83,2.17,1
V03348,tanker,265.5,38.7,13.8,260622,3646,2023-10-25 16:13:13.261133,2023-10-25 19:44:25.261133,2023-10-26 05:50:25.261133,10.1,3.52,normal,0.53,28.2,10.6,2.8,0.5,1,8.0,3.76,1
V05476,bulk,208.5,28.9,11.2,156059,1627,2023-10-25 18:15:43.229643,2023-10-25 20:10:55.229643,2023-10-26 18:40:55.229643,22.5,1.92,normal,0.59,13.0,3.6,1.2,1.2,0,6.64,1.7,1
V04312,container,345.9,57.8,9.2,194835,1796,2023-10-25 19:26:00.745773,2023-10-25 21:01:24.745773,2023-10-27 01:07:24.745773,28.1,1.59,normal,0.83,18.6,4.8,1.4,1.2,0,4.95,5.38,0
V03135,tanker,309.5,50.9,11.8,258693,3196,2023-10-27 11:17:51.583906,2023-10-27 13:08:15.583906,2023-10-28 08:08:15.583906,19.0,1.84,normal,0.68,7.9,7.2,1.2,0.5,0,2.06,1.81,0
V02108,general,184.9,30.4,6.0,74164,4759,2023-10-27 12:16:22.838468,2023-10-27 13:43:58.838468,2023-10-28 03:37:58.838468,13.9,1.46,normal,0.75,10.7,4.7,1.0,0.9,0,2.13,0.18,0
V03563,tanker,292.8,42.9,13.1,278919,963,2023-10-27 15:33:26.077657,2023-10-27 17:32:14.077657,2023-10-29 05:56:14.077657,36.4,1.98,low,0.42,16.7,5.8,2.0,1.4,0,6.12,0.9,1
V03272,container,160.2,22.5,8.2,83814,2927,2023-10-27 15:57:06.921833,2023-10-27 17:44:30.921833,2023-10-28 01:56:30.921833,8.2,1.79,normal,0.56,13.0,7.6,1.3,0.1,0,6.65,4.6,1
V05422,tanker,263.0,37.3,11.2,230944,4220,2023-10-27 20:06:13.589087,2023-10-27 21:25:25.589087,2023-10-28 17:25:25.589087,20.0,1.32,high,0.62,15.7,9.3,1.3,0.4,0,6.32,3.59,1
V01563,bulk,273.1,42.5,7.2,147983,3918,2023-10-27 22:58:05.124962,2023-10-28 00:46:41.124962,2023-10-28 20:16:41.124962,19.5,1.81,high,0.71,19.7,8.7,1.3,1.6,0,2.48,2.09,0
V02360,container,242.5,34.8,10.9,188080,2057,2023-10-28 05:59:16.925234,2023-10-28 07:14:16.925234,2023-10-29 13:56:16.925234,30.7,1.25,normal,0.61,14.0,8.4,1.7,0.4,0,7.96,7.13,1
V03950,bulk,168.6,25.7,10.9,136675,4736,2023-10-28 18:57:07.121328,2023-10-28 22:57:07.121328,2023-10-29 17:03:07.121328,18.1,4.0,normal,0.82,25.1,7.0,2.4,0.9,1,7.98,1.76,1
V03209,container,350.1,49.6,12.3,285176,2596,2023-10-29 01:08:17.184261,2023-10-29 02:38:53.184261,2023-10-29 15:08:53.184261,12.5,1.51,low,0.72,16.5,7.2,1.1,0.1,0,2.02,3.08,0
V05887,general,164.3,23.9,8.1,86211,2068,2023-10-29 04:13:53.919076,2023-10-29 07:12:41.919076,2023-10-29 20:24:41.919076,13.2,2.98,normal,0.85,25.3,5.4,2.6,0.3,1,5.35,2.27,0
V03231,roro,139.2,18.8,7.3,70840,933,2023-10-29 05:51:07.985729,2023-10-29 07:13:55.985729,2023-10-29 22:25:55.985729,15.2,1.38,normal,0.79,15.9,4.1,1.5,1.9,0,7.42,4.43,1
V04153,container,260.2,34.2,13.7,226938,4805,2023-10-29 07:23:32.168354,2023-10-29 09:03:08.168354,2023-10-30 04:21:08.168354,19.3,1.66,low,0.48,2.4,6.6,0.2,1.5,0,7.97,4.55,1
V01457,roro,156.0,20.7,9.4,99605,4837,2023-10-29 09:15:41.287003,2023-10-29 10:37:53.287003,2023-10-29 18:07:53.287003,7.5,1.37,normal,0.82,2.6,8.3,0.7,0.1,0,6.37,2.54,1
V05337,container,374.2,54.4,9.8,233055,4228,2023-10-29 21:07:07.351477,2023-10-29 23:11:19.351477,2023-10-30 14:23:19.351477,15.2,2.07,normal,1.0,24.9,5.5,2.7,0.5,1,7.05,3.07,1
V01504,general,117.0,17.3,7.6,53559,3006,2023-10-30 01:39:17.588940,2023-10-30 04:40:29.588940,2023-10-31 01:28:29.588940,20.8,3.02,normal,0.61,30.8,8.6,3.2,0.0,1,2.0,2.74,0
V02467,roro,137.3,20.7,7.2,74159,2513,2023-10-30 08:20:22.740841,2023-10-30 09:27:34.740841,2023-10-31 00:33:34.740841,15.1,1.12,normal,0.71,11.0,11.8,1.2,0.6,0,7.93,5.88,1
V01631,container,294.4,44.3,9.3,193248,4443,2023-10-30 14:44:49.211339,2023-10-30 16:13:37.211339,2023-10-31 08:19:37.211339,16.1,1.48,normal,0.83,2.9,7.0,0.3,0.2,0,2.16,1.7,0
V04414,container,239.2,35.1,14.3,235408,806,2023-10-30 15:12:21.928931,2023-10-30 16:21:21.928931,2023-10-31 15:33:21.928931,23.2,1.15,normal,0.74,18.2,6.0,1.5,0.5,0,2.46,0.03,0
V05920,bulk,260.7,36.4,10.7,201470,1736,2023-10-30 19:11:42.852099,2023-10-30 21:57:18.852099,2023-11-01 16:27:18.852099,42.5,2.76,normal,0.75,21.1,5.4,1.8,0.8,1,7.54,2.78,1
V04069,container,252.4,37.7,14.0,242782,2869,2023-10-31 01:29:48.206281,2023-10-31 03:35:48.206281,2023-10-31 22:41:48.206281,19.1,2.1,high,0.62,19.4,2.9,1.9,0.1,1,2.38,4.7,0
V04844,bulk,235.4,39.5,12.0,178039,3318,2023-10-31 15:27:10.941360,2023-10-31 17:21:10.941360,2023-11-02 05:45:10.941360,36.4,1.9,normal,0.62,18.9,8.1,1.7,0.5,0,2.12,2.46,0
V01737,tanker,280.0,36.9,10.3,173148,2078,2023-10-31 18:28:13.610637,2023-10-31 20:09:01.610637,2023-11-01 16:33:01.610637,20.4,1.68,normal,0.61,15.6,7.3,1.2,1.5,0,5.71,3.2,1
V02237,tanker,185.7,30.2,9.2,106911,3748,2023-10-31 20:24:27.375365,2023-10-31 22:35:15.375365,2023-11-02 13:35:15.375365,39.0,2.18,low,0.84,15.3,6.2,1.6,0.0,0,7.82,2.62,1
V04754,tanker,149.3,22.6,13.9,128775,2364,2023-10-31 22:56:49.338452,2023-11-01 00:53:13.338452,2023-11-01 19:47:13.338452,18.9,1.94,normal,1.0,11.2,5.6,1.0,0.2,0,6.78,1.74,1
V03540,general,173.3,23.5,6.6,86796,1958,2023-10-31 23:26:42.098532,2023-11-01 00:41:42.098532,2023-11-01 14:59:42.098532,14.3,1.25,normal,0.69,14.1,8.9,0.9,0.1,0,6.12,5.87,1
V02167,container,373.0,54.2,14.4,377641,2598,2023-10-31 23:48:45.002827,2023-11-01 00:50:33.002827,2023-11-01 13:38:33.002827,12.8,1.03,normal,0.75,19.8,9.0,1.5,0.2,0,5.59,5.18,1
V01302,bulk,254.4,37.0,8.0,136235,2443,2023-11-01 10:03:31.414285,2023-11-01 13:57:31.414285,2023-11-02 13:09:31.414285,23.2,3.9,normal,0.85,29.1,8.3,2.7,0.3,1,7.88,0.43,1
V01464,tanker,191.9,25.5,9.5,130856,2843,2023-11-01 14:05:05.026058,2023-11-01 16:25:29.026058,2023-11-02 13:01:29.026058,20.6,2.34,normal,0.87,30.6,3.9,2.9,0.0,1,2.95,2.61,0
V02745,tanker,128.0,21.3,10.5,92032,4823,2023-11-01 16:33:01.635331,2023-11-01 19:33:37.635331,2023-11-02 07:33:37.635331,12.0,3.01,normal,0.79,25.1,9.0,2.8,0.3,1,2.27,1.48,0
V03742,general,92.6,13.0,5.8,41836,4752,2023-11-01 16:35:56.564483,2023-11-01 18:28:08.564483,2023-11-02 12:28:08.564483,18.0,1.87,high,1.0,15.3,4.6,0.9,1.1,0,2.31,3.3,0
V01407,tanker,270.1,45.0,13.7,292039,1601,2023-11-01 18:18:40.161518,2023-11-01 19:55:16.161518,2023-11-02 16:07:16.161518,20.2,1.61,normal,0.76,13.8,6.1,1.4,1.4,0,4.26,1.79,0
V03186,roro,210.9,30.0,9.6,157448,4761,2023-11-01 19:15:21.024664,2023-11-01 21:11:09.024664,2023-11-02 16:29:09.024664,19.3,1.93,normal,0.72,26.6,5.7,2.8,0.4,1,5.69,6.53,1
V01965,tanker,279.9,43.8,12.9,232227,2319,2023-11-01 20:28:19.795945,2023-11-01 22:07:55.795945,2023-11-02 12:25:55.795945,14.3,1.66,normal,0.8,17.6,6.0,1.3,0.2,0,7.25,0.56,1
V02954,general,115.7,16.0,8.7,71373,2451,2023-11-02 01:29:54.150476,2023-11-02 02:36:30.150476,2023-11-02 11:42:30.150476,9.1,1.11,normal,1.0,18.4,10.4,2.0,0.5,0,4.25,2.63,0
V01590,container,271.6,38.5,12.1,199486,668,2023-11-02 07:43:41.810175,2023-11-02 08:43:41.810175,2023-11-03 11:49:41.810175,27.1,1.0,low,0.89,12.0,4.6,0.9,0.4,0,5.79,0.83,1
V03766,general,86.4,13.2,8.0,44330,3409,2023-11-02 11:13:38.052403,2023-11-02 12:22:38.052403,2023-11-03 14:10:38.052403,25.8,1.15,normal,0.92,19.5,7.3,2.3,3.7,0,7.67,2.85,1
V05727,bulk,246.4,39.5,7.3,138753,1761,2023-11-02 13:54:04.439146,2023-11-02 15:36:40.439146,2023-11-03 11:06:40.439146,19.5,1.71,normal,0.48,12.1,7.0,1.6,1.2,0,4.25,0.34,0
V05653,tanker,233.5,30.9,13.2,221896,2864,2023-11-02 20:05:23.699623,2023-11-02 21:50:23.699623,2023-11-03 14:20:23.699623,16.5,1.75,normal,0.92,9.6,8.1,1.4,0.9,0,5.74,4.12,1
V01725,container,266.5,36.9,14.1,257503,4728,2023-11-03 07:32:25.093384,2023-11-03 09:33:01.093384,2023-11-04 03:33:01.093384,18.0,2.01,normal,0.95,1.7,5.7,0.3,0.3,0,4.31,2.6,0
V05807,container,316.9,43.3,13.9,329848,2971,2023-11-03 09:38:21.064470,2023-11-03 12:04:09.064470,2023-11-04 04:16:09.064470,16.2,2.43,normal,0.75,22.0,7.9,2.3,0.0,1,7.21,4.43,1
V05647,general,177.5,29.4,5.5,62471,2150,2023-11-03 14:12:45.223598,2023-11-03 15:54:09.223598,2023-11-04 07:06:09.223598,15.2,1.69,normal,0.6,9.4,4.5,0.9,0.4,0,4.98,0.25,0
V05190,tanker,281.3,39.7,13.1,232718,1405,2023-11-03 21:02:45.488235,2023-11-03 22:24:57.488235,2023-11-04 19:18:57.488235,20.9,1.37,normal,0.43,16.6,6.4,1.8,0.1,0,5.96,3.28,1
V01654,tanker,221.2,37.5,11.0,185951,2457,2023-11-04 00:21:22.100865,2023-11-04 02:59:46.100865,2023-11-04 16:41:46.100865,13.7,2.64,high,0.47,24.4,7.0,2.8,0.3,1,7.72,4.07,1
V03180,bulk,134.4,21.2,9.0,82869,2328,2023-11-04 04:08:15.015751,2023-11-04 06:48:27.015751,2023-11-05 05:42:27.015751,22.9,2.67,normal,0.51,33.2,4.6,3.0,0.1,1,2.89,1.94,0
V04996,general,114.3,15.7,5.9,45323,3421,2023-11-04 21:49:04.241472,2023-11-04 23:51:28.241472,2023-11-05 08:57:28.241472,9.1,2.04,normal,0.93,22.2,7.3,2.4,0.1,1,5.92,6.38,1
V04922,container,288.8,37.8,14.1,285419,4921,2023-11-05 00:26:56.261431,2023-11-05 01:55:44.261431,2023-11-05 17:25:44.261431,15.5,1.48,normal,0.75,13.8,9.8,1.1,0.5,0,7.99,0.5,1
V01299,roro,244.3,36.2,8.5,136167,4815,2023-11-05 12:01:59.287823,2023-11-05 13:06:47.287823,2023-11-06 02:30:47.287823,13.4,1.08,normal,0.77,18.9,5.4,1.4,0.2,0,7.83,1.75,1
V02670,roro,118.6,15.7,8.5,66962,3293,2023-11-05 18:13:36.039014,2023-11-05 20:21:24.039014,2023-11-06 08:33:24.039014,12.2,2.13,normal,0.99,22.9,9.4,2.2,0.2,1,2.17,3.09,0
V03429,general,143.0,18.9,7.3,81925,4311,2023-11-05 19:19:44.264773,2023-11-05 21:48:32.264773,2023-11-06 08:12:32.264773,10.4,2.48,normal,0.82,28.2,6.5,3.3,0.2,1,2.07,4.01,0
V04752,container,348.0,46.0,14.6,378447,963,2023-11-05 19:24:24.901962,2023-11-05 21:08:12.901962,2023-11-06 11:14:12.901962,14.1,1.73,normal,0.96,10.9,5.7,0.5,0.5,0,2.1,3.64,0
V03123,bulk,117.4,17.3,7.1,58034,4202,2023-11-05 19:43:12.353579,2023-11-05 21:26:24.353579,2023-11-06 12:56:24.353579,15.5,1.72,low,0.85,4.1,6.3,0.4,0.4,0,2.26,1.69,0
V04947,tanker,213.9,32.8,11.2,156316,596,2023-11-06 00:03:52.695532,2023-11-06 03:02:40.695532,2023-11-07 08:02:40.695532,29.0,2.98,normal,0.81,26.7,10.8,3.0,0.4,1,7.6,3.48,1
V01390,container,242.7,38.3,12.5,220744,1943,2023-11-06 00:43:22.575060,2023-11-06 02:09:46.575060,2023-11-06 19:03:46.575060,16.9,1.44,normal,0.75,10.1,3.6,0.4,0.9,0,7.95,3.78,1
V05893,bulk,162.7,25.4,9.3,100682,2615,2023-11-06 00:43:42.311635,2023-11-06 02:40:42.311635,2023-11-07 04:40:42.311635,26.0,1.95,high,0.74,10.7,9.2,1.2,0.8,0,7.95,0.85,1
V01883,tanker,172.6,23.1,10.9,121401,4540,2023-11-06 06:57:21.301912,2023-11-06 08:19:33.301912,2023-11-06 21:07:33.301912,12.8,1.37,normal,0.62,18.8,8.9,2.1,0.0,0,2.05,6.92,0
V01019,tanker,129.5,20.1,10.9,98897,4354,2023-11-06 08:32:26.076524,2023-11-06 10:08:26.076524,2023-11-06 22:02:26.076524,11.9,1.6,normal,0.77,9.1,8.5,0.9,0.0,0,2.57,4.32,0
V01057,container,155.6,20.4,14.1,170019,2880,2023-11-06 08:53:04.507551,2023-11-06 10:35:40.507551,2023-11-07 06:47:40.507551,20.2,1.71,normal,0.68,12.9,10.4,1.4,0.4,0,2.92,5.91,0
V03060,roro,120.2,17.1,7.8,72757,1649,2023-11-06 11:16:12.349549,2023-11-06 12:36:36.349549,2023-11-06 19:30:36.349549,6.9,1.34,low,0.57,13.9,6.2,0.8,0.0,0,6.28,2.47,1
V05524,bulk,259.4,42.0,10.6,212002,4605,2023-11-06 11:33:32.864098,2023-11-06 13:05:56.864098,2023-11-07 05:29:56.864098,16.4,1.54,normal,0.58,19.9,7.5,1.8,0.7,0,6.66,3.22,1
V03105,container,220.2,33.7,12.5,212977,4061,2023-11-06 17:02:21.107967,2023-11-06 18:34:09.107967,2023-11-07 08:04:09.107967,13.5,1.53,normal,0.48,17.7,8.5,1.8,0.7,0,4.34,3.0,0
V03701,container,267.1,40.4,10.7,189794,3066,2023-11-06 22:35:04.794848,2023-11-06 23:37:28.794848,2023-11-07 12:49:28.794848,13.2,1.04,normal,0.57,15.3,6.2,1.2,0.2,0,4.67,6.59,0
V02999,container,217.9,33.0,10.8,164096,3732,2023-11-06 23:57:04.486567,2023-11-07 02:35:28.486567,2023-11-07 12:41:28.486567,10.1,2.64,normal,0.69,24.3,7.5,2.4,0.3,1,6.65,4.7,1
V05778,general,112.3,18.7,5.9,49324,3703,2023-11-07 01:20:05.211448,2023-11-07 02:59:41.211448,2023-11-08 01:11:41.211448,22.2,1.66,normal,0.76,5.2,9.0,0.6,0.8,0,7.88,2.93,1
V04028,bulk,249.2,35.6,12.8,239132,1915,2023-11-07 03:11:07.947379,2023-11-07 06:17:07.947379,2023-11-08 04:17:07.947379,22.0,3.1,normal,0.94,26.4,10.6,3.1,0.4,1,7.39,2.8,1
V01855,container,168.4,26.0,8.0,90590,3885,2023-11-07 03:55:42.184244,2023-11-07 06:06:30.184244,2023-11-07 20:24:30.184244,14.3,2.18,normal,0.74,14.9,2.9,1.9,0.3,1,6.55,4.62,1
V04641,tanker,181.0,25.9,11.3,152898,1051,2023-11-07 04:14:04.742170,2023-11-07 06:14:04.742170,2023-11-07 17:02:04.742170,10.8,2.0,normal,0.94,11.7,8.6,1.3,0.2,0,6.13,3.9,1
V01918,container,245.0,36.4,11.4,221984,705,2023-11-07 10:30:45.150804,2023-11-07 13:46:21.150804,2023-11-08 08:34:21.150804,18.8,3.26,normal,0.66,21.6,7.0,1.9,0.4,1,3.98,2.41,0
V05431,general,179.3,28.7,9.6,128707,4372,2023-11-07 13:17:16.496102,2023-11-07 14:50:16.496102,2023-11-08 09:02:16.496102,18.2,1.55,high,0.9,8.6,8.6,0.7,0.1,0,7.61,1.13,1
V04615,tanker,122.5,20.0,10.8,96108,3269,2023-11-07 13:18:48.731266,2023-11-07 15:44:36.731266,2023-11-08 12:44:36.731266,21.0,2.43,high,1.0,22.0,5.0,2.1,0.9,1,7.63,3.12,1
V04258,container,367.0,49.6,10.9,243363,1982,2023-11-07 17:26:46.028767,2023-11-07 20:14:46.028767,2023-11-08 11:38:46.028767,15.4,2.8,normal,0.68,27.9,8.2,2.7,3.7,1,4.93,7.16,0
V03576,roro,226.1,38.1,10.7,166485,2696,2023-11-07 18:01:22.269550,2023-11-07 19:03:46.269550,2023-11-08 05:21:46.269550,10.3,1.04,normal,0.65,2.5,8.5,0.0,0.0,0,4.07,3.68,0
V04031,bulk,212.4,29.0,8.7,133304,711,2023-11-07 22:44:09.178233,2023-11-08 00:26:45.178233,2023-11-09 22:32:45.178233,46.1,1.71,high,0.92,13.1,5.2,1.2,0.3,0,3.73,1.85,0
V04026,roro,132.1,20.2,9.1,81543,4796,2023-11-08 04:54:26.633020,2023-11-08 05:56:50.633020,2023-11-08 13:26:50.633020,7.5,1.04,normal,0.49,14.9,5.1,1.6,1.6,0,6.31,6.17,1
V01403,general,94.6,15.7,9.8,60637,4202,2023-11-08 12:07:50.713703,2023-11-08 13:48:02.713703,2023-11-08 21:36:02.713703,7.8,1.67,normal,0.97,0.0,10.3,0.2,0.2,0,5.2,4.88,0
V03346,general,104.3,15.3,7.5,51565,4638,2023-11-08 17:17:57.478769,2023-11-08 19:55:09.478769,2023-11-09 05:37:09.478769,9.7,2.62,normal,0.7,24.2,9.2,2.3,0.2,1,6.32,4.25,1
V05648,tanker,138.9,19.2,10.7,104269,1259,2023-11-08 18:33:34.405329,2023-11-08 21:02:22.405329,2023-11-09 10:26:22.405329,13.4,2.48,high,0.58,36.6,11.0,4.2,0.3,1,4.46,0.32,0
V03845,tanker,134.6,21.0,11.1,110695,4519,2023-11-08 18:43:03.361780,2023-11-08 21:27:27.361780,2023-11-09 17:39:27.361780,20.2,2.74,low,0.69,28.8,10.9,2.7,0.2,1,4.22,3.69,0
V01024,container,169.3,22.5,12.9,166937,3678,2023-11-08 22:46:14.534225,2023-11-09 00:34:50.534225,2023-11-10 05:10:50.534225,28.6,1.81,normal,0.97,13.2,6.3,1.4,0.1,0,2.8,2.4,0
V04501,roro,128.9,21.8,7.0,64120,2675,2023-11-09 03:07:27.169761,2023-11-09 04:24:51.169761,2023-11-09 19:48:51.169761,15.4,1.29,normal,0.83,18.1,7.9,1.7,0.1,0,7.95,2.09,1
V05021,bulk,272.6,42.4,7.8,139190,2872,2023-11-09 07:30:39.020812,2023-11-09 09:31:15.020812,2023-11-10 00:31:15.020812,15.0,2.01,normal,0.91,18.9,7.5,2.2,0.4,0,3.66,5.31,0
V01236,container,155.9,23.0,10.0,112781,4325,2023-11-09 23:51:34.147491,2023-11-10 01:13:10.147491,2023-11-10 17:13:10.147491,16.0,1.36,normal,0.61,15.1,12.7,1.6,0.5,0,3.12,4.31,0
V02958,container,342.5,51.2,11.9,325006,1776,2023-11-10 06:40:46.310955,2023-11-10 07:58:46.310955,2023-11-11 23:34:46.310955,39.6,1.3,normal,0.51,19.4,6.9,1.9,1.0,0,6.07,5.4,1
V05771,bulk,183.8,28.5,7.9,109983,3949,2023-11-10 14:11:50.619466,2023-11-10 16:06:26.619466,2023-11-11 15:42:26.619466,23.6,1.91,normal,0.82,18.8,8.4,2.5,0.7,0,5.89,3.59,1
V02551,bulk,157.7,20.9,11.9,123118,676,2023-11-11 00:35:46.463249,2023-11-11 02:31:34.463249,2023-11-11 18:31:34.463249,16.0,1.93,normal,0.83,12.0,6.0,1.0,1.0,0,3.04,0.91,0
V03002,general,187.7,25.4,9.9,119764,2927,2023-11-11 22:53:51.045046,2023-11-12 00:10:39.045046,2023-11-12 07:34:39.045046,7.4,1.28,low,0.88,11.2,6.6,1.3,0.1,0,2.24,4.43,0
V04180,bulk,231.6,37.1,12.1,194676,1680,2023-11-12 01:41:54.752602,2023-11-12 03:37:42.752602,2023-11-13 11:01:42.752602,31.4,1.93,normal,0.95,16.7,6.5,1.8,0.5,0,3.41,0.65,0
V04311,bulk,242.4,32.9,9.1,142771,3576,2023-11-12 07:50:33.385254,2023-11-12 11:37:57.385254,2023-11-13 14:07:57.385254,26.5,3.79,low,0.68,38.8,4.7,3.6,0.2,1,6.66,6.18,1
V03038,tanker,275.3,40.8,11.4,237744,1369,2023-11-12 08:47:49.438387,2023-11-12 10:16:37.438387,2023-11-13 10:04:37.438387,23.8,1.48,normal,0.7,9.6,10.8,1.2,0.2,0,5.31,1.2,0
V04009,tanker,239.3,33.8,10.1,179263,4832,2023-11-12 10:53:01.998939,2023-11-12 12:54:13.998939,2023-11-13 05:12:13.998939,16.3,2.02,high,0.79,17.2,9.0,1.7,1.3,0,2.55,5.02,0
V05607,tanker,319.3,50.0,11.7,279352,2875,2023-11-12 14:13:20.019384,2023-11-12 16:53:32.019384,2023-11-14 02:05:32.019384,33.2,2.67,normal,0.89,29.8,4.7,2.6,0.0,1,3.57,2.19,0
V04680,container,249.9,42.5,10.0,196061,1164,2023-11-12 15:01:06.974445,2023-11-12 18:42:30.974445,2023-11-13 11:36:30.974445,16.9,3.69,normal,0.72,23.3,9.8,2.2,0.8,1,4.72,7.35,0
V04320,bulk,107.1,18.2,11.1,90550,3355,2023-11-12 20:09:57.235973,2023-11-12 22:06:57.235973,2023-11-13 11:06:57.235973,13.0,1.95,normal,0.5,15.6,5.8,1.2,1.3,0,6.76,7.01,1
V02132,general,171.2,23.8,7.1,74634,2910,2023-11-12 21:32:13.157217,2023-11-12 23:04:37.157217,2023-11-13 19:40:37.157217,20.6,1.54,normal,0.88,12.9,6.1,1.1,0.0,0,4.79,4.02,0
V01031,general,212.9,35.6,5.7,84756,1662,2023-11-13 04:26:18.535159,2023-11-13 07:16:42.535159,2023-11-14 07:10:42.535159,23.9,2.84,normal,0.8,20.1,7.5,1.6,0.4,1,6.24,1.12,1
V04169,container,363.3,54.7,14.1,408690,1844,2023-11-13 05:54:37.311284,2023-11-13 08:16:49.311284,2023-11-14 10:58:49.311284,26.7,2.37,normal,0.78,23.3,7.6,2.3,0.4,1,7.76,0.64,1
V03743,bulk,242.0,33.8,13.0,223810,4293,2023-11-13 11:08:01.159130,2023-11-13 14:38:01.159130,2023-11-14 12:08:01.159130,21.5,3.5,normal,0.9,38.9,9.8,3.1,0.1,1,3.12,4.49,0
V04728,tanker,231.5,37.2,10.8,196117,2480,2023-11-13 17:05:49.394878,2023-11-13 19:13:01.394878,2023-11-14 07:49:01.394878,12.6,2.12,normal,0.85,14.5,8.9,1.0,2.7,0,6.58,2.28,1
V02107,container,292.9,38.3,9.9,206036,3103,2023-11-13 20:14:08.678203,2023-11-13 21:32:08.678203,2023-11-14 17:08:08.678203,19.6,1.3,normal,0.64,11.1,7.3,1.2,1.3,0,7.52,2.99,1
V03374,tanker,245.7,39.7,9.9,167041,2626,2023-11-13 21:02:59.535854,2023-11-13 22:44:59.535854,2023-11-15 12:56:59.535854,38.2,1.7,normal,0.57,9.2,8.3,1.2,0.3,0,6.65,4.67,1
V04835,container,208.4,28.9,14.3,192693,2795,2023-11-14 03:53:51.188023,2023-11-14 05:29:51.188023,2023-11-16 20:29:51.188023,63.0,1.6,normal,0.68,0.0,5.7,0.2,1.2,0,4.24,0.96,0
V03984,bulk,187.2,25.1,11.1,132532,650,2023-11-14 05:03:09.272369,2023-11-14 08:23:33.272369,2023-11-15 09:59:33.272369,25.6,3.34,normal,0.72,24.1,11.3,2.4,2.7,1,5.97,2.63,1
V05307,tanker,253.9,35.3,11.5,215696,2228,2023-11-14 09:28:36.306989,2023-11-14 10:52:36.306989,2023-11-16 08:22:36.306989,45.5,1.4,low,0.78,18.3,5.0,2.0,0.8,0,6.62,0.62,1
V03714,tanker,150.6,20.7,13.2,151053,1227,2023-11-14 13:29:59.619127,2023-11-14 16:19:11.619127,2023-11-15 07:43:11.619127,15.4,2.82,high,0.62,20.6,5.6,2.6,0.2,1,2.02,4.42,0
V01676,bulk,268.9,42.8,9.7,161484,2282,2023-11-14 17:47:06.884338,2023-11-14 19:13:30.884338,2023-11-15 14:55:30.884338,19.7,1.44,normal,1.0,10.9,10.0,1.1,0.8,0,6.44,0.95,1
V03263,container,315.7,45.5,11.0,264427,2777,2023-11-14 20:56:14.126386,2023-11-14 23:38:50.126386,2023-11-15 12:26:50.126386,12.8,2.71,normal,0.52,24.3,7.0,2.8,0.3,1,7.6,4.58,1
V03791,container,278.6,46.5,10.6,229499,3369,2023-11-14 23:42:15.399390,2023-11-15 02:02:39.399390,2023-11-16 03:32:39.399390,25.5,2.34,normal,0.44,22.4,10.1,2.4,0.0,1,3.95,3.42,0
V02118,tanker,187.6,28.5,13.1,190166,3935,2023-11-15 03:06:27.337332,2023-11-15 04:43:03.337332,2023-11-15 22:25:03.337332,17.7,1.61,normal,0.88,15.5,9.5,1.4,0.4,0,2.38,2.66,0
V01968,container,315.3,46.6,11.8,283489,1596,2023-11-15 04:16:36.564620,2023-11-15 07:05:12.564620,2023-11-16 02:17:12.564620,19.2,2.81,normal,0.84,25.0,9.5,2.9,1.0,1,3.65,1.58,0
V03998,container,365.0,51.5,11.4,280083,576,2023-11-15 06:05:14.246535,2023-11-15 07:32:14.246535,2023-11-15 20:50:14.246535,13.3,1.45,normal,0.69,12.2,7.0,1.1,0.0,0,6.3,0.5,1
V04943,container,290.8,39.9,8.0,173445,2346,2023-11-15 06:49:13.453661,2023-11-15 08:10:49.453661,2023-11-15 20:34:49.453661,12.4,1.36,normal,0.74,17.2,4.7,1.8,0.4,0,7.2,1.63,1
V05921,bulk,275.6,38.9,8.4,174723,760,2023-11-15 10:57:27.287806,2023-11-15 13:16:39.287806,2023-11-17 21:10:39.287806,55.9,2.32,normal,0.8,19.8,10.2,1.5,0.9,0,5.67,1.66,1
V04514,bulk,241.1,36.8,10.7,204153,4261,2023-11-15 11:50:57.761963,2023-11-15 15:23:57.761963,2023-11-17 00:35:57.761963,33.2,3.55,normal,0.81,35.3,9.3,3.3,0.2,1,4.32,2.64,0
V02904,bulk,242.5,35.2,12.9,216640,1238,2023-11-15 17:23:04.233798,2023-11-15 19:02:40.233798,2023-11-17 14:44:40.233798,43.7,1.66,normal,0.92,11.3,6.4,1.3,0.3,0,4.67,2.78,0
V03637,general,81.4,13.5,6.3,34750,3679,2023-11-15 20:40:03.471704,2023-11-15 22:44:51.471704,2023-11-16 18:08:51.471704,19.4,2.08,normal,0.81,20.3,5.9,2.4,0.0,1,8.0,0.84,1
V04189,bulk,104.5,15.4,12.4,93328,1376,2023-11-15 23:26:15.918438,2023-11-16 02:28:03.918438,2023-11-17 09:46:03.918438,31.3,3.03,normal,1.0,21.5,9.9,2.0,0.6,1,5.55,5.0,1
V04284,general,132.1,17.5,8.5,68196,1794,2023-11-16 05:48:06.912440,2023-11-16 08:09:42.912440,2023-11-16 23:15:42.912440,15.1,2.36,normal,0.75,29.2,9.4,2.9,0.4,1,4.7,2.16,0
V04670,bulk,131.3,21.7,9.6,87176,2042,2023-11-16 06:47:53.926175,2023-11-16 09:54:29.926175,2023-11-18 03:36:29.926175,41.7,3.11,normal,0.59,29.1,7.2,2.5,0.4,1,6.18,1.09,1
V03776,container,291.2,40.0,13.2,249559,1665,2023-11-16 08:48:12.099752,2023-11-16 11:36:12.099752,2023-11-17 04:42:12.099752,17.1,2.8,normal,0.64,22.1,11.1,2.3,0.3,1,7.97,5.49,1
V02321,tanker,210.6,32.8,9.1,139209,997,2023-11-16 09:20:53.472371,2023-11-16 11:22:41.472371,2023-11-17 07:16:41.472371,19.9,2.03,normal,0.83,23.8,7.4,1.7,0.1,1,7.98,4.35,1
V01346,roro,187.0,24.7,8.7,99661,1343,2023-11-16 11:24:21.616567,2023-11-16 13:39:21.616567,2023-11-16 21:15:21.616567,7.6,2.25,normal,0.55,20.3,7.0,1.8,0.2,1,6.17,2.15,1
V05237,tanker,155.9,21.9,9.8,99245,3878,2023-11-18 02:01:10.066878,2023-11-18 04:40:10.066878,2023-11-18 19:52:10.066878,15.2,2.65,normal,1.0,36.9,10.8,3.7,0.0,1,4.07,3.78,0
V01501,tanker,252.0,42.7,11.8,221967,3996,2023-11-18 07:52:43.363641,2023-11-18 10:05:19.363641,2023-11-19 21:23:19.363641,35.3,2.21,normal,1.0,14.5,8.4,0.6,0.1,0,5.42,0.25,0
V01338,container,334.8,56.6,13.7,321245,2547,2023-11-18 09:10:07.420901,2023-11-18 12:41:19.420901,2023-11-19 03:05:19.420901,14.4,3.52,normal,0.71,20.1,11.6,2.3,0.1,1,7.14,4.17,1
V04091,general,219.0,29.7,8.7,124900,1094,2023-11-18 16:48:12.034026,2023-11-18 18:21:12.034026,2023-11-19 06:15:12.034026,11.9,1.55,normal,0.86,18.4,5.6,2.0,1.4,0,2.0,2.92,0
V05248,bulk,141.7,19.0,12.2,116973,4337,2023-11-19 02:26:27.704677,2023-11-19 05:31:51.704677,2023-11-19 19:43:51.704677,14.2,3.09,normal,0.3,33.4,4.0,3.1,0.7,1,4.63,1.72,0
V05173,container,307.1,46.4,11.3,231298,4929,2023-11-19 03:25:16.133406,2023-11-19 04:48:04.133406,2023-11-19 15:54:04.133406,11.1,1.38,high,0.74,9.9,9.3,1.4,0.2,0,3.26,2.06,0
V03819,container,287.2,41.0,14.3,272179,1620,2023-11-19 11:06:47.878552,2023-11-19 12:21:11.878552,2023-11-20 07:39:11.878552,19.3,1.24,normal,0.79,4.1,7.7,0.9,0.8,0,7.94,2.2,1
V02294,general,197.5,26.7,6.3,79460,4869,2023-11-19 21:21:38.980544,2023-11-19 22:56:26.980544,2023-11-20 07:14:26.980544,8.3,1.58,normal,0.53,18.6,6.9,1.7,1.4,0,5.84,0.13,1
V05863,container,327.7,52.3,12.9,335268,3428,2023-11-20 02:13:48.343850,2023-11-20 05:06:36.343850,2023-11-20 19:42:36.343850,14.6,2.88,normal,0.81,21.8,7.6,1.9,0.1,1,6.14,2.15,1
V04642,general,164.1,22.5,9.1,97425,2498,2023-11-20 06:27:19.549842,2023-11-20 09:28:31.549842,2023-11-20 22:10:31.549842,12.7,3.02,normal,0.55,26.0,4.9,2.7,1.0,1,2.05,6.22,0
V02681,container,239.2,38.2,14.0,211282,3235,2023-11-20 14:38:25.455674,2023-11-20 16:05:25.455674,2023-11-21 16:41:25.455674,24.6,1.45,normal,0.53,11.0,8.1,0.6,0.4,0,6.13,1.79,1
V02016,tanker,274.1,40.4,13.5,234338,1935,2023-11-21 08:48:43.169589,2023-11-21 10:43:55.169589,2023-11-23 02:19:55.169589,39.6,1.92,normal,0.84,12.7,9.0,1.4,0.8,0,3.3,3.64,0
V01828,tanker,164.2,23.3,13.2,138139,2329,2023-11-21 09:01:52.122127,2023-11-21 12:25:52.122127,2023-11-21 22:19:52.122127,9.9,3.4,normal,0.5,20.9,8.6,2.1,2.1,1,3.59,4.01,0
V04124,general,97.1,13.0,7.9,50023,1457,2023-11-21 09:23:16.207163,2023-11-21 10:38:16.207163,2023-11-22 09:02:16.207163,22.4,1.25,normal,0.61,18.8,8.3,1.7,0.1,0,4.08,2.85,0
V02240,tanker,321.7,54.7,9.8,213886,3754,2023-11-21 22:19:20.562045,2023-11-22 02:00:08.562045,2023-11-22 18:24:08.562045,16.4,3.68,normal,0.51,38.8,5.9,4.8,0.1,1,4.88,0.75,0
V05947,bulk,219.9,36.8,10.1,157914,626,2023-11-22 05:10:49.617701,2023-11-22 07:07:13.617701,2023-11-23 12:37:13.617701,29.5,1.94,high,0.52,14.6,7.9,1.5,1.7,0,4.13,3.37,0
V04937,bulk,270.3,45.0,12.9,220970,2557,2023-11-22 05:57:10.552229,2023-11-22 10:15:10.552229,2023-11-23 15:39:10.552229,29.4,4.3,low,0.51,26.8,7.3,3.0,0.3,1,3.1,3.72,0
V01426,bulk,137.7,20.8,10.0,104944,3810,2023-11-22 11:52:15.474967,2023-11-22 14:09:39.474967,2023-11-23 07:45:39.474967,17.6,2.29,low,0.43,19.6,7.6,2.2,1.3,0,6.55,3.59,1
V02306,bulk,179.3,28.6,11.1,139723,4862,2023-11-22 22:26:51.117844,2023-11-23 02:19:39.117844,2023-11-24 01:19:39.117844,23.0,3.88,normal,0.66,21.3,8.0,2.2,0.4,1,3.88,4.35,0
V03484,bulk,238.5,33.9,10.0,150056,2035,2023-11-22 23:36:34.529491,2023-11-23 02:23:22.529491,2023-11-24 19:29:22.529491,41.1,2.78,normal,0.52,23.0,8.5,2.4,0.1,1,5.62,3.69,1
V05128,bulk,199.6,30.1,8.5,105551,2240,2023-11-23 03:46:02.670863,2023-11-23 05:17:50.670863,2023-11-25 06:41:50.670863,49.4,1.53,normal,0.68,13.3,10.9,1.3,0.1,0,7.21,0.55,1
V02441,bulk,210.7,30.0,8.5,130820,1177,2023-11-23 04:12:08.626990,2023-11-23 08:00:44.626990,2023-11-25 02:42:44.626990,42.7,3.81,normal,0.77,25.3,8.3,2.0,0.1,1,6.71,4.88,1
V05040,tanker,239.4,38.6,12.6,228522,4341,2023-11-23 05:08:36.345336,2023-11-23 06:55:24.345336,2023-11-24 14:13:24.345336,31.3,1.78,normal,0.67,10.3,7.3,0.8,0.9,0,5.39,1.79,0
V03412,tanker,163.3,27.3,10.1,123908,4704,2023-11-23 20:00:37.868439,2023-11-23 22:34:49.868439,2023-11-24 15:58:49.868439,17.4,2.57,normal,0.48,26.4,8.2,2.1,0.3,1,2.3,4.83,0
V05439,tanker,265.2,35.4,11.4,223797,1765,2023-11-25 00:58:09.732597,2023-11-25 02:08:57.732597,2023-11-25 14:38:57.732597,12.5,1.18,low,0.67,12.7,4.2,2.0,1.2,0,5.26,4.98,0
V05827,container,278.1,45.1,12.1,226249,3208,2023-11-25 01:45:25.031133,2023-11-25 03:06:25.031133,2023-11-25 16:54:25.031133,13.8,1.35,low,0.59,15.6,9.3,1.8,0.5,0,6.4,5.93,1
V02466,tanker,275.3,43.8,9.3,167579,3073,2023-11-25 04:22:04.904191,2023-11-25 05:56:52.904191,2023-11-26 07:44:52.904191,25.8,1.58,low,0.83,13.1,12.0,1.4,0.9,0,7.92,3.68,1
V01694,container,290.0,47.3,9.1,177101,1767,2023-11-25 06:02:50.283679,2023-11-25 07:29:14.283679,2023-11-25 16:47:14.283679,9.3,1.44,normal,0.7,6.5,8.6,0.7,0.8,0,6.39,2.41,1
V05904,container,267.9,38.8,13.0,237600,1239,2023-11-25 09:53:24.240738,2023-11-25 11:23:24.240738,2023-11-25 23:47:24.240738,12.4,1.5,normal,0.64,19.3,4.6,1.9,0.1,0,2.02,5.69,0
V01521,general,86.3,12.2,6.5,35295,1801,2023-11-25 10:41:23.696560,2023-11-25 12:20:23.696560,2023-11-26 02:44:23.696560,14.4,1.65,normal,0.8,18.8,3.7,1.6,0.7,0,2.13,0.62,0
V03178,bulk,233.8,31.5,7.2,104198,942,2023-11-25 11:09:05.075041,2023-11-25 12:59:29.075041,2023-11-26 15:17:29.075041,26.3,1.84,normal,0.69,3.5,10.5,0.4,0.0,0,2.42,2.27,0
V02686,roro,117.7,17.0,6.7,60504,2603,2023-11-25 12:49:36.266210,2023-11-25 13:45:24.266210,2023-11-26 02:39:24.266210,12.9,0.93,normal,0.98,2.1,6.4,0.1,0.2,0,4.44,3.72,0
V01926,bulk,222.7,29.2,11.9,182892,3913,2023-11-25 21:53:31.405774,2023-11-26 01:07:55.405774,2023-11-28 07:37:55.405774,54.5,3.24,low,0.75,22.0,8.1,1.9,0.0,1,2.14,0.86,0
V01961,tanker,312.2,52.7,13.5,309142,4874,2023-11-26 06:29:29.980715,2023-11-26 08:00:05.980715,2023-11-26 17:42:05.980715,9.7,1.51,normal,0.85,12.8,9.1,1.8,0.3,0,6.85,4.01,1
V02452,container,235.8,35.8,11.0,207071,1494,2023-11-26 07:53:09.970904,2023-11-26 09:32:45.970904,2023-11-26 21:50:45.970904,12.3,1.66,normal,0.54,14.4,10.6,1.6,0.4,0,4.87,2.32,0
V02393,container,269.5,43.0,12.0,209229,1820,2023-11-26 15:57:35.926500,2023-11-26 17:23:23.926500,2023-11-27 05:35:23.926500,12.2,1.43,normal,0.73,19.5,7.7,1.9,0.1,0,7.51,3.03,1
V04726,container,335.5,45.3,12.4,259117,4721,2023-11-26 17:34:00.306955,2023-11-26 18:56:48.306955,2023-11-27 21:26:48.306955,26.5,1.38,normal,0.67,7.0,7.7,0.8,0.2,0,7.92,1.22,1
V05976,bulk,246.3,33.4,11.5,206950,2239,2023-11-27 00:49:25.440487,2023-11-27 02:53:01.440487,2023-11-28 01:47:01.440487,22.9,2.06,normal,0.66,18.0,7.7,1.5,0.2,0,2.85,8.97,0
V01735,bulk,281.8,38.6,12.8,232511,2865,2023-11-27 06:31:33.003115,2023-11-27 07:45:57.003115,2023-11-28 18:57:57.003115,35.2,1.24,normal,0.7,15.9,5.9,1.7,0.5,0,7.6,3.24,1
V01479,roro,102.7,16.6,8.8,64010,1958,2023-11-27 11:55:32.402439,2023-11-27 14:25:32.402439,2023-11-28 05:43:32.402439,15.3,2.5,normal,0.8,25.4,7.4,2.7,0.5,1,2.02,1.99,0
V02799,tanker,156.8,25.4,13.6,137772,2686,2023-11-27 16:13:11.521983,2023-11-27 17:49:11.521983,2023-11-28 13:07:11.521983,19.3,1.6,normal,0.92,0.4,6.5,0.0,1.0,0,6.98,2.8,1
V02643,general,111.4,17.4,7.5,59565,2145,2023-11-27 17:18:26.092864,2023-11-27 18:34:38.092864,2023-11-28 10:28:38.092864,15.9,1.27,normal,0.93,15.1,7.7,1.5,0.3,0,7.87,4.45,1
V04784,bulk,254.6,36.6,7.3,132304,3147,2023-11-28 03:38:12.465786,2023-11-28 04:56:12.465786,2023-11-29 04:20:12.465786,23.4,1.3,normal,0.7,14.4,9.1,1.8,0.4,0,5.66,0.51,1
V02717,container,293.2,48.7,11.9,270814,1179,2023-11-28 07:44:14.734338,2023-11-28 09:35:50.734338,2023-11-29 00:17:50.734338,14.7,1.86,normal,0.69,15.1,6.6,1.9,2.6,0,7.24,0.07,1
V04892,bulk,229.2,37.8,11.3,199654,2110,2023-11-28 12:02:06.716091,2023-11-28 15:24:18.716091,2023-11-30 07:54:18.716091,40.5,3.37,normal,0.88,21.3,8.4,2.4,1.1,1,2.08,2.12,0
V02774,bulk,103.4,13.9,7.4,51162,1029,2023-11-28 13:11:33.648169,2023-11-28 15:04:57.648169,2023-11-29 05:34:57.648169,14.5,1.89,normal,0.75,14.7,8.5,1.7,0.3,0,2.18,2.98,0
V04814,general,196.3,33.3,8.3,123127,4598,2023-11-28 14:49:47.512697,2023-11-28 15:46:11.512697,2023-11-29 00:34:11.512697,8.8,0.94,low,0.63,7.9,5.8,0.8,2.0,0,3.86,1.47,0
V01189,bulk,153.9,24.3,8.1,80248,3179,2023-11-28 19:54:58.027309,2023-11-28 23:30:22.027309,2023-11-29 23:00:22.027309,23.5,3.59,low,0.79,23.8,5.1,2.6,1.0,1,7.45,1.92,1
V05923,tanker,253.9,35.8,12.8,228002,2969,2023-11-29 00:13:47.094220,2023-11-29 02:32:59.094220,2023-11-30 02:38:59.094220,24.1,2.32,normal,0.74,15.1,7.4,1.9,0.2,0,2.17,4.33,0
V02831,container,276.0,38.3,12.1,226538,4222,2023-11-29 05:41:21.007755,2023-11-29 07:35:21.007755,2023-11-30 05:11:21.007755,21.6,1.9,normal,0.66,15.3,5.3,1.5,1.6,0,7.27,1.7,1
V04122,container,324.3,49.7,13.5,295021,565,2023-11-29 07:30:31.419104,2023-11-29 10:15:31.419104,2023-11-29 23:09:31.419104,12.9,2.75,normal,0.85,30.3,7.6,2.7,0.7,1,7.94,3.1,1
V05924,container,241.8,34.5,11.8,180974,1405,2023-11-29 19:37:14.280935,2023-11-29 20:54:38.280935,2023-11-30 10:06:38.280935,13.2,1.29,normal,0.33,16.5,9.2,1.8,0.1,0,7.99,2.45,1
V03964,tanker,270.0,41.3,11.5,186822,1250,2023-11-30 01:16:20.181457,2023-11-30 03:07:20.181457,2023-12-01 18:25:20.181457,39.3,1.85,high,0.49,16.9,8.8,1.6,0.4,0,2.07,1.56,0
V03855,bulk,130.7,20.3,12.6,129787,3123,2023-11-30 09:25:01.838907,2023-11-30 10:58:01.838907,2023-12-01 09:52:01.838907,22.9,1.55,normal,0.86,4.8,9.3,0.8,0.7,0,7.16,4.99,1
V05683,roro,199.9,33.9,8.9,126026,2056,2023-11-30 09:31:55.989230,2023-11-30 10:28:19.989230,2023-11-30 19:34:19.989230,9.1,0.94,normal,0.88,18.6,11.3,2.2,2.1,0,7.03,5.91,1
V03559,container,181.1,28.1,11.6,133903,649,2023-11-30 11:23:02.740343,2023-11-30 14:42:50.740343,2023-12-01 04:30:50.740343,13.8,3.33,normal,0.74,20.1,4.7,2.0,1.3,1,4.42,0.24,0
V04222,roro,186.2,26.9,6.5,78528,1645,2023-11-30 17:16:09.367943,2023-11-30 18:34:09.367943,2023-11-30 23:04:09.367943,4.5,1.3,normal,0.77,17.5,4.5,1.8,0.2,0,5.11,6.01,0
V02682,bulk,292.9,45.0,8.3,179909,4215,2023-11-30 18:26:21.324555,2023-11-30 19:45:33.324555,2023-12-02 18:39:33.324555,46.9,1.32,high,0.68,10.3,6.4,1.4,1.4,0,6.76,3.59,1
V01353,bulk,285.7,43.4,7.4,151835,3437,2023-11-30 20:32:15.458162,2023-11-30 22:28:03.458162,2023-12-01 17:22:03.458162,18.9,1.93,normal,0.87,11.1,4.9,1.0,1.1,0,7.98,4.94,1
V03102,general,214.7,31.6,8.7,123248,1083,2023-12-01 05:40:39.441845,2023-12-01 08:23:15.441845,2023-12-01 23:23:15.441845,15.0,2.71,low,0.65,39.6,4.6,4.2,0.6,1,5.12,1.9,0
V02081,tanker,221.7,34.5,13.2,222486,4039,2023-12-01 09:18:50.719422,2023-12-01 13:03:50.719422,2023-12-02 13:21:50.719422,24.3,3.75,normal,0.72,25.3,4.6,2.8,0.4,1,7.86,1.55,1
V03862,container,356.6,56.7,12.4,295634,4637,2023-12-01 12:30:54.822202,2023-12-01 15:23:42.822202,2023-12-03 07:53:42.822202,40.5,2.88,high,0.45,21.2,4.7,2.7,4.8,1,3.94,3.33,0
V01313,bulk,299.5,42.3,8.6,202485,611,2023-12-01 19:45:15.188475,2023-12-01 23:38:39.188475,2023-12-03 10:44:39.188475,35.1,3.89,low,0.73,29.6,8.7,3.4,2.9,1,7.33,4.69,1
V02197,container,321.4,53.7,12.5,254625,3881,2023-12-01 19:56:44.066702,2023-12-01 23:05:08.066702,2023-12-02 12:11:08.066702,13.1,3.14,high,0.52,22.0,5.2,2.1,1.3,1,7.5,3.21,1
V03663,general,129.1,21.5,6.0,57852,908,2023-12-01 20:39:20.751664,2023-12-01 22:13:32.751664,2023-12-02 14:25:32.751664,16.2,1.57,normal,0.7,18.1,8.6,2.4,0.6,0,7.92,2.75,1
V01374,bulk,281.4,37.5,10.5,203863,3904,2023-12-02 02:46:11.129751,2023-12-02 06:15:35.129751,2023-12-03 05:57:35.129751,23.7,3.49,high,0.81,32.7,6.2,3.5,0.8,1,2.11,2.2,0
V01845,bulk,180.0,26.9,10.6,126061,3016,2023-12-02 05:13:50.123469,2023-12-02 07:19:14.123469,2023-12-03 01:37:14.123469,18.3,2.09,normal,0.73,15.5,6.7,1.6,0.3,0,3.32,1.56,0
V04226,bulk,276.0,39.4,12.9,270678,2754,2023-12-02 15:13:30.199108,2023-12-02 16:57:54.199108,2023-12-03 02:33:54.199108,9.6,1.74,normal,0.69,15.2,7.7,2.0,2.2,0,2.09,1.45,0
V05739,roro,103.6,15.8,8.2,57049,3513,2023-12-03 01:58:21.577773,2023-12-03 03:57:45.577773,2023-12-03 19:09:45.577773,15.2,1.99,normal,0.5,23.4,8.0,2.4,1.3,1,3.58,1.27,0
V04333,tanker,136.2,21.9,9.2,85070,1884,2023-12-03 06:51:06.608390,2023-12-03 09:34:18.608390,2023-12-04 08:16:18.608390,22.7,2.72,normal,0.7,26.4,5.9,2.7,0.9,1,4.47,2.12,0
V01474,bulk,154.0,24.0,8.2,86280,1308,2023-12-03 13:51:52.940993,2023-12-03 17:38:04.940993,2023-12-05 00:26:04.940993,30.8,3.77,normal,1.0,35.5,8.1,3.4,0.2,1,4.3,3.75,0
V05948,bulk,213.2,28.2,9.2,121848,4364,2023-12-03 14:40:59.776619,2023-12-03 17:44:35.776619,2023-12-05 05:32:35.776619,35.8,3.06,normal,0.63,27.0,6.8,2.6,1.1,1,3.18,5.02,0
V01882,container,172.0,25.5,8.3,109236,1909,2023-12-03 20:43:35.032547,2023-12-03 22:26:47.032547,2023-12-04 22:56:47.032547,24.5,1.72,normal,0.66,19.3,7.7,1.8,0.5,0,6.62,3.93,1
V03949,roro,176.2,26.1,9.6,108894,1058,2023-12-04 07:13:33.512824,2023-12-04 08:25:33.512824,2023-12-04 14:19:33.512824,5.9,1.2,normal,0.94,12.4,7.1,1.4,3.2,0,3.85,0.21,0
V05949,container,284.8,43.5,8.6,165375,1789,2023-12-04 07:41:50.394747,2023-12-04 09:05:14.394747,2023-12-05 07:41:14.394747,22.6,1.39,normal,0.93,2.1,6.1,0.1,2.8,0,4.54,2.17,0
V01410,container,248.9,35.4,14.1,217206,3913,2023-12-04 12:42:50.483075,2023-12-04 15:37:26.483075,2023-12-05 21:49:26.483075,30.2,2.91,normal,0.81,36.6,4.3,3.1,1.1,1,7.05,3.98,1
V03727,bulk,224.8,34.0,9.6,172146,1982,2023-12-04 16:40:12.238512,2023-12-04 17:59:24.238512,2023-12-06 04:53:24.238512,34.9,1.32,normal,0.68,18.9,3.9,1.4,1.2,0,2.15,0.94,0
V04682,container,223.3,35.6,10.9,167792,3466,2023-12-04 18:37:17.145782,2023-12-04 20:36:05.145782,2023-12-05 21:06:05.145782,24.5,1.98,normal,0.57,27.7,5.5,2.4,0.5,1,2.65,5.75,0
V02975,general,207.9,31.9,6.2,79358,1041,2023-12-04 20:51:51.071144,2023-12-04 22:00:15.071144,2023-12-06 02:06:15.071144,28.1,1.14,normal,0.76,19.5,11.1,1.9,2.3,0,5.7,2.36,1
V03560,bulk,248.0,36.4,11.2,171542,552,2023-12-05 01:35:58.522037,2023-12-05 03:41:58.522037,2023-12-05 21:53:58.522037,18.2,2.1,normal,0.66,19.3,5.5,2.3,1.8,0,6.46,2.88,1
V05745,tanker,241.2,39.3,13.0,212399,4554,2023-12-05 02:20:06.046938,2023-12-05 03:48:18.046938,2023-12-05 19:18:18.046938,15.5,1.47,normal,0.95,11.1,6.8,1.5,0.4,0,5.4,3.99,0
V01628,container,316.5,51.2,14.3,324405,3521,2023-12-05 03:09:14.326534,2023-12-05 06:30:50.326534,2023-12-05 17:30:50.326534,11.0,3.36,low,0.56,28.6,9.3,3.0,0.3,1,4.17,4.47,0
V04007,tanker,220.8,29.4,10.2,155054,3026,2023-12-05 04:11:46.544199,2023-12-05 06:41:46.544199,2023-12-06 03:47:46.544199,21.1,2.5,low,0.79,36.5,7.0,3.1,0.3,1,2.83,4.24,0
V04464,bulk,265.9,39.2,12.6,206562,1236,2023-12-05 07:49:12.788674,2023-12-05 11:26:24.788674,2023-12-06 03:56:24.788674,16.5,3.62,normal,0.86,30.5,8.2,3.2,1.9,1,3.57,3.01,0
V05748,tanker,272.9,45.3,13.3,272881,2665,2023-12-05 11:19:02.026491,2023-12-05 13:47:50.026491,2023-12-06 17:23:50.026491,27.6,2.48,normal,0.66,39.8,8.3,4.3,8.4,1,7.87,0.02,1
V04341,general,181.8,27.7,7.3,80323,4606,2023-12-05 22:04:55.360759,2023-12-05 23:37:19.360759,2023-12-06 13:31:19.360759,13.9,1.54,low,1.0,6.1,8.0,1.1,0.6,0,6.3,1.25,1
V01704,general,148.1,21.0,5.7,61834,3259,2023-12-06 00:13:55.741673,2023-12-06 02:46:19.741673,2023-12-07 09:28:19.741673,30.7,2.54,normal,0.87,23.7,8.5,2.2,1.4,1,8.0,2.54,1
V04107,container,353.0,52.9,11.7,324962,540,2023-12-06 02:21:00.749919,2023-12-06 05:05:24.749919,2023-12-07 02:17:24.749919,21.2,2.74,normal,1.0,32.4,7.3,3.2,0.1,1,6.52,3.42,1
V03327,tanker,194.2,29.5,9.7,136578,4371,2023-12-06 09:36:25.158821,2023-12-06 12:26:13.158821,2023-12-07 00:32:13.158821,12.1,2.83,normal,0.96,38.6,6.3,4.1,0.1,1,5.01,4.89,0
V04881,container,230.5,33.2,12.6,219318,4824,2023-12-06 15:54:37.907288,2023-12-06 18:42:01.907288,2023-12-08 11:54:01.907288,41.2,2.79,normal,0.56,21.8,8.1,2.2,1.0,1,4.83,0.66,0
V02503,bulk,232.9,35.8,11.6,175039,501,2023-12-06 22:03:50.561137,2023-12-07 01:22:26.561137,2023-12-07 20:10:26.561137,18.8,3.31,normal,0.56,25.1,7.8,2.3,1.9,1,5.1,2.09,0
V03494,tanker,128.3,17.1,11.2,95295,4197,2023-12-07 03:42:53.275229,2023-12-07 05:30:53.275229,2023-12-07 22:48:53.275229,17.3,1.8,normal,0.57,11.7,5.7,0.6,0.3,0,5.73,5.24,1
V05044,bulk,116.6,17.2,7.7,60088,2469,2023-12-07 04:23:36.158049,2023-12-07 07:53:36.158049,2023-12-07 23:53:36.158049,16.0,3.5,normal,0.63,24.2,8.9,2.0,0.0,1,4.71,0.61,0
V03024,tanker,134.8,21.2,12.7,124633,1706,2023-12-07 08:30:21.710342,2023-12-07 12:09:21.710342,2023-12-08 07:03:21.710342,18.9,3.65,normal,0.83,23.9,5.7,2.1,4.4,1,2.54,2.02,0
V05382,container,151.0,24.6,9.4,111856,3479,2023-12-07 12:31:18.820793,2023-12-07 13:58:54.820793,2023-12-08 04:04:54.820793,14.1,1.46,normal,0.64,6.5,7.3,0.6,1.8,0,7.64,3.21,1
V01608,general,96.5,15.3,9.2,63519,4504,2023-12-07 13:55:50.192201,2023-12-07 15:20:26.192201,2023-12-08 00:56:26.192201,9.6,1.41,high,1.0,26.1,6.3,2.6,0.1,1,7.93,0.11,1
V04796,container,199.4,30.5,13.6,164303,4318,2023-12-07 16:44:32.965998,2023-12-07 18:47:32.965998,2023-12-08 06:11:32.965998,11.4,2.05,normal,0.92,24.8,7.5,2.3,1.3,1,4.78,5.93,0
V02216,roro,206.1,33.7,6.2,101954,2626,2023-12-07 22:37:47.129763,2023-12-08 01:31:47.129763,2023-12-08 11:43:47.129763,10.2,2.9,high,0.71,24.8,2.8,2.4,1.7,2,4.74,1.43,0
V04392,general,150.8,23.6,7.8,87713,2518,2023-12-08 09:33:26.438552,2023-12-08 10:50:14.438552,2023-12-08 19:20:14.438552,8.5,1.28,normal,0.79,15.4,4.0,1.2,0.9,0,2.78,0.31,0
V03437,container,369.6,57.0,10.1,283937,1098,2023-12-08 10:04:48.541793,2023-12-08 11:24:36.541793,2023-12-09 09:00:36.541793,21.6,1.33,normal,0.68,19.0,7.0,2.0,0.2,0,3.39,0.05,0
V05401,bulk,293.6,42.4,8.3,154311,724,2023-12-08 14:20:31.214330,2023-12-08 17:42:07.214330,2023-12-09 17:06:07.214330,23.4,3.36,normal,0.83,27.5,5.7,3.3,0.5,1,8.0,5.59,1
V04305,container,376.7,56.3,11.9,355682,1131,2023-12-08 16:37:17.668318,2023-12-08 19:30:41.668318,2023-12-09 07:42:41.668318,12.2,2.89,normal,0.65,32.0,7.2,3.3,0.8,1,6.15,0.43,1
V03292,general,217.8,36.3,9.8,146649,1250,2023-12-08 19:47:54.203700,2023-12-08 21:44:54.203700,2023-12-09 10:14:54.203700,12.5,1.95,normal,0.69,21.4,6.6,2.5,0.8,1,2.19,2.82,0
V02816,roro,190.1,29.0,9.5,136615,4891,2023-12-09 08:01:10.063305,2023-12-09 09:50:58.063305,2023-12-09 13:50:58.063305,4.0,1.83,normal,0.88,30.7,7.2,2.3,2.5,1,2.29,1.3,0
V05962,bulk,274.0,46.6,12.8,263684,2684,2023-12-09 21:43:25.717527,2023-12-09 23:10:25.717527,2023-12-11 04:34:25.717527,29.4,1.45,normal,1.0,6.7,5.2,0.3,2.4,0,2.07,6.5,0
V03858,container,215.3,31.9,12.7,186171,601,2023-12-09 21:50:55.655012,2023-12-09 23:02:55.655012,2023-12-11 12:50:55.655012,37.8,1.2,normal,1.0,18.1,6.8,1.7,0.9,0,2.12,2.66,0
V03362,container,368.2,61.9,14.0,384689,2354,2023-12-09 22:54:06.325190,2023-12-10 00:17:30.325190,2023-12-10 14:41:30.325190,14.4,1.39,normal,0.92,16.9,6.0,1.3,1.3,0,2.94,5.57,0
V04105,bulk,280.2,42.1,10.8,213548,4508,2023-12-09 23:12:46.302249,2023-12-10 01:02:34.302249,2023-12-11 03:38:34.302249,26.6,1.83,normal,0.82,19.8,5.6,1.9,2.9,0,3.3,0.46,0
V03298,bulk,195.8,28.1,13.0,157218,3943,2023-12-10 06:47:15.149872,2023-12-10 08:22:39.149872,2023-12-11 10:04:39.149872,25.7,1.59,normal,0.85,9.2,7.3,0.7,4.6,0,4.72,1.81,0
V03528,tanker,274.7,45.3,10.9,212231,2474,2023-12-10 12:10:09.421856,2023-12-10 15:38:21.421856,2023-12-11 07:26:21.421856,15.8,3.47,normal,0.98,26.7,7.0,3.0,3.7,1,4.06,2.86,0
V02497,roro,192.8,30.4,7.9,111476,562,2023-12-10 12:25:25.829915,2023-12-10 14:30:13.829915,2023-12-11 06:48:13.829915,16.3,2.08,normal,0.67,34.4,6.3,3.9,1.1,1,4.43,2.46,0
V01534,bulk,199.1,33.5,9.6,122890,2825,2023-12-10 13:00:14.289420,2023-12-10 16:33:50.289420,2023-12-11 20:39:50.289420,28.1,3.56,normal,0.63,34.2,6.4,3.5,1.0,1,5.31,3.32,0
V04633,bulk,215.2,35.3,11.4,153443,1751,2023-12-10 16:15:48.224090,2023-12-10 19:22:24.224090,2023-12-12 05:16:24.224090,33.9,3.11,normal,0.59,34.2,4.8,3.8,0.8,1,7.95,3.17,1
V03107,bulk,297.1,42.1,12.3,256384,1539,2023-12-10 22:56:21.421747,2023-12-11 02:17:57.421747,2023-12-11 12:47:57.421747,10.5,3.36,normal,0.69,37.0,7.1,4.0,0.1,1,2.27,3.63,0
V03725,container,361.4,48.5,14.5,388099,650,2023-12-11 03:32:33.398907,2023-12-11 05:06:45.398907,2023-12-11 13:36:45.398907,8.5,1.57,normal,0.71,12.4,9.2,1.6,1.8,0,7.78,2.15,1
V02922,tanker,175.7,28.1,9.3,117174,4290,2023-12-11 06:58:38.515936,2023-12-11 08:28:02.515936,2023-12-12 12:04:02.515936,27.6,1.49,normal,0.89,10.9,6.1,0.9,1.7,0,5.64,0.74,1
V01240,container,337.2,52.6,14.6,389376,1181,2023-12-11 19:34:32.016973,2023-12-11 21:24:56.016973,2023-12-13 21:18:56.016973,47.9,1.84,low,0.61,16.7,3.2,1.6,0.7,0,5.34,1.32,0
V02415,bulk,292.7,46.7,9.1,173521,2789,2023-12-11 22:16:42.576990,2023-12-12 00:16:06.576990,2023-12-12 17:22:06.576990,17.1,1.99,normal,0.65,5.5,8.0,0.3,1.0,0,2.15,0.18,0
V01932,container,344.4,51.6,11.5,314993,4762,2023-12-12 00:34:51.337046,2023-12-12 02:01:15.337046,2023-12-12 14:19:15.337046,12.3,1.44,normal,0.91,18.0,6.7,1.8,4.5,0,3.02,0.52,0
V01281,container,356.4,51.0,8.8,239348,3188,2023-12-12 01:38:54.799218,2023-12-12 04:41:54.799218,2023-12-13 06:05:54.799218,25.4,3.05,high,0.83,16.2,2.0,1.5,3.1,1,4.47,3.86,0
V03847,container,291.8,41.6,13.0,301847,1150,2023-12-12 08:22:30.281001,2023-12-12 11:36:18.281001,2023-12-13 21:30:18.281001,33.9,3.23,high,0.86,23.1,8.0,2.0,1.7,1,4.73,2.88,0
V02106,bulk,243.0,40.3,12.9,206363,1970,2023-12-12 10:25:40.274159,2023-12-12 12:07:40.274159,2023-12-13 02:13:40.274159,14.1,1.7,normal,1.0,8.0,7.3,0.9,0.7,0,2.29,1.06,0
V03619,tanker,307.5,44.5,10.2,193401,3768,2023-12-12 13:14:54.543525,2023-12-12 14:44:54.543525,2023-12-13 05:20:54.543525,14.6,1.5,normal,0.8,18.5,9.0,1.9,0.7,0,3.35,1.53,0
V04416,bulk,181.2,27.0,12.2,149234,2094,2023-12-13 06:11:24.993605,2023-12-13 10:22:12.993605,2023-12-14 04:58:12.993605,18.6,4.18,low,0.47,8.4,2.5,0.7,0.3,1,7.97,1.54,1
V01012,general,172.1,23.0,7.8,90415,1693,2023-12-13 08:21:09.313059,2023-12-13 09:48:45.313059,2023-12-14 05:42:45.313059,19.9,1.46,low,1.0,19.1,9.2,1.8,1.1,0,5.97,1.07,1
V05166,general,93.0,15.7,8.8,59866,3839,2023-12-13 13:36:25.995036,2023-12-13 16:28:01.995036,2023-12-14 06:10:01.995036,13.7,2.86,normal,0.87,23.0,6.1,1.9,0.9,1,2.83,1.42,0
V05019,bulk,253.9,37.8,8.9,147792,3216,2023-12-13 16:56:59.982934,2023-12-13 18:52:47.982934,2023-12-15 02:58:47.982934,32.1,1.93,normal,0.83,9.4,6.2,0.9,0.6,0,7.33,3.38,1
V04203,general,105.8,14.3,8.3,61085,2861,2023-12-13 18:49:10.811935,2023-12-13 19:55:10.811935,2023-12-14 10:49:10.811935,14.9,1.1,low,0.65,17.0,8.4,1.9,0.7,0,7.9,2.77,1
V02428,bulk,292.4,44.8,8.6,166422,3852,2023-12-14 02:57:57.341770,2023-12-14 05:24:57.341770,2023-12-15 02:54:57.341770,21.5,2.45,normal,0.67,31.5,9.0,3.0,1.9,1,4.05,0.48,0
V04065,container,340.6,51.9,11.9,317156,1253,2023-12-15 03:29:44.145975,2023-12-15 05:08:44.145975,2023-12-15 22:26:44.145975,17.3,1.65,normal,0.55,2.6,8.0,0.5,5.4,0,3.67,5.88,0
V01605,container,298.7,47.8,9.3,185514,3695,2023-12-15 05:06:46.297546,2023-12-15 08:05:34.297546,2023-12-17 01:41:34.297546,41.6,2.98,normal,0.48,20.1,5.7,1.8,2.0,1,6.06,5.13,1
V03090,bulk,216.3,33.0,9.5,129336,2281,2023-12-15 07:50:57.429493,2023-12-15 09:43:09.429493,2023-12-17 03:37:09.429493,41.9,1.87,normal,0.65,15.1,7.9,1.8,1.6,0,7.95,4.23,1
V04184,general,127.2,19.5,7.8,78725,1092,2023-12-15 09:58:16.964793,2023-12-15 12:30:40.964793,2023-12-16 05:12:40.964793,16.7,2.54,normal,0.66,33.1,7.4,3.1,0.0,1,5.94,5.04,1
V04723,general,141.4,18.6,8.4,92187,3581,2023-12-15 11:04:36.287206,2023-12-15 13:49:00.287206,2023-12-16 06:49:00.287206,17.0,2.74,low,0.66,23.9,7.8,2.2,0.5,1,4.28,2.41,0
V04672,container,278.4,43.1,11.7,250642,3940,2023-12-15 15:07:41.757839,2023-12-15 16:55:05.757839,2023-12-16 19:19:05.757839,26.4,1.79,low,0.62,21.9,6.6,1.6,1.7,1,2.75,0.69,0
V02792,container,258.6,39.8,8.7,173465,3819,2023-12-15 18:28:35.662911,2023-12-15 21:42:59.662911,2023-12-17 01:00:59.662911,27.3,3.24,normal,1.0,25.3,7.0,2.8,0.7,1,7.25,1.29,1
V01919,tanker,283.5,41.4,11.8,265417,3251,2023-12-15 22:56:38.728005,2023-12-16 00:23:02.728005,2023-12-17 02:29:02.728005,26.1,1.44,normal,1.0,14.1,9.4,1.2,1.8,0,5.08,3.46,0
V05301,container,166.2,23.2,8.5,90798,1069,2023-12-16 05:08:46.036233,2023-12-16 07:45:58.036233,2023-12-17 21:03:58.036233,37.3,2.62,high,0.75,23.0,3.4,2.4,4.8,1,4.92,3.35,0
V03207,bulk,223.3,31.8,9.3,139266,4117,2023-12-16 06:00:51.720240,2023-12-16 08:27:51.720240,2023-12-16 21:45:51.720240,13.3,2.45,normal,0.71,23.8,6.9,2.4,2.9,1,6.2,6.49,1
V04956,container,355.4,52.9,12.6,309645,4201,2023-12-16 06:45:43.813863,2023-12-16 08:16:55.813863,2023-12-16 21:28:55.813863,13.2,1.52,normal,0.98,17.7,10.9,1.9,4.3,0,7.13,3.64,1
V04072,container,203.4,26.7,9.7,145648,4936,2023-12-16 12:31:22.151882,2023-12-16 14:08:34.151882,2023-12-17 11:44:34.151882,21.6,1.62,normal,0.91,19.4,4.1,2.2,0.0,0,3.38,4.41,0
V04036,bulk,265.6,38.2,11.0,221132,1864,2023-12-16 19:58:32.980226,2023-12-16 23:50:44.980226,2023-12-18 12:50:44.980226,37.0,3.87,normal,0.93,36.5,9.3,3.6,1.3,1,7.8,1.75,1
V05974,roro,144.9,24.4,7.0,62079,4280,2023-12-17 01:26:31.688879,2023-12-17 03:32:31.688879,2023-12-17 13:08:31.688879,9.6,2.1,low,0.3,22.1,4.8,2.4,0.7,1,2.78,6.4,0
V02256,roro,187.0,30.4,10.1,126064,4838,2023-12-17 09:07:26.784959,2023-12-17 11:55:26.784959,2023-12-17 21:37:26.784959,9.7,2.8,normal,0.9,22.8,8.5,2.4,2.3,1,8.0,0.88,1
V01657,container,281.3,47.0,13.4,245851,2007,2023-12-17 13:41:20.884167,2023-12-17 15:59:20.884167,2023-12-18 21:05:20.884167,29.1,2.3,normal,0.81,27.3,6.7,2.7,3.7,1,2.95,1.02,0
V05534,general,123.2,19.4,6.7,65196,2688,2023-12-17 18:27:21.387084,2023-12-17 19:51:21.387084,2023-12-18 01:09:21.387084,5.3,1.4,normal,0.77,6.2,3.5,0.7,2.5,0,5.09,3.66,0
V01802,bulk,255.2,34.5,11.3,175843,4451,2023-12-17 21:35:31.286361,2023-12-17 23:24:07.286361,2023-12-18 23:54:07.286361,24.5,1.81,normal,0.57,19.4,7.2,1.4,3.5,0,8.0,1.42,1
V04423,roro,136.1,19.7,7.6,79408,1453,2023-12-17 23:06:08.073606,2023-12-18 01:19:20.073606,2023-12-18 11:13:20.073606,9.9,2.22,normal,0.89,20.0,8.7,2.3,1.2,1,7.06,4.11,1
V05310,roro,156.1,22.7,10.8,115911,4129,2023-12-18 10:53:08.944090,2023-12-18 11:47:44.944090,2023-12-19 01:59:44.944090,14.2,0.91,normal,0.9,12.8,8.3,1.2,2.4,0,7.63,0.99,1
V03609,bulk,198.1,28.1,11.9,170441,1680,2023-12-18 13:13:08.354610,2023-12-18 15:19:08.354610,2023-12-19 13:55:08.354610,22.6,2.1,normal,0.85,17.4,6.8,1.3,3.1,0,4.67,4.82,0
V03565,container,267.8,41.8,13.7,236846,4318,2023-12-18 23:43:59.405205,2023-12-19 01:31:23.405205,2023-12-19 22:43:23.405205,21.2,1.79,normal,0.97,16.1,4.6,1.8,0.1,0,7.24,0.25,1
V02837,container,357.1,57.1,14.2,398294,2989,2023-12-19 07:29:19.471489,2023-12-19 09:39:31.471489,2023-12-20 12:33:31.471489,26.9,2.17,normal,0.87,24.9,6.7,2.9,1.0,1,4.83,5.87,0
V05963,general,193.7,28.1,9.9,121381,3919,2023-12-19 17:48:40.298762,2023-12-19 20:20:28.298762,2023-12-20 12:08:28.298762,15.8,2.53,normal,0.79,29.4,5.7,3.4,1.8,1,2.31,5.67,0
V04379,container,370.2,51.4,11.8,280434,4169,2023-12-20 01:20:03.848857,2023-12-20 04:14:03.848857,2023-12-21 07:56:03.848857,27.7,2.9,normal,1.0,31.2,6.2,3.3,0.9,1,6.27,4.48,1
V02934,container,218.2,33.6,10.2,159355,4656,2023-12-20 02:11:55.318338,2023-12-20 04:58:07.318338,2023-12-21 02:28:07.318338,21.5,2.77,normal,0.54,23.9,7.1,2.5,0.6,1,5.0,5.12,0
V02795,bulk,127.2,20.5,7.4,69201,2353,2023-12-20 22:04:22.617203,2023-12-21 00:24:46.617203,2023-12-21 17:06:46.617203,16.7,2.34,normal,0.56,19.4,8.6,2.0,2.0,0,6.8,4.56,1
V02499,bulk,233.5,36.4,12.6,185856,3109,2023-12-21 04:21:45.533323,2023-12-21 08:30:09.533323,2023-12-21 19:18:09.533323,10.8,4.14,normal,0.6,29.6,7.0,2.5,0.7,1,3.09,3.34,0
V03876,bulk,254.4,38.6,12.6,235772,1723,2023-12-21 09:45:55.344325,2023-12-21 12:57:55.344325,2023-12-22 22:39:55.344325,33.7,3.2,normal,0.74,25.8,8.4,2.5,2.2,1,5.85,3.26,1
V03606,bulk,288.9,39.9,9.6,196146,2529,2023-12-21 16:18:29.521363,2023-12-21 19:16:05.521363,2023-12-22 15:58:05.521363,20.7,2.96,normal,1.0,29.9,9.5,2.8,7.3,1,3.67,2.89,0
V01823,container,219.6,31.9,8.9,125227,3398,2023-12-21 22:56:37.958115,2023-12-22 02:53:37.958115,2023-12-22 17:29:37.958115,14.6,3.95,normal,0.66,39.7,9.4,4.1,3.9,1,6.89,2.76,1
V03329,bulk,142.6,20.1,7.2,70991,4046,2023-12-22 01:06:14.002811,2023-12-22 03:01:26.002811,2023-12-22 18:07:26.002811,15.1,1.92,normal,0.97,18.8,9.0,2.0,2.5,0,7.94,2.9,1
V03875,container,270.3,40.9,10.6,220818,4877,2023-12-22 01:14:24.303579,2023-12-22 04:03:36.303579,2023-12-23 09:15:36.303579,29.2,2.82,low,0.87,27.4,8.3,2.5,1.2,1,7.89,0.99,1
V03972,bulk,155.3,22.4,8.9,92347,2899,2023-12-22 03:39:19.712437,2023-12-22 05:39:55.712437,2023-12-23 06:45:55.712437,25.1,2.01,normal,0.7,7.8,6.4,1.0,0.4,0,5.22,2.32,0
V01142,general,198.4,26.5,8.1,112095,849,2023-12-23 02:26:41.106513,2023-12-23 03:41:05.106513,2023-12-23 10:59:05.106513,7.3,1.24,high,0.78,7.9,6.4,0.2,0.2,0,7.66,5.91,1
V05617,general,206.4,28.1,7.8,117819,3807,2023-12-23 07:30:25.585188,2023-12-23 08:46:37.585188,2023-12-24 01:28:37.585188,16.7,1.27,normal,0.83,15.6,11.4,1.5,1.1,0,2.01,2.6,0
V04376,roro,171.3,23.8,7.1,74442,3952,2023-12-23 08:01:42.313568,2023-12-23 09:25:42.313568,2023-12-23 16:31:42.313568,7.1,1.4,normal,0.62,16.7,4.8,1.1,1.5,0,2.04,4.55,0
V04911,general,113.6,15.8,7.5,67328,3414,2023-12-23 16:19:32.970018,2023-12-23 18:57:56.970018,2023-12-24 01:45:56.970018,6.8,2.64,normal,0.8,23.8,10.8,2.0,0.5,1,6.01,0.19,1
V03079,tanker,174.8,29.1,13.0,150703,577,2023-12-23 17:11:37.924405,2023-12-23 18:57:13.924405,2023-12-24 07:03:13.924405,12.1,1.76,high,0.68,16.4,8.6,1.5,3.9,0,4.71,2.27,0
V02281,roro,245.4,39.8,7.2,118507,4552,2023-12-23 22:10:47.657547,2023-12-23 23:41:23.657547,2023-12-24 10:53:23.657547,11.2,1.51,normal,1.0,7.2,4.8,0.5,2.5,0,3.52,1.93,0
V01221,tanker,145.3,19.9,13.7,144230,1502,2023-12-24 03:49:01.912069,2023-12-24 06:38:13.912069,2023-12-25 00:08:13.912069,17.5,2.82,normal,0.81,24.6,3.1,2.4,0.9,1,7.16,3.5,1
V02168,tanker,134.6,17.6,12.0,107410,4695,2023-12-24 10:05:00.869717,2023-12-24 11:27:48.869717,2023-12-25 10:27:48.869717,23.0,1.38,normal,0.99,19.7,5.2,2.0,1.6,0,2.92,3.45,0
V05083,container,269.3,40.6,11.3,208907,4580,2023-12-24 12:40:07.460479,2023-12-24 15:10:07.460479,2023-12-25 13:28:07.460479,22.3,2.5,normal,0.72,25.6,6.9,2.9,1.5,1,6.55,4.22,1
V01018,container,369.6,56.2,13.2,352411,2388,2023-12-24 21:59:13.416511,2023-12-24 23:54:25.416511,2023-12-25 13:18:25.416511,13.4,1.92,low,0.6,10.8,6.3,0.1,0.2,0,2.44,0.99,0
V03088,container,193.2,25.5,11.7,141365,4385,2023-12-25 03:50:23.244997,2023-12-25 06:28:11.244997,2023-12-25 21:40:11.244997,15.2,2.63,normal,0.97,28.7,7.9,3.4,0.0,1,7.79,2.72,1
V04477,container,361.4,57.8,10.1,283601,1599,2023-12-25 06:25:45.537496,2023-12-25 09:08:57.537496,2023-12-26 06:32:57.537496,21.4,2.72,normal,0.88,22.6,8.3,2.5,1.7,1,4.65,7.14,0
V05022,roro,134.2,21.1,6.2,52790,3557,2023-12-25 11:23:59.500615,2023-12-25 13:11:23.500615,2023-12-25 22:11:23.500615,9.0,1.79,normal,0.86,20.2,5.4,2.1,0.2,1,3.54,1.66,0
V03595,container,316.8,53.1,10.9,274233,2519,2023-12-25 18:46:58.470260,2023-12-25 19:48:46.470260,2023-12-26 13:54:46.470260,18.1,1.03,normal,0.7,16.9,7.2,1.8,0.3,0,4.72,3.79,0
V05704,bulk,188.8,32.1,8.9,120519,4252,2023-12-25 20:43:45.458416,2023-12-25 22:41:21.458416,2023-12-26 13:17:21.458416,14.6,1.96,high,0.78,19.2,7.7,1.7,0.6,0,2.36,5.12,0
V03141,roro,127.8,18.9,8.7,87144,548,2023-12-26 00:02:42.531216,2023-12-26 02:31:30.531216,2023-12-26 10:19:30.531216,7.8,2.48,normal,0.93,20.9,7.4,2.0,1.6,1,3.88,5.67,0
V04232,container,342.8,52.8,14.5,385896,880,2023-12-26 01:04:02.562225,2023-12-26 02:55:02.562225,2023-12-26 16:25:02.562225,13.5,1.85,high,0.69,12.4,6.6,1.4,0.7,0,5.41,0.62,0
V03799,general,135.4,20.7,5.2,47021,2517,2023-12-26 01:04:56.414543,2023-12-26 03:30:08.414543,2023-12-26 15:36:08.414543,12.1,2.42,normal,0.65,30.3,8.9,3.5,0.0,1,5.43,0.4,0
V02617,tanker,190.4,27.8,10.7,134099,3696,2023-12-26 05:40:14.316966,2023-12-26 06:58:50.316966,2023-12-26 22:58:50.316966,16.0,1.31,high,0.62,14.8,10.7,1.2,0.8,0,6.87,0.68,1
V05891,container,346.4,50.8,14.1,352420,2798,2023-12-26 06:15:24.504172,2023-12-26 08:20:12.504172,2023-12-26 21:26:12.504172,13.1,2.08,high,0.73,20.5,9.8,2.5,1.5,1,6.1,5.95,1
V03216,container,170.5,28.1,8.2,92646,2152,2023-12-26 11:37:20.839260,2023-12-26 13:07:56.839260,2023-12-27 17:49:56.839260,28.7,1.51,normal,0.49,19.7,6.9,2.0,1.6,0,2.85,1.54,0
V02384,bulk,246.1,38.2,11.3,211144,2519,2023-12-27 01:42:19.876957,2023-12-27 03:06:55.876957,2023-12-28 04:42:55.876957,25.6,1.41,normal,0.68,12.9,5.4,1.7,0.0,0,5.16,2.97,0
V04174,container,310.5,40.7,14.3,315371,3217,2023-12-27 08:29:14.441894,2023-12-27 11:43:02.441894,2023-12-28 00:43:02.441894,13.0,3.23,normal,0.78,33.1,7.1,3.4,0.8,1,3.98,2.73,0
V01943,bulk,175.2,22.9,12.4,160712,4796,2023-12-27 10:27:34.148646,2023-12-27 11:57:34.148646,2023-12-28 18:21:34.148646,30.4,1.5,normal,0.97,16.6,8.5,1.4,0.9,0,2.07,0.28,0
V02202,tanker,271.3,43.6,12.3,238601,1674,2023-12-27 13:08:28.376498,2023-12-27 14:46:52.376498,2023-12-29 01:28:52.376498,34.7,1.64,normal,0.76,14.6,6.0,1.5,0.1,0,3.74,1.02,0
V03344,container,215.9,35.5,11.0,169259,704,2023-12-27 14:42:37.613283,2023-12-27 18:34:49.613283,2023-12-28 07:40:49.613283,13.1,3.87,normal,0.93,20.8,6.5,2.2,0.8,1,6.06,1.4,1
V03086,bulk,162.5,26.3,12.8,140657,1250,2023-12-27 19:00:59.379951,2023-12-27 21:09:23.379951,2023-12-29 01:39:23.379951,28.5,2.14,normal,1.0,19.2,5.2,2.3,0.6,0,6.69,3.47,1
V05762,general,121.1,16.2,7.3,54240,1981,2023-12-28 07:40:52.960004,2023-12-28 10:04:52.960004,2023-12-29 02:16:52.960004,16.2,2.4,low,0.75,30.6,7.7,3.1,0.9,1,6.35,2.37,1
V01651,bulk,108.9,17.1,11.7,88496,4549,2023-12-28 19:47:23.371002,2023-12-28 21:36:35.371002,2023-12-30 15:06:35.371002,41.5,1.82,low,0.84,11.0,4.8,1.5,3.3,0,6.73,0.7,1
V01231,roro,107.6,16.5,10.5,80530,2751,2023-12-28 21:18:25.916867,2023-12-28 22:19:01.916867,2023-12-29 05:25:01.916867,7.1,1.01,normal,0.78,7.7,8.9,0.7,4.0,0,4.53,0.72,0
V02272,tanker,219.4,36.3,11.1,158061,2292,2023-12-29 03:49:18.561834,2023-12-29 05:40:18.561834,2023-12-30 13:04:18.561834,31.4,1.85,normal,0.78,15.3,8.9,1.6,6.5,0,5.93,2.58,1
V05478,tanker,241.5,33.1,13.7,253772,2702,2023-12-30 01:29:46.250628,2023-12-30 04:21:58.250628,2023-12-30 16:33:58.250628,12.2,2.87,normal,0.73,28.1,7.1,2.7,0.5,1,2.14,4.26,0
V02669,tanker,269.2,37.0,12.8,214303,837,2023-12-30 02:14:08.113155,2023-12-30 06:27:20.113155,2023-12-31 05:45:20.113155,23.3,4.22,normal,0.52,20.7,2.1,2.2,1.5,2,2.66,3.34,0
V01741,general,130.5,22.1,7.1,70120,4537,2023-12-30 06:14:06.443371,2023-12-30 07:27:54.443371,2023-12-30 19:27:54.443371,12.0,1.23,normal,0.74,8.9,6.1,1.0,0.8,0,7.72,1.83,1
V04492,tanker,304.3,51.5,12.9,237099,1435,2023-12-30 09:35:31.905066,2023-12-30 12:03:43.905066,2023-12-31 13:03:43.905066,25.0,2.47,high,0.83,25.9,8.2,2.9,5.6,1,5.91,1.28,1
V05089,roro,170.1,24.8,7.6,86622,2304,2023-12-30 14:29:48.532136,2023-12-30 16:24:24.532136,2023-12-31 02:54:24.532136,10.5,1.91,normal,0.7,22.8,8.7,2.1,2.1,1,2.53,5.23,0
V03492,container,254.8,39.5,10.3,186635,3429,2023-12-30 19:00:36.298625,2023-12-30 21:10:12.298625,2023-12-31 08:04:12.298625,10.9,2.16,normal,0.99,27.3,5.4,3.0,0.4,1,7.91,2.79,1
V03396,bulk,272.3,39.9,9.2,178943,1412,2023-12-31 00:46:54.547539,2023-12-31 02:31:54.547539,2024-01-02 00:01:54.547539,45.5,1.75,normal,0.57,13.7,8.5,1.4,1.5,0,2.32,4.66,0
V04977,container,270.5,39.4,13.4,287939,3101,2023-12-31 01:45:58.137639,2023-12-31 03:24:58.137639,2024-01-02 09:06:58.137639,53.7,1.65,normal,0.8,17.3,10.7,1.7,3.1,0,2.0,4.85,0
V03739,container,173.9,26.3,13.6,150252,1679,2023-12-31 03:40:24.610629,2023-12-31 06:06:48.610629,2023-12-31 17:42:48.610629,11.6,2.44,normal,0.63,26.6,9.2,2.6,4.6,1,3.38,0.69,0
V03651,container,205.1,27.8,13.7,214272,3129,2023-12-31 07:12:27.018730,2023-12-31 10:19:03.018730,2024-01-01 08:49:03.018730,22.5,3.11,normal,0.73,27.3,9.4,2.4,0.9,1,7.82,2.05,1
V04700,general,191.6,28.3,9.1,134800,2501,2023-12-31 14:48:01.031876,2023-12-31 15:49:13.031876,2024-01-01 03:55:13.031876,12.1,1.02,normal,0.85,11.8,4.6,0.8,1.7,0,2.19,1.45,0
V01396,container,284.7,42.1,12.1,264299,1692,2024-01-01 01:06:31.391348,2024-01-01 02:25:43.391348,2024-01-02 13:55:43.391348,35.5,1.32,normal,0.81,2.5,9.1,0.0,0.8,0,2.72,5.9,0
V05059,general,84.9,13.9,9.7,63144,2602,2024-01-01 11:25:03.362567,2024-01-01 13:31:39.362567,2024-01-02 01:25:39.362567,11.9,2.11,high,0.9,23.8,9.5,2.8,1.1,1,5.58,0.01,1
V05474,bulk,111.0,14.8,12.2,93820,1859,2024-01-01 16:14:10.706176,2024-01-01 17:45:58.706176,2024-01-02 09:51:58.706176,16.1,1.53,normal,0.72,15.1,6.9,1.4,1.2,0,2.66,1.56,0
V03296,bulk,285.3,42.5,7.2,131169,2916,2024-01-01 17:19:53.656900,2024-01-01 18:43:53.656900,2024-01-03 10:01:53.656900,39.3,1.4,normal,0.37,17.8,5.4,1.7,2.7,0,4.0,6.17,0
V05209,tanker,293.1,46.9,12.6,262697,2680,2024-01-01 19:35:45.809577,2024-01-01 20:55:33.809577,2024-01-03 12:19:33.809577,39.4,1.33,normal,0.77,2.9,5.1,0.2,0.5,0,7.17,4.43,1
V03784,bulk,232.4,30.5,10.1,180866,4732,2024-01-02 04:27:56.820231,2024-01-02 05:54:20.820231,2024-01-03 23:00:20.820231,41.1,1.44,normal,0.88,6.7,12.8,0.8,1.1,0,2.51,2.61,0
V03890,general,172.4,24.4,5.4,73358,1505,2024-01-02 04:50:50.225903,2024-01-02 05:38:14.225903,2024-01-02 11:32:14.225903,5.9,0.79,normal,0.78,17.6,6.2,2.4,3.3,0,2.88,3.74,0
V05996,container,154.3,23.0,13.8,131826,4809,2024-01-02 05:40:31.384821,2024-01-02 07:44:43.384821,2024-01-03 00:08:43.384821,16.4,2.07,normal,0.84,6.0,2.2,0.3,0.3,1,3.92,4.61,0
V02845,bulk,240.9,32.4,9.8,150248,1607,2024-01-02 05:46:12.341928,2024-01-02 08:10:12.341928,2024-01-03 01:04:12.341928,16.9,2.4,normal,0.73,22.2,6.2,2.8,0.7,1,4.06,0.63,0
V02223,container,271.8,35.7,8.3,163011,1865,2024-01-02 06:00:33.370839,2024-01-02 08:12:33.370839,2024-01-03 12:12:33.370839,28.0,2.2,low,0.92,24.7,7.4,3.0,0.2,1,4.41,6.22,0
V05068,container,300.1,49.4,9.7,218413,992,2024-01-02 06:59:33.577933,2024-01-02 08:05:33.577933,2024-01-02 23:59:33.577933,15.9,1.1,normal,0.86,16.3,7.5,1.3,6.9,0,5.89,3.02,1
V04020,container,376.1,60.5,9.2,274615,3765,2024-01-02 09:13:54.216709,2024-01-02 11:04:54.216709,2024-01-03 10:46:54.216709,23.7,1.85,normal,0.89,23.2,4.9,2.4,1.6,1,7.97,4.2,1
V03408,roro,242.2,31.8,8.1,118144,1054,2024-01-02 13:11:44.440218,2024-01-02 14:04:32.440218,2024-01-02 23:16:32.440218,9.2,0.88,normal,0.76,15.7,7.1,1.3,0.3,0,4.11,1.93,0
V04338,container,364.3,60.3,9.8,280112,2705,2024-01-03 01:13:30.896467,2024-01-03 02:31:30.896467,2024-01-03 12:01:30.896467,9.5,1.3,normal,0.81,15.9,5.7,1.1,1.6,0,4.66,0.73,0
V02928,container,354.1,50.7,10.0,227897,1642,2024-01-03 17:36:31.090089,2024-01-03 18:57:31.090089,2024-01-04 11:33:31.090089,16.6,1.35,normal,0.61,17.6,7.6,1.7,3.3,0,2.46,1.1,0
V04373,bulk,288.3,42.4,8.0,144133,3102,2024-01-03 22:25:07.319860,2024-01-03 23:49:43.319860,2024-01-05 08:25:43.319860,32.6,1.41,normal,0.7,15.9,6.5,0.9,3.0,0,7.97,2.98,1
V03934,container,221.3,30.6,10.4,181436,4576,2024-01-03 23:51:49.820370,2024-01-04 01:08:01.820370,2024-01-04 23:44:01.820370,22.6,1.27,normal,0.79,10.1,7.0,0.9,0.6,0,7.49,3.33,1
V05369,general,190.8,32.0,5.2,71171,4531,2024-01-04 00:06:22.282138,2024-01-04 01:08:46.282138,2024-01-04 21:56:46.282138,20.8,1.04,high,0.75,18.4,11.6,1.8,2.1,0,7.27,3.69,1
V01463,container,285.9,46.3,14.4,322890,4903,2024-01-04 00:08:56.574909,2024-01-04 02:19:44.574909,2024-01-04 14:43:44.574909,12.4,2.18,normal,0.57,29.5,6.3,3.0,0.5,1,7.23,5.85,1
V05262,roro,196.3,29.5,8.7,122710,3698,2024-01-04 04:23:05.600350,2024-01-04 06:08:05.600350,2024-01-04 19:08:05.600350,13.0,1.75,normal,1.0,28.8,7.1,2.7,3.7,1,2.1,5.27,0
V04386,container,266.8,36.1,12.5,236445,2622,2024-01-04 12:43:57.170343,2024-01-04 13:56:33.170343,2024-01-05 18:20:33.170343,28.4,1.21,normal,0.77,8.9,7.3,0.5,0.9,0,7.03,3.88,1
V04891,bulk,274.7,44.8,11.1,208427,4094,2024-01-05 05:57:25.424486,2024-01-05 09:03:25.424486,2024-01-06 06:33:25.424486,21.5,3.1,low,0.75,31.9,5.3,3.1,0.9,1,2.03,4.57,0
V03645,tanker,323.2,53.8,12.6,264062,3711,2024-01-05 06:36:06.856280,2024-01-05 08:42:06.856280,2024-01-06 04:00:06.856280,19.3,2.1,normal,0.73,26.8,7.1,2.2,1.1,1,2.31,0.01,0
V04263,general,186.2,28.1,8.0,112534,3687,2024-01-05 15:32:59.512995,2024-01-05 17:11:59.512995,2024-01-06 08:11:59.512995,15.0,1.65,normal,0.62,36.0,8.5,3.5,0.3,1,4.17,5.46,0
V02131,tanker,160.3,21.1,10.1,104936,2054,2024-01-05 17:44:05.955735,2024-01-05 19:20:05.955735,2024-01-06 10:26:05.955735,15.1,1.6,normal,0.83,17.6,8.9,1.7,2.2,0,2.05,2.21,0
V03736,container,326.2,43.1,14.3,335074,2338,2024-01-06 00:42:21.251605,2024-01-06 02:07:33.251605,2024-01-06 21:49:33.251605,19.7,1.42,normal,0.57,16.7,10.0,2.0,2.7,0,7.94,5.54,1
V02023,container,229.6,36.5,8.3,150647,1688,2024-01-06 07:54:04.116800,2024-01-06 09:52:16.116800,2024-01-07 13:16:16.116800,27.4,1.97,normal,0.72,20.6,5.1,2.1,3.1,1,2.72,3.3,0
V01644,container,180.7,25.0,12.8,178449,764,2024-01-06 22:22:40.026458,2024-01-06 23:22:04.026458,2024-01-08 11:40:04.026458,36.3,0.99,normal,0.67,16.4,7.6,1.9,2.1,0,5.57,5.17,1
V01778,roro,172.8,27.0,8.3,89023,1641,2024-01-07 02:04:58.802807,2024-01-07 04:00:10.802807,2024-01-07 15:00:10.802807,11.0,1.92,normal,0.72,25.7,9.0,2.7,2.9,1,7.64,4.6,1
V05033,tanker,157.8,24.2,10.9,124509,1718,2024-01-07 11:22:23.465004,2024-01-07 12:25:59.465004,2024-01-08 11:55:59.465004,23.5,1.06,normal,0.95,18.8,6.0,1.7,2.2,0,6.42,3.27,1
V02750,container,164.2,24.0,10.7,116652,1661,2024-01-07 17:13:42.639093,2024-01-07 18:23:18.639093,2024-01-08 06:35:18.639093,12.2,1.16,normal,0.81,17.3,8.5,1.5,0.4,0,4.06,3.89,0
V02414,general,86.9,13.1,8.0,45786,1681,2024-01-07 19:52:26.490528,2024-01-07 21:40:26.490528,2024-01-09 01:04:26.490528,27.4,1.8,normal,0.6,26.2,6.9,2.7,0.3,1,2.01,1.02,0
V02121,bulk,177.1,23.2,7.9,90069,984,2024-01-07 21:29:54.489763,2024-01-07 22:47:18.489763,2024-01-08 13:41:18.489763,14.9,1.29,normal,0.53,18.5,7.3,1.8,2.1,0,3.16,3.89,0
V03072,bulk,145.4,22.0,12.3,128563,4955,2024-01-08 05:15:16.540003,2024-01-08 07:41:04.540003,2024-01-09 08:05:04.540003,24.4,2.43,normal,0.63,22.9,6.6,2.3,4.4,1,4.61,0.34,0
V02474,general,104.0,14.8,7.3,49855,4374,2024-01-08 12:24:05.436539,2024-01-08 13:33:41.436539,2024-01-08 20:21:41.436539,6.8,1.16,normal,0.83,13.9,4.1,0.6,0.4,0,6.72,3.06,1
V03416,bulk,240.9,33.1,10.1,154447,3710,2024-01-08 16:54:06.562471,2024-01-08 19:29:30.562471,2024-01-09 22:11:30.562471,26.7,2.59,normal,0.71,35.6,4.1,3.3,0.9,1,5.75,1.9,1
V01279,bulk,249.8,38.8,9.1,144866,3872,2024-01-08 18:18:49.387413,2024-01-08 19:43:25.387413,2024-01-09 14:49:25.387413,19.1,1.41,normal,0.74,9.7,7.2,1.5,0.6,0,3.66,4.1,0
V04662,tanker,311.4,43.9,12.2,234252,2444,2024-01-08 23:15:48.625323,2024-01-09 01:29:36.625323,2024-01-09 14:47:36.625323,13.3,2.23,normal,0.79,28.9,4.0,3.0,0.3,1,4.49,4.24,0
V02870,container,339.6,45.0,14.0,342620,3173,2024-01-09 00:08:04.835384,2024-01-09 02:27:16.835384,2024-01-09 20:51:16.835384,18.4,2.32,normal,0.69,24.8,7.2,2.5,0.0,1,5.8,3.58,1
V03758,container,271.1,37.4,12.3,209739,2890,2024-01-09 01:14:43.007326,2024-01-09 03:53:43.007326,2024-01-09 19:35:43.007326,15.7,2.65,low,0.74,36.2,8.7,3.7,1.7,1,7.22,1.96,1
V04419,general,173.1,28.7,5.1,63230,4641,2024-01-09 10:10:34.226198,2024-01-09 11:43:34.226198,2024-01-09 17:37:34.226198,5.9,1.55,high,1.0,20.7,7.9,1.8,4.0,1,2.61,2.04,0
V01733,bulk,272.5,41.4,8.1,174397,3314,2024-01-09 12:18:40.879877,2024-01-09 14:53:28.879877,2024-01-10 16:05:28.879877,25.2,2.58,low,1.0,25.1,8.9,2.5,2.9,1,5.47,2.7,0
V03159,container,161.5,23.1,13.8,138559,4253,2024-01-09 18:31:41.078219,2024-01-09 20:20:17.078219,2024-01-10 15:32:17.078219,19.2,1.81,high,0.66,27.1,9.0,2.7,3.9,1,4.5,2.48,0
V05521,container,287.7,41.0,9.6,212013,3570,2024-01-10 00:24:29.763036,2024-01-10 01:38:17.763036,2024-01-10 19:50:17.763036,18.2,1.23,normal,0.83,7.8,7.2,0.6,0.0,0,5.01,2.3,0
V02558,general,215.3,34.8,9.4,149550,3084,2024-01-10 00:35:04.689595,2024-01-10 03:07:28.689595,2024-01-10 20:07:28.689595,17.0,2.54,normal,0.48,25.1,4.6,2.3,0.0,1,5.28,1.55,0
V02806,container,239.6,37.6,10.6,156970,1425,2024-01-10 03:05:28.356802,2024-01-10 04:03:40.356802,2024-01-10 20:45:40.356802,16.7,0.97,high,1.0,19.8,7.7,1.9,2.1,0,7.94,4.25,1
V03056,bulk,147.0,22.5,7.8,85434,1777,2024-01-10 11:11:19.075666,2024-01-10 13:28:07.075666,2024-01-11 07:04:07.075666,17.6,2.28,high,0.7,25.6,9.2,2.4,1.7,1,2.81,2.4,0
V04758,container,280.1,45.2,11.3,224426,2433,2024-01-10 20:41:44.782572,2024-01-11 00:00:56.782572,2024-01-11 11:54:56.782572,11.9,3.32,normal,1.0,46.5,6.4,5.0,0.1,2,2.73,3.12,0
V02145,tanker,250.8,38.1,9.7,164750,2491,2024-01-11 00:24:52.881894,2024-01-11 01:39:52.881894,2024-01-11 23:39:52.881894,22.0,1.25,normal,0.58,12.3,6.9,1.1,0.7,0,3.84,2.89,0
V01290,bulk,136.8,20.4,11.5,101496,3275,2024-01-11 15:44:56.885838,2024-01-11 17:10:08.885838,2024-01-12 16:16:08.885838,23.1,1.42,normal,0.7,19.0,4.5,1.8,6.7,0,7.66,2.19,1
V01998,bulk,122.9,17.0,11.3,88232,2112,2024-01-12 01:25:28.933600,2024-01-12 04:36:16.933600,2024-01-12 19:24:16.933600,14.8,3.18,normal,0.66,26.6,1.7,2.6,0.4,2,4.14,4.43,0
V05868,roro,244.9,39.2,8.9,147605,2432,2024-01-12 06:51:13.827465,2024-01-12 07:47:01.827465,2024-01-12 19:05:01.827465,11.3,0.93,normal,0.86,15.4,6.1,1.3,0.2,0,6.89,2.46,1
V01398,general,98.3,12.9,8.0,55010,1197,2024-01-12 10:01:28.790811,2024-01-12 10:55:28.790811,2024-01-12 22:31:28.790811,11.6,0.9,normal,0.75,12.0,10.8,0.8,0.1,0,2.6,4.68,0
V03387,tanker,316.5,49.2,12.0,273438,3749,2024-01-12 16:42:12.896090,2024-01-12 18:56:00.896090,2024-01-13 09:32:00.896090,14.6,2.23,normal,0.84,22.0,6.0,2.0,1.5,1,7.76,2.34,1
V05238,container,225.6,38.2,8.1,139116,4680,2024-01-12 22:44:10.282043,2024-01-12 23:59:10.282043,2024-01-13 17:59:10.282043,18.0,1.25,normal,0.6,16.1,5.9,1.7,2.4,0,2.35,1.37,0
V05999,general,159.7,26.7,8.9,100926,1186,2024-01-13 07:27:13.205615,2024-01-13 08:45:49.205615,2024-01-14 05:33:49.205615,20.8,1.31,normal,0.86,15.4,10.1,1.8,1.2,0,7.12,1.35,1
V01062,tanker,176.1,28.5,13.4,172660,4328,2024-01-13 10:15:52.161308,2024-01-13 12:56:40.161308,2024-01-14 12:26:40.161308,23.5,2.68,low,0.85,26.7,7.8,3.1,1.8,1,3.21,2.26,0
V02898,roro,165.2,22.8,10.5,108166,3661,2024-01-13 14:11:33.508729,2024-01-13 15:19:57.508729,2024-01-13 20:55:57.508729,5.6,1.14,normal,0.65,12.7,4.4,1.6,1.4,0,3.53,2.16,0
V05133,general,107.9,17.6,6.2,42124,1675,2024-01-13 22:08:58.346411,2024-01-13 22:44:58.346411,2024-01-14 07:44:58.346411,9.0,0.6,low,0.86,15.0,7.8,1.3,2.8,0,3.89,3.69,0
V04694,bulk,292.1,38.3,7.3,145663,1196,2024-01-14 12:46:25.081728,2024-01-14 15:13:25.081728,2024-01-15 13:01:25.081728,21.8,2.45,normal,0.72,21.2,3.1,2.5,0.4,1,2.01,2.99,0
V01035,general,149.8,22.7,5.4,58029,3854,2024-01-14 14:48:32.209622,2024-01-14 16:07:08.209622,2024-01-15 12:19:08.209622,20.2,1.31,normal,0.54,12.7,6.4,0.9,0.5,0,3.3,4.13,0
V01649,tanker,238.6,38.9,13.3,198164,4319,2024-01-14 15:30:20.474929,2024-01-14 17:05:08.474929,2024-01-15 18:29:08.474929,25.4,1.58,normal,0.75,8.8,5.7,0.8,3.3,0,4.26,2.65,0
V04632,bulk,236.9,37.9,11.3,185832,517,2024-01-14 20:43:37.784388,2024-01-15 00:08:49.784388,2024-01-16 03:32:49.784388,27.4,3.42,normal,0.83,22.6,7.5,2.2,1.3,1,7.04,4.65,1
V01691,bulk,162.8,22.6,11.1,123592,1347,2024-01-15 05:51:44.806953,2024-01-15 07:56:32.806953,2024-01-17 03:26:32.806953,43.5,2.08,normal,0.7,24.6,6.7,2.6,0.2,1,7.03,3.48,1
V03479,bulk,126.0,18.6,10.0,95217,2360,2024-01-15 08:53:09.361979,2024-01-15 09:54:21.361979,2024-01-16 10:36:21.361979,24.7,1.02,normal,0.92,16.2,6.3,1.4,0.1,0,7.29,2.98,1
V05104,container,196.8,31.8,12.7,153130,586,2024-01-15 10:43:30.340771,2024-01-15 11:55:30.340771,2024-01-16 15:19:30.340771,27.4,1.2,low,0.9,10.1,6.3,0.8,0.3,0,4.81,3.87,0
V03360,tanker,272.5,46.2,10.8,180524,859,2024-01-15 10:48:05.774110,2024-01-15 12:54:41.774110,2024-01-16 10:54:41.774110,22.0,2.11,normal,0.7,26.3,9.1,2.5,1.0,1,4.69,1.71,0
V03882,container,274.6,36.4,14.0,262671,4123,2024-01-15 13:03:51.401734,2024-01-15 14:35:39.401734,2024-01-16 11:35:39.401734,21.0,1.53,normal,0.58,25.0,6.9,2.6,2.2,1,2.15,3.97,0
V01615,container,363.7,61.8,9.6,221469,3972,2024-01-15 18:33:59.791764,2024-01-15 20:35:11.791764,2024-01-16 07:23:11.791764,10.8,2.02,normal,0.42,33.9,5.3,3.6,1.3,1,7.34,2.56,1
V01099,container,169.5,22.5,13.0,135350,554,2024-01-15 20:23:09.735344,2024-01-15 21:42:21.735344,2024-01-17 09:30:21.735344,35.8,1.32,low,0.93,10.2,4.9,1.4,0.7,0,7.91,4.44,1
V04907,roro,218.2,35.5,8.2,133989,899,2024-01-17 04:49:13.437883,2024-01-17 06:28:49.437883,2024-01-17 18:10:49.437883,11.7,1.66,normal,0.68,22.9,12.0,2.7,0.4,1,3.31,1.89,0
V02866,general,84.3,13.3,9.4,50251,616,2024-01-17 07:52:28.694001,2024-01-17 08:59:40.694001,2024-01-18 01:05:40.694001,16.1,1.12,normal,0.86,19.4,8.0,1.9,0.9,0,7.44,1.1,1
V01765,bulk,148.3,22.6,7.0,74549,4874,2024-01-17 13:37:12.721993,2024-01-17 15:11:24.721993,2024-01-20 01:17:24.721993,58.1,1.57,normal,0.91,11.0,3.5,0.7,0.4,0,3.02,2.84,0
V04103,tanker,230.0,34.4,12.7,233473,720,2024-01-17 15:41:34.809621,2024-01-17 16:57:10.809621,2024-01-19 23:15:10.809621,54.3,1.26,normal,0.9,4.1,4.5,0.0,2.4,0,2.06,7.47,0
V03835,tanker,162.5,26.4,11.8,129425,1611,2024-01-17 16:42:06.069824,2024-01-17 18:24:42.069824,2024-01-18 16:12:42.069824,21.8,1.71,normal,0.88,17.7,7.2,1.4,2.9,0,2.73,2.46,0
V05035,tanker,249.9,33.1,9.4,161107,4687,2024-01-18 01:13:53.598279,2024-01-18 03:16:17.598279,2024-01-18 20:34:17.598279,17.3,2.04,normal,0.91,29.5,6.9,3.2,0.2,1,4.06,0.98,0
V01990,container,294.1,44.2,10.0,221947,3675,2024-01-18 06:47:49.353373,2024-01-18 08:08:13.353373,2024-01-19 03:50:13.353373,19.7,1.34,normal,0.6,13.3,7.7,1.0,2.4,0,5.0,1.88,0
V05386,container,337.7,55.9,13.3,333276,4446,2024-01-18 15:58:48.220311,2024-01-18 17:12:36.220311,2024-01-19 14:12:36.220311,21.0,1.23,normal,0.8,17.7,8.2,1.6,0.2,0,2.01,4.67,0
V03992,roro,181.9,26.4,9.8,113055,2434,2024-01-19 06:56:32.428431,2024-01-19 08:08:32.428431,2024-01-19 13:14:32.428431,5.1,1.2,normal,0.81,7.1,5.2,0.7,4.9,0,4.02,0.49,0
V05217,general,192.7,32.0,7.2,99201,4180,2024-01-19 08:25:42.472999,2024-01-19 09:43:42.472999,2024-01-20 01:31:42.472999,15.8,1.3,normal,0.53,15.9,5.5,1.9,2.2,0,6.22,1.77,1
V02151,container,180.6,23.8,9.0,115122,4073,2024-01-19 12:30:15.479184,2024-01-19 14:16:27.479184,2024-01-20 21:46:27.479184,31.5,1.77,normal,0.63,31.3,10.6,2.7,1.8,1,6.83,4.01,1
V04836,roro,200.0,33.6,7.0,105290,3724,2024-01-19 13:29:22.488756,2024-01-19 15:35:58.488756,2024-01-20 04:59:58.488756,13.4,2.11,normal,0.88,30.6,6.0,3.7,3.8,1,5.47,3.31,0
V02652,container,257.7,33.9,9.2,158293,1178,2024-01-19 13:39:24.670683,2024-01-19 15:07:00.670683,2024-01-20 23:07:00.670683,32.0,1.46,normal,0.86,29.8,6.7,3.1,2.7,1,5.22,1.09,0
V03211,container,363.8,56.7,11.6,268249,1690,2024-01-19 14:07:23.063435,2024-01-19 15:20:35.063435,2024-01-20 02:50:35.063435,11.5,1.22,normal,0.77,18.2,5.7,2.2,1.1,0,4.51,2.06,0
V01275,container,308.7,40.8,10.2,227327,1584,2024-01-19 20:06:24.777394,2024-01-19 21:12:24.777394,2024-01-20 22:00:24.777394,24.8,1.1,normal,0.75,15.2,6.4,1.4,0.3,0,5.16,2.57,0
V03839,container,173.7,24.7,14.3,165276,3996,2024-01-20 16:47:14.769933,2024-01-20 18:59:50.769933,2024-01-21 01:29:50.769933,6.5,2.21,normal,0.58,30.5,6.2,3.5,0.8,1,2.32,0.17,0
V02862,tanker,286.6,41.4,13.6,237215,2131,2024-01-21 01:39:40.720243,2024-01-21 04:15:40.720243,2024-01-21 17:09:40.720243,12.9,2.6,normal,0.76,26.2,5.7,3.2,0.0,1,6.88,2.21,1
V02062,tanker,195.2,30.4,13.4,194242,1748,2024-01-21 06:02:10.867707,2024-01-21 07:59:46.867707,2024-01-22 02:53:46.867707,18.9,1.96,normal,0.73,21.9,9.8,1.9,1.7,1,2.0,5.37,0
V02275,roro,181.2,25.7,8.5,101813,4084,2024-01-21 07:20:18.289590,2024-01-21 07:56:54.289590,2024-01-22 01:26:54.289590,17.5,0.61,normal,0.58,11.2,6.4,0.5,0.2,0,2.57,2.81,0
V01459,bulk,139.0,22.5,11.9,115337,1843,2024-01-21 15:57:17.814189,2024-01-21 17:18:17.814189,2024-01-22 15:54:17.814189,22.6,1.35,normal,0.41,9.9,8.6,0.8,0.4,0,4.17,3.67,0
V03951,tanker,192.5,29.6,11.3,133717,3701,2024-01-21 19:49:35.343110,2024-01-21 21:57:59.343110,2024-01-22 17:15:59.343110,19.3,2.14,normal,0.98,39.3,7.8,4.0,2.1,1,2.65,4.56,0
V04235,bulk,204.6,27.5,8.1,123199,4319,2024-01-21 20:57:06.960232,2024-01-21 23:39:06.960232,2024-01-22 18:51:06.960232,19.2,2.7,low,0.89,24.6,7.3,2.5,3.5,1,4.03,4.65,0
V02668,tanker,299.3,43.6,13.5,256433,4180,2024-01-21 23:13:46.496784,2024-01-22 01:17:58.496784,2024-01-23 12:23:58.496784,35.1,2.07,normal,0.85,24.7,5.3,2.4,0.1,1,7.21,4.51,1
V03489,container,350.7,57.6,8.3,176258,1191,2024-01-22 04:19:46.287017,2024-01-22 06:30:34.287017,2024-01-22 14:12:34.287017,7.7,2.18,high,0.7,24.1,7.4,2.1,6.5,1,4.2,2.32,0
V01941,roro,155.9,20.3,8.9,92466,780,2024-01-22 22:54:49.731896,2024-01-23 00:16:25.731896,2024-01-23 08:28:25.731896,8.2,1.36,low,0.63,31.7,7.0,3.2,0.4,1,5.77,3.04,1
V04077,bulk,282.4,37.0,8.0,152863,3000,2024-01-23 08:09:00.438187,2024-01-23 09:32:24.438187,2024-01-24 01:14:24.438187,15.7,1.39,normal,0.74,15.4,5.8,1.1,2.6,0,2.08,7.88,0
V04692,bulk,256.8,40.3,8.7,166424,2266,2024-01-23 08:22:22.124356,2024-01-23 09:39:46.124356,2024-01-24 07:21:46.124356,21.7,1.29,high,0.7,16.8,6.2,2.1,0.2,0,2.17,1.86,0
V01308,bulk,112.2,14.6,11.2,85682,1982,2024-01-23 12:31:06.766128,2024-01-23 14:52:42.766128,2024-01-25 03:22:42.766128,36.5,2.36,normal,0.69,27.1,8.7,3.2,0.6,1,7.29,5.17,1
V05943,container,359.8,54.9,13.9,305512,3125,2024-01-23 16:44:09.947233,2024-01-23 19:15:21.947233,2024-01-24 07:15:21.947233,12.0,2.52,normal,0.75,33.8,5.6,4.0,0.5,1,5.4,0.95,0
V01416,bulk,118.9,16.8,12.9,105029,3424,2024-01-23 17:50:26.539894,2024-01-23 20:41:26.539894,2024-01-24 08:29:26.539894,11.8,2.85,normal,0.69,23.3,7.4,2.4,0.5,1,3.76,0.44,0
V03626,bulk,129.1,20.7,10.0,85146,3416,2024-01-23 19:04:59.392904,2024-01-23 20:10:59.392904,2024-01-24 16:52:59.392904,20.7,1.1,normal,0.74,18.6,4.3,1.6,2.3,0,2.39,1.07,0
V01098,bulk,150.9,19.8,12.0,141306,2577,2024-01-24 12:10:48.273436,2024-01-24 15:04:48.273436,2024-01-26 09:16:48.273436,42.2,2.9,low,0.64,30.7,7.4,3.1,1.5,1,5.87,3.18,1
V04504,general,200.6,27.1,9.1,135893,4286,2024-01-24 14:36:08.550242,2024-01-24 15:52:20.550242,2024-01-25 03:10:20.550242,11.3,1.27,normal,0.67,16.2,5.5,1.2,0.8,0,8.0,1.77,1
V03259,bulk,280.2,42.2,9.7,214652,4907,2024-01-24 16:55:05.264221,2024-01-24 19:05:17.264221,2024-01-26 15:53:17.264221,44.8,2.17,normal,0.57,24.5,7.1,2.1,1.2,1,6.3,7.13,1
V04701,container,345.7,48.0,10.8,273881,2993,2024-01-25 02:05:42.275683,2024-01-25 04:23:06.275683,2024-01-25 23:41:06.275683,19.3,2.29,low,0.74,24.1,6.0,2.3,1.0,1,7.62,3.96,1
V03177,bulk,182.9,25.9,10.4,122084,1132,2024-01-25 05:45:37.050383,2024-01-25 07:06:37.050383,2024-01-25 17:42:37.050383,10.6,1.35,normal,0.9,17.6,6.5,1.4,1.4,0,5.66,3.75,1
V04884,tanker,266.8,38.7,12.1,199540,4349,2024-01-25 06:04:20.494264,2024-01-25 07:49:20.494264,2024-01-26 02:07:20.494264,18.3,1.75,normal,0.82,22.8,5.0,2.8,1.8,1,5.19,1.91,0
V03450,container,297.9,47.4,14.7,299392,3864,2024-01-25 07:00:04.539433,2024-01-25 09:43:52.539433,2024-01-26 00:01:52.539433,14.3,2.73,normal,0.73,29.2,5.7,3.0,2.7,1,3.82,0.98,0
V01104,general,169.1,23.1,8.8,103021,542,2024-01-25 07:54:20.656355,2024-01-25 08:54:56.656355,2024-01-26 04:24:56.656355,19.5,1.01,normal,0.81,13.6,9.4,1.9,0.4,0,2.72,1.97,0
V03568,bulk,176.2,28.2,7.9,100211,886,2024-01-25 13:03:50.899890,2024-01-25 15:27:14.899890,2024-01-27 00:21:14.899890,32.9,2.39,normal,0.53,19.1,2.9,1.9,1.7,1,5.99,3.88,1
V01431,bulk,140.0,21.5,8.9,76560,1164,2024-01-25 14:41:14.717196,2024-01-25 17:10:02.717196,2024-01-26 12:46:02.717196,19.6,2.48,normal,0.77,27.6,8.4,3.4,2.0,1,7.75,2.17,1
V05178,container,258.6,40.8,13.4,212717,2120,2024-01-25 21:51:43.488056,2024-01-25 23:38:31.488056,2024-01-26 12:38:31.488056,13.0,1.78,normal,0.45,25.5,7.8,2.6,0.5,1,2.01,4.96,0
V03555,tanker,266.0,40.6,11.8,200248,4223,2024-01-26 00:03:58.652952,2024-01-26 03:44:46.652952,2024-01-27 05:14:46.652952,25.5,3.68,normal,0.53,23.9,2.9,2.8,0.5,2,3.91,2.9,0
V03966,container,362.2,48.6,12.4,270874,572,2024-01-26 03:08:08.519796,2024-01-26 04:02:44.519796,2024-01-26 14:26:44.519796,10.4,0.91,normal,0.98,13.3,3.3,0.8,0.4,0,7.78,3.62,1
V03829,bulk,120.9,18.4,8.5,80105,931,2024-01-26 03:09:07.975981,2024-01-26 05:35:31.975981,2024-01-27 03:17:31.975981,21.7,2.44,normal,0.88,24.4,4.9,2.3,0.6,1,7.79,3.35,1
V02829,tanker,308.5,40.2,11.3,253133,3538,2024-01-26 04:06:22.233295,2024-01-26 06:38:10.233295,2024-01-28 17:20:10.233295,58.7,2.53,normal,0.66,36.6,7.2,3.4,0.6,1,7.98,3.11,1
V04876,container,259.6,43.3,11.7,208510,3171,2024-01-26 16:01:57.861836,2024-01-26 17:18:45.861836,2024-01-27 07:36:45.861836,14.3,1.28,normal,0.68,15.3,10.5,1.1,0.9,0,7.97,3.01,1
V04347,tanker,234.8,35.5,12.4,186692,1479,2024-01-27 04:30:41.109765,2024-01-27 06:04:53.109765,2024-01-28 10:10:53.109765,28.1,1.57,normal,0.8,19.5,6.7,1.9,3.5,0,7.99,0.35,1
V04727,general,167.9,24.7,8.9,105852,789,2024-01-27 11:32:37.978155,2024-01-27 12:24:13.978155,2024-01-27 20:30:13.978155,8.1,0.86,normal,0.81,7.2,3.1,0.5,1.5,0,2.16,1.51,0
V03377,container,251.6,37.5,13.5,263135,4251,2024-01-27 13:21:21.412546,2024-01-27 14:28:33.412546,2024-01-29 01:10:33.412546,34.7,1.12,normal,0.69,9.9,5.2,0.9,0.1,0,4.04,6.61,0
V05576,container,189.9,29.6,12.6,179541,1611,2024-01-27 15:26:23.717251,2024-01-27 16:37:11.717251,2024-01-28 08:07:11.717251,15.5,1.18,normal,0.81,10.2,4.1,1.0,1.2,0,7.0,2.35,1
V01211,container,193.8,27.8,9.3,123639,4239,2024-01-27 16:56:48.331636,2024-01-27 19:05:12.331636,2024-01-28 17:53:12.331636,22.8,2.14,normal,0.54,23.8,5.7,1.8,1.2,1,7.99,6.97,1
V05281,bulk,145.7,23.9,9.9,91009,1263,2024-01-27 18:40:12.458044,2024-01-27 21:10:12.458044,2024-01-28 23:04:12.458044,25.9,2.5,high,0.69,38.9,8.0,3.9,0.9,1,7.1,1.56,1
V03094,roro,136.1,19.3,10.1,94198,1768,2024-01-28 00:53:08.584533,2024-01-28 02:08:44.584533,2024-01-28 11:38:44.584533,9.5,1.26,normal,1.0,20.9,5.8,2.4,1.6,1,2.92,2.73,0
V03697,roro,123.4,17.5,7.3,59549,1976,2024-01-28 02:03:15.376055,2024-01-28 02:49:27.376055,2024-01-28 15:01:27.376055,12.2,0.77,normal,0.88,12.4,8.6,1.3,0.5,0,4.48,2.1,0
V01258,roro,159.0,24.9,6.7,79457,3088,2024-01-28 08:42:37.911790,2024-01-28 09:24:37.911790,2024-01-28 19:30:37.911790,10.1,0.7,normal,0.86,9.3,5.4,0.7,1.7,0,4.83,1.33,0
V05859,container,378.2,51.3,14.6,433109,2975,2024-01-28 13:25:58.602806,2024-01-28 14:18:10.602806,2024-01-29 05:54:10.602806,15.6,0.87,normal,0.85,12.2,8.8,1.5,4.1,0,3.08,2.71,0
V02008,general,170.4,25.4,7.0,88666,4443,2024-01-28 18:34:00.007046,2024-01-28 19:46:00.007046,2024-01-29 05:40:00.007046,9.9,1.2,normal,0.86,10.9,7.1,1.3,0.3,0,7.83,3.15,1
V03333,bulk,260.9,42.2,11.4,216583,2207,2024-01-28 19:18:27.505560,2024-01-28 21:43:03.505560,2024-01-29 20:25:03.505560,22.7,2.41,normal,1.0,31.5,4.2,3.5,0.2,1,7.27,2.65,1
V05134,bulk,239.8,39.4,10.1,167584,1568,2024-01-28 20:35:42.716669,2024-01-28 22:05:06.716669,2024-01-29 19:23:06.716669,21.3,1.49,normal,0.65,16.7,4.3,1.1,0.1,0,5.61,6.09,1
V02543,general,183.7,30.2,9.6,140892,1322,2024-01-28 22:39:20.371066,2024-01-29 00:21:56.371066,2024-01-29 17:09:56.371066,16.8,1.71,normal,0.74,28.9,4.0,2.9,2.1,1,2.77,3.97,0
V03900,container,336.1,48.9,14.5,322979,2851,2024-01-29 02:01:04.075554,2024-01-29 04:38:16.075554,2024-01-30 06:14:16.075554,25.6,2.62,normal,0.67,25.7,7.5,2.5,4.1,1,3.31,4.0,0
V01088,roro,119.3,19.0,6.5,55497,1734,2024-01-29 05:13:19.404496,2024-01-29 06:09:07.404496,2024-01-29 12:33:07.404496,6.4,0.93,normal,0.52,15.3,5.6,1.6,1.2,0,7.56,3.93,1
V01921,container,365.7,60.1,13.8,394313,2339,2024-01-29 08:56:00.709982,2024-01-29 09:59:00.709982,2024-01-30 00:53:00.709982,14.9,1.05,normal,0.83,19.2,7.3,2.2,0.0,0,5.7,1.24,1
V04652,tanker,280.7,45.5,13.3,246959,4893,2024-01-29 11:40:21.784701,2024-01-29 14:13:57.784701,2024-01-30 01:55:57.784701,11.7,2.56,normal,0.73,30.1,4.0,3.2,1.1,1,2.26,5.9,0
V01301,tanker,329.0,49.9,10.4,241792,2325,2024-01-29 17:38:46.254231,2024-01-29 20:06:22.254231,2024-01-30 06:30:22.254231,10.4,2.46,normal,0.79,21.0,9.2,1.6,1.5,1,7.58,3.02,1
V04415,bulk,164.8,26.6,8.9,97049,563,2024-01-30 01:55:03.044805,2024-01-30 03:01:03.044805,2024-01-30 17:49:03.044805,14.8,1.1,normal,0.87,9.9,5.1,1.0,3.8,0,2.39,1.44,0
V03502,roro,202.5,28.1,9.8,155293,2512,2024-01-30 05:11:59.547408,2024-01-30 06:05:23.547408,2024-01-30 17:53:23.547408,11.8,0.89,normal,0.79,17.2,4.6,2.0,0.5,0,6.71,5.35,1
V05444,tanker,147.8,22.8,13.2,144417,4004,2024-01-30 06:10:42.326736,2024-01-30 08:44:54.326736,2024-01-31 00:26:54.326736,15.7,2.57,normal,0.87,6.4,2.7,0.9,0.5,1,7.68,0.84,1
V04733,bulk,178.9,25.6,7.7,105799,4151,2024-01-30 09:22:51.793826,2024-01-30 11:14:27.793826,2024-02-01 02:50:27.793826,39.6,1.86,high,0.78,14.9,9.2,1.7,1.7,0,6.21,2.35,1
V02918,tanker,177.5,25.7,9.1,98375,4553,2024-01-30 10:14:57.344435,2024-01-30 12:50:21.344435,2024-01-31 02:38:21.344435,13.8,2.59,normal,0.71,27.4,10.5,2.4,2.4,1,4.93,5.55,0
V02155,bulk,105.8,17.8,12.6,105291,4747,2024-01-30 13:49:57.064643,2024-01-30 16:01:57.064643,2024-02-01 02:43:57.064643,34.7,2.2,normal,0.74,25.5,8.7,2.6,3.0,1,2.11,3.41,0
V03792,bulk,291.9,46.4,9.1,203782,1641,2024-01-30 21:59:05.940060,2024-01-31 00:48:17.940060,2024-01-31 19:42:17.940060,18.9,2.82,normal,0.74,32.4,5.3,2.6,0.1,1,5.92,4.06,1
V04569,container,335.9,53.4,13.8,341500,1543,2024-01-31 13:09:37.392191,2024-01-31 14:06:37.392191,2024-02-01 00:42:37.392191,10.6,0.95,normal,0.56,19.4,7.5,2.4,0.3,0,2.33,2.71,0
V01964,bulk,126.5,19.6,12.2,103547,638,2024-01-31 14:40:25.370169,2024-01-31 17:17:37.370169,2024-02-02 02:23:37.370169,33.1,2.62,normal,0.8,21.6,7.6,2.6,0.2,1,2.13,3.34,0
V04990,bulk,132.3,21.4,9.3,79580,3706,2024-01-31 15:13:12.226337,2024-01-31 16:28:48.226337,2024-02-01 14:22:48.226337,21.9,1.26,normal,0.96,8.0,6.6,0.2,1.5,0,2.47,4.84,0
V05451,bulk,205.7,26.8,9.0,124254,1862,2024-01-31 17:49:25.838658,2024-01-31 21:41:37.838658,2024-02-02 16:53:37.838658,43.2,3.87,normal,0.79,43.5,8.9,4.0,1.3,2,5.93,2.27,1
V03872,container,152.2,25.8,11.9,118537,3573,2024-01-31 20:09:41.597376,2024-01-31 21:13:53.597376,2024-02-01 11:49:53.597376,14.6,1.07,low,0.64,13.7,4.7,1.2,2.1,0,7.99,0.67,1
V03527,tanker,324.1,47.5,11.1,281360,2923,2024-02-01 05:19:25.459290,2024-02-01 07:18:13.459290,2024-02-01 20:54:13.459290,13.6,1.98,normal,0.68,31.7,5.0,2.9,1.5,1,4.58,1.98,0
V04240,bulk,203.3,26.6,9.2,145011,1169,2024-02-01 10:34:13.337152,2024-02-01 12:37:13.337152,2024-02-02 23:55:13.337152,35.3,2.05,normal,0.63,22.7,5.9,2.2,0.8,1,6.75,2.98,1
V05145,bulk,246.2,36.8,8.2,136347,1603,2024-02-01 19:35:25.373252,2024-02-01 21:46:13.373252,2024-02-03 06:40:13.373252,32.9,2.18,normal,0.92,28.1,11.5,2.9,1.1,1,7.16,1.55,1
V01060,container,337.6,46.9,9.6,229264,3168,2024-02-02 03:25:18.632833,2024-02-02 05:46:18.632833,2024-02-02 18:40:18.632833,12.9,2.35,normal,0.8,22.3,6.1,2.3,0.2,1,2.01,1.3,0
V03864,container,351.8,58.7,11.8,286060,3574,2024-02-02 04:47:18.732679,2024-02-02 06:54:30.732679,2024-02-02 18:18:30.732679,11.4,2.12,normal,0.86,20.3,6.3,1.7,0.9,1,2.81,6.79,0
V01467,container,251.5,41.0,8.5,133650,4564,2024-02-02 08:41:57.628561,2024-02-02 11:14:57.628561,2024-02-03 05:08:57.628561,17.9,2.55,normal,0.72,20.1,9.0,2.2,2.2,1,7.76,5.94,1
V01897,container,251.5,37.8,13.7,255157,3856,2024-02-02 12:45:26.404554,2024-02-02 15:02:50.404554,2024-02-03 13:08:50.404554,22.1,2.29,normal,0.8,25.4,6.1,2.4,1.0,1,4.76,6.22,0
V04775,bulk,130.6,20.8,7.8,65607,3216,2024-02-02 16:06:23.098308,2024-02-02 18:09:59.098308,2024-02-03 11:15:59.098308,17.1,2.06,normal,0.84,23.1,8.9,2.6,5.8,1,2.06,2.94,0
V04247,tanker,164.1,21.9,13.5,149449,925,2024-02-02 18:43:44.368489,2024-02-02 20:35:20.368489,2024-02-03 17:29:20.368489,20.9,1.86,normal,0.87,29.6,6.4,2.4,0.5,1,4.89,0.96,0
V01950,roro,124.8,17.4,9.2,89639,948,2024-02-02 21:38:00.302199,2024-02-02 23:19:24.302199,2024-02-03 15:01:24.302199,15.7,1.69,normal,0.6,25.9,7.6,2.3,3.0,1,7.97,8.08,1
V03944,bulk,275.5,42.3,8.5,157763,3885,2024-02-03 08:14:54.187635,2024-02-03 09:49:42.187635,2024-02-03 23:49:42.187635,14.0,1.58,normal,1.0,15.5,9.7,1.4,1.2,0,6.52,0.39,1
V03349,container,255.7,41.6,8.8,148107,3951,2024-02-03 10:17:53.229877,2024-02-03 12:08:53.229877,2024-02-04 10:38:53.229877,22.5,1.85,low,0.83,24.2,9.9,2.3,1.5,1,8.0,1.46,1
V05355,container,229.8,30.7,10.0,155645,2901,2024-02-03 11:00:14.733235,2024-02-03 12:21:50.733235,2024-02-03 22:09:50.733235,9.8,1.36,normal,0.67,13.3,10.4,1.4,6.6,0,7.81,4.58,1
V03608,general,120.3,18.6,8.5,70693,2203,2024-02-03 11:30:04.810220,2024-02-03 13:00:04.810220,2024-02-04 05:00:04.810220,16.0,1.5,normal,0.75,23.9,6.7,2.3,3.8,1,7.46,4.88,1
V04683,container,254.4,43.1,9.3,189221,729,2024-02-03 15:04:08.323279,2024-02-03 16:55:08.323279,2024-02-04 15:31:08.323279,22.6,1.85,low,0.78,29.2,7.9,3.1,0.6,1,2.75,4.25,0
V02807,container,222.6,34.4,8.2,131897,3765,2024-02-04 01:34:55.496569,2024-02-04 02:46:19.496569,2024-02-04 22:40:19.496569,19.9,1.19,low,0.76,15.9,7.7,2.3,0.7,0,5.33,2.9,0
V01232,roro,218.8,34.4,9.4,162313,1831,2024-02-04 03:02:44.171073,2024-02-04 04:15:20.171073,2024-02-04 17:15:20.171073,13.0,1.21,normal,0.93,11.9,9.2,0.9,0.0,0,3.23,0.94,0
V05769,tanker,265.7,36.5,11.4,208883,606,2024-02-04 13:14:17.407151,2024-02-04 15:04:05.407151,2024-02-05 11:22:05.407151,20.3,1.83,low,0.67,29.7,6.0,3.1,0.7,1,6.4,3.05,1
V05590,roro,123.7,16.7,6.4,59229,1082,2024-02-04 14:34:26.658021,2024-02-04 16:42:50.658021,2024-02-05 13:54:50.658021,21.2,2.14,normal,1.0,21.1,5.4,2.2,1.9,1,4.43,4.75,0
V05707,general,107.9,16.4,8.6,63171,4022,2024-02-04 16:06:27.225094,2024-02-04 16:55:39.225094,2024-02-05 06:55:39.225094,14.0,0.82,normal,0.76,12.6,4.0,1.8,2.5,0,2.53,5.85,0
V04902,bulk,146.8,20.1,12.0,124510,3617,2024-02-04 16:46:09.235787,2024-02-04 19:29:57.235787,2024-02-06 11:53:57.235787,40.4,2.73,normal,0.89,33.2,8.4,3.8,0.7,1,2.11,3.55,0
V04886,general,158.5,21.2,7.2,68503,4718,2024-02-05 00:51:51.933809,2024-02-05 01:53:39.933809,2024-02-05 21:41:39.933809,19.8,1.03,normal,0.59,11.1,7.3,1.5,2.1,0,7.31,4.42,1
V05953,container,154.6,25.5,14.5,150573,952,2024-02-05 03:38:25.484328,2024-02-05 05:53:25.484328,2024-02-05 21:41:25.484328,15.8,2.25,normal,0.81,27.0,7.5,2.4,5.9,1,3.49,2.15,0
V02528,container,265.0,36.1,13.7,288788,816,2024-02-05 06:01:14.081972,2024-02-05 07:57:02.081972,2024-02-06 09:15:02.081972,25.3,1.93,normal,0.74,21.6,7.7,2.6,0.1,1,2.04,2.89,0
V01848,roro,206.5,34.6,9.8,126022,3672,2024-02-05 07:49:08.146705,2024-02-05 08:53:56.146705,2024-02-05 18:59:56.146705,10.1,1.08,normal,0.57,9.2,4.6,0.7,1.5,0,3.57,2.08,0
V05656,container,229.2,38.7,12.7,227759,1617,2024-02-05 11:08:19.939592,2024-02-05 12:16:07.939592,2024-02-06 07:10:07.939592,18.9,1.13,normal,0.6,15.4,4.3,1.4,1.7,0,7.78,4.86,1
V04218,general,156.1,24.9,9.6,92077,3951,2024-02-05 12:39:03.998899,2024-02-05 13:56:27.998899,2024-02-06 10:38:27.998899,20.7,1.29,normal,0.88,7.6,8.2,0.7,1.8,0,7.79,2.74,1
V03381,general,188.1,28.3,8.2,100395,2547,2024-02-05 15:05:32.500745,2024-02-05 17:07:56.500745,2024-02-06 15:19:56.500745,22.2,2.04,normal,0.74,23.9,6.5,2.3,3.8,1,4.86,3.87,0
V01195,general,192.4,29.1,9.8,131553,2308,2024-02-06 02:31:40.402810,2024-02-06 04:31:04.402810,2024-02-07 04:19:04.402810,23.8,1.99,normal,0.68,22.9,4.5,2.5,0.5,1,6.28,2.7,1
V02047,roro,221.7,35.1,6.4,100329,574,2024-02-06 03:58:36.268174,2024-02-06 05:40:00.268174,2024-02-06 15:04:00.268174,9.4,1.69,normal,0.85,23.0,6.5,2.2,4.2,1,4.14,3.36,0
V03551,bulk,154.9,24.7,8.7,97731,3132,2024-02-06 08:30:40.198096,2024-02-06 10:59:28.198096,2024-02-07 20:35:28.198096,33.6,2.48,normal,0.64,30.5,8.1,2.8,2.2,1,3.43,3.12,0
V02624,roro,152.3,23.6,8.8,106669,1906,2024-02-06 16:15:38.304334,2024-02-06 18:22:50.304334,2024-02-07 07:22:50.304334,13.0,2.12,normal,0.74,31.4,10.2,2.9,3.8,1,4.31,2.4,0
V03661,container,328.9,54.6,14.6,311643,1958,2024-02-06 16:29:27.482661,2024-02-06 17:46:51.482661,2024-02-07 08:10:51.482661,14.4,1.29,normal,0.66,11.1,6.8,0.9,4.9,0,3.97,3.19,0
V02210,roro,113.2,18.3,10.3,77316,2098,2024-02-06 16:54:25.301497,2024-02-06 18:32:13.301497,2024-02-07 01:26:13.301497,6.9,1.63,normal,0.82,20.6,7.6,1.7,1.4,1,3.4,3.14,0
V01340,general,94.8,15.4,7.5,55972,2811,2024-02-06 21:08:33.069888,2024-02-06 22:59:33.069888,2024-02-07 13:17:33.069888,14.3,1.85,normal,0.3,26.1,9.0,2.3,1.1,1,3.74,2.32,0
V04146,general,92.2,15.2,9.0,50528,4996,2024-02-07 00:09:24.424111,2024-02-07 01:14:12.424111,2024-02-07 10:44:12.424111,9.5,1.08,normal,0.49,15.6,6.6,1.6,3.5,0,7.66,1.66,1
V02010,container,336.2,50.0,14.7,365824,3817,2024-02-07 01:19:25.847188,2024-02-07 03:48:49.847188,2024-02-08 02:30:49.847188,22.7,2.49,normal,0.89,37.0,6.5,3.8,0.1,1,7.98,3.96,1
V03780,container,308.4,42.8,10.3,205620,3505,2024-02-07 02:26:16.961170,2024-02-07 04:17:52.961170,2024-02-08 01:47:52.961170,21.5,1.86,normal,0.7,32.7,5.4,3.3,0.8,1,7.34,4.6,1
V02555,container,325.3,45.4,9.3,205396,1916,2024-02-07 05:27:19.175069,2024-02-07 06:39:19.175069,2024-02-08 04:09:19.175069,21.5,1.2,normal,0.79,13.5,5.8,1.2,0.6,0,3.22,3.55,0
V04712,tanker,251.9,35.1,12.9,236164,3371,2024-02-07 08:09:14.298766,2024-02-07 10:30:50.298766,2024-02-08 17:00:50.298766,30.5,2.36,normal,1.0,34.8,6.9,3.3,6.0,1,2.28,2.43,0
V02481,roro,113.8,18.0,7.7,69371,4914,2024-02-07 10:27:20.436569,2024-02-07 11:24:20.436569,2024-02-07 23:48:20.436569,12.4,0.95,low,0.87,11.8,7.8,1.4,0.2,0,5.08,5.83,0
V03225,container,284.6,38.4,9.0,193942,3622,2024-02-07 11:20:34.253082,2024-02-07 12:24:10.253082,2024-02-08 10:48:10.253082,22.4,1.06,normal,0.74,16.4,7.7,1.6,3.9,0,6.38,0.32,1
V04023,tanker,190.8,27.6,9.8,146887,4151,2024-02-07 14:27:32.224024,2024-02-07 18:42:32.224024,2024-02-08 16:00:32.224024,21.3,4.25,normal,0.66,25.4,2.9,2.5,0.8,2,7.65,1.42,1
V03883,tanker,173.2,27.3,9.1,123225,4089,2024-02-07 15:46:31.187115,2024-02-07 18:02:43.187115,2024-02-08 03:02:43.187115,9.0,2.27,normal,0.48,22.8,6.9,2.3,0.9,1,6.22,5.76,1
V03202,container,158.7,23.7,11.6,138548,4396,2024-02-07 21:20:17.763822,2024-02-07 23:23:17.763822,2024-02-08 12:53:17.763822,13.5,2.05,normal,0.76,4.6,2.8,0.7,2.2,1,2.98,1.93,0
V03833,general,207.2,32.3,9.3,132955,3557,2024-02-08 00:15:22.348455,2024-02-08 01:21:58.348455,2024-02-08 09:51:58.348455,8.5,1.11,normal,0.68,12.0,8.1,1.2,1.1,0,7.02,5.4,1
V05427,general,188.7,29.6,7.8,94097,1474,2024-02-08 03:23:36.786262,2024-02-08 05:28:24.786262,2024-02-08 22:16:24.786262,16.8,2.08,normal,0.7,27.1,5.7,2.6,0.3,1,7.18,6.39,1
V03903,bulk,229.7,35.0,9.0,143435,2185,2024-02-08 10:21:18.267372,2024-02-08 11:59:42.267372,2024-02-09 11:17:42.267372,23.3,1.64,normal,0.71,2.9,8.3,0.3,2.6,0,3.75,1.25,0
V05293,general,96.5,15.8,7.2,46838,1713,2024-02-08 14:46:42.956362,2024-02-08 15:52:42.956362,2024-02-09 09:16:42.956362,17.4,1.1,normal,0.63,16.2,9.8,1.3,2.0,0,7.91,3.78,1
V03868,container,159.1,25.3,10.3,102141,3360,2024-02-08 16:41:54.638580,2024-02-08 17:52:42.638580,2024-02-09 19:10:42.638580,25.3,1.18,normal,0.68,10.7,4.8,0.9,0.5,0,6.04,3.26,1
V03666,bulk,149.7,23.9,11.5,108417,2071,2024-02-08 21:28:27.287575,2024-02-08 23:03:51.287575,2024-02-09 17:09:51.287575,18.1,1.59,low,0.82,13.3,8.4,0.8,0.5,0,2.36,1.22,0
V05428,tanker,135.0,20.0,11.9,100052,2049,2024-02-09 02:03:42.245253,2024-02-09 04:36:06.245253,2024-02-10 01:12:06.245253,20.6,2.54,normal,0.59,21.8,7.3,1.9,1.6,1,7.84,4.45,1
V02843,container,300.5,40.7,14.2,266871,1868,2024-02-09 04:15:39.682206,2024-02-09 05:31:51.682206,2024-02-10 04:55:51.682206,23.4,1.27,low,0.46,12.5,8.1,1.5,1.8,0,7.11,5.65,1
V02663,general,195.0,27.4,6.4,87894,4855,2024-02-09 07:08:42.206562,2024-02-09 08:11:42.206562,2024-02-09 23:59:42.206562,15.8,1.05,normal,0.62,19.2,8.1,2.0,2.4,0,3.11,0.48,0
V01875,roro,165.3,27.1,8.1,101906,3790,2024-02-09 09:21:54.410744,2024-02-09 10:18:18.410744,2024-02-09 15:00:18.410744,4.7,0.94,normal,0.7,5.2,6.0,0.2,1.5,0,2.08,2.86,0
V02841,container,304.2,40.3,8.7,197147,3382,2024-02-09 13:26:46.485416,2024-02-09 15:16:34.485416,2024-02-10 14:16:34.485416,23.0,1.83,high,0.64,21.4,8.7,2.5,1.2,1,7.01,1.47,1
V04794,bulk,212.7,31.8,12.6,168969,2420,2024-02-09 17:46:57.047346,2024-02-09 18:58:57.047346,2024-02-11 16:04:57.047346,45.1,1.2,normal,0.88,20.0,5.7,2.3,0.1,0,5.63,6.27,1
V04455,roro,112.8,16.9,7.8,60062,2551,2024-02-09 18:40:16.435651,2024-02-09 20:15:04.435651,2024-02-10 03:15:04.435651,7.0,1.58,normal,0.76,23.4,6.6,2.8,2.6,1,4.29,4.16,0
V04430,tanker,211.2,32.7,10.0,138344,2431,2024-02-10 07:42:20.846527,2024-02-10 10:57:56.846527,2024-02-11 01:39:56.846527,14.7,3.26,normal,1.0,20.1,10.1,1.7,4.1,1,3.41,4.72,0
V04343,container,193.4,32.6,13.3,159936,1238,2024-02-10 11:48:56.420403,2024-02-10 13:23:08.420403,2024-02-11 10:17:08.420403,20.9,1.57,low,0.73,29.6,9.2,3.1,1.1,1,3.56,6.01,0
V05132,roro,165.7,27.7,6.6,75185,2739,2024-02-10 16:29:06.922351,2024-02-10 17:44:06.922351,2024-02-11 04:50:06.922351,11.1,1.25,normal,0.81,29.7,7.6,2.9,1.6,1,7.87,1.89,1
V05553,roro,147.3,21.3,8.6,90634,3326,2024-02-10 23:51:08.619627,2024-02-11 00:44:32.619627,2024-02-11 07:50:32.619627,7.1,0.89,normal,0.4,1.7,7.6,0.1,3.4,0,3.11,3.62,0
V04093,tanker,212.1,30.0,11.7,171072,2462,2024-02-11 09:10:12.202774,2024-02-11 11:07:12.202774,2024-02-12 19:13:12.202774,32.1,1.95,normal,0.7,28.5,5.4,2.9,0.8,1,2.66,6.1,0
V03229,container,298.2,46.6,9.1,170563,2266,2024-02-11 11:57:08.384960,2024-02-11 13:04:56.384960,2024-02-12 03:58:56.384960,14.9,1.13,normal,0.67,16.1,7.0,1.0,0.3,0,2.78,0.84,0
V05611,bulk,272.6,44.3,11.4,247217,1414,2024-02-11 16:50:52.233469,2024-02-11 19:48:28.233469,2024-02-12 17:06:28.233469,21.3,2.96,normal,0.8,23.1,4.0,1.5,1.2,1,7.99,0.79,1
V05254,bulk,148.3,19.7,10.2,114961,3445,2024-02-13 16:29:38.556044,2024-02-13 19:38:38.556044,2024-02-14 23:50:38.556044,28.2,3.15,normal,0.59,33.1,10.5,3.5,2.5,1,6.83,9.28,1
V01172,tanker,185.7,28.6,10.4,149330,4760,2024-02-13 18:13:58.729485,2024-02-13 20:51:46.729485,2024-02-14 15:15:46.729485,18.4,2.63,normal,0.74,23.2,10.1,2.3,1.8,1,8.0,2.35,1
V01997,container,211.5,28.9,14.2,184066,1711,2024-02-14 03:52:48.735147,2024-02-14 05:15:36.735147,2024-02-14 21:51:36.735147,16.6,1.38,normal,0.67,13.4,7.3,1.5,1.0,0,5.42,4.34,0
V01143,container,166.8,23.7,10.8,116459,1765,2024-02-14 06:13:57.441248,2024-02-14 07:53:33.441248,2024-02-15 01:53:33.441248,18.0,1.66,normal,0.76,27.6,6.4,2.7,0.6,1,7.92,3.55,1
V04249,bulk,293.2,39.0,7.0,156149,3824,2024-02-14 10:35:47.224220,2024-02-14 14:08:11.224220,2024-02-15 15:50:11.224220,25.7,3.54,normal,0.46,26.1,3.7,2.8,1.2,1,3.82,4.02,0
V05733,bulk,276.2,42.9,9.3,185757,2396,2024-02-14 18:45:47.397566,2024-02-14 21:18:11.397566,2024-02-15 14:00:11.397566,16.7,2.54,normal,0.67,23.9,4.3,1.7,0.8,1,7.96,6.26,1
V05615,container,376.2,61.4,10.0,247735,2359,2024-02-14 20:03:56.015428,2024-02-14 22:26:08.015428,2024-02-15 09:44:08.015428,11.3,2.37,normal,0.89,26.4,10.7,2.9,1.1,1,7.65,6.48,1
V02725,general,118.9,19.1,5.9,44666,686,2024-02-15 00:01:16.322092,2024-02-15 01:06:04.322092,2024-02-15 15:54:04.322092,14.8,1.08,high,0.83,10.1,8.0,1.4,0.3,0,2.61,3.62,0
V05643,bulk,205.8,27.1,12.6,169441,977,2024-02-15 09:15:29.106457,2024-02-15 11:23:53.106457,2024-02-16 21:47:53.106457,34.4,2.14,normal,0.7,33.5,6.8,3.1,6.0,1,6.89,1.33,1
V02425,container,378.4,59.5,13.3,342761,2998,2024-02-15 11:46:50.922543,2024-02-15 13:50:26.922543,2024-02-16 04:14:26.922543,14.4,2.06,normal,0.85,24.6,5.7,2.1,2.2,1,3.31,3.98,0
V02780,tanker,285.8,44.3,9.9,179886,4760,2024-02-15 16:10:40.561170,2024-02-15 18:10:40.561170,2024-02-16 09:34:40.561170,15.4,2.0,normal,0.9,23.3,7.9,2.1,1.0,1,4.07,3.35,0
V02701,bulk,211.3,35.0,9.7,145881,4655,2024-02-15 20:14:05.304308,2024-02-15 22:14:05.304308,2024-02-16 20:08:05.304308,21.9,2.0,normal,0.85,6.0,7.0,1.2,0.7,0,7.96,0.67,1
V01466,container,159.3,21.8,9.4,99960,2383,2024-02-16 00:01:27.122497,2024-02-16 02:41:39.122497,2024-02-16 07:35:39.122497,4.9,2.67,normal,0.84,30.6,3.7,3.2,0.6,1,3.51,0.8,0
V02011,container,303.5,44.6,14.2,294225,2493,2024-02-16 00:46:21.613540,2024-02-16 03:19:21.613540,2024-02-17 00:55:21.613540,21.6,2.55,normal,0.51,33.1,7.8,3.7,0.4,1,2.65,5.85,0
V04059,tanker,129.0,18.8,10.9,112202,4154,2024-02-16 01:04:54.521631,2024-02-16 02:51:06.521631,2024-02-17 02:15:06.521631,23.4,1.77,normal,0.78,17.5,8.5,1.8,0.6,0,2.39,3.33,0
V01091,container,219.7,31.7,9.8,132958,4716,2024-02-16 01:48:38.364068,2024-02-16 03:24:02.364068,2024-02-17 02:06:02.364068,22.7,1.59,normal,0.75,6.3,7.8,0.3,0.8,0,2.03,4.68,0
V04289,bulk,150.3,21.4,11.1,131027,1024,2024-02-16 04:26:29.897938,2024-02-16 06:36:41.897938,2024-02-17 05:48:41.897938,23.2,2.17,normal,0.76,30.0,7.5,3.1,0.3,1,3.88,2.31,0
V03477,general,108.8,16.1,9.3,61041,3395,2024-02-16 07:29:45.722066,2024-02-16 08:42:57.722066,2024-02-17 07:42:57.722066,23.0,1.22,normal,0.83,25.5,10.6,2.4,0.4,1,7.75,4.33,1
V04058,container,314.5,45.0,12.3,285123,3405,2024-02-16 13:42:37.527662,2024-02-16 15:50:25.527662,2024-02-17 02:56:25.527662,11.1,2.13,normal,0.57,24.1,5.5,2.3,3.7,1,2.24,2.79,0
V01263,container,342.9,54.1,12.7,292904,4457,2024-02-16 18:44:17.655162,2024-02-16 19:56:53.655162,2024-02-17 16:50:53.655162,20.9,1.21,normal,0.61,16.4,7.5,1.7,0.8,0,6.64,1.33,1
V02771,bulk,118.7,19.1,8.9,81924,4608,2024-02-16 23:14:22.411457,2024-02-17 00:59:58.411457,2024-02-17 13:53:58.411457,12.9,1.76,normal,0.74,9.1,4.0,0.6,0.8,0,5.84,2.27,1
V01514,roro,136.7,20.6,9.7,86681,3995,2024-02-17 05:40:04.313273,2024-02-17 06:52:04.313273,2024-02-18 04:58:04.313273,22.1,1.2,normal,0.69,26.1,6.4,2.2,1.5,1,4.5,6.48,0
V02921,container,154.3,22.8,11.4,107654,1102,2024-02-17 11:40:36.672092,2024-02-17 12:55:36.672092,2024-02-17 21:49:36.672092,8.9,1.25,normal,0.53,8.3,6.9,0.8,3.4,0,5.79,2.85,1
V05071,container,176.5,23.5,14.5,164734,2473,2024-02-17 12:53:32.127734,2024-02-17 15:22:20.127734,2024-02-18 14:16:20.127734,22.9,2.48,normal,0.83,24.1,9.2,2.6,1.4,1,3.97,3.64,0
V03800,general,134.2,18.8,8.5,87424,3244,2024-02-17 20:39:30.675517,2024-02-17 22:10:06.675517,2024-02-18 11:28:06.675517,13.3,1.51,normal,0.65,33.3,6.0,3.0,0.8,1,7.73,2.96,1
V05459,general,181.6,24.2,9.9,124581,4547,2024-02-17 22:32:17.577695,2024-02-18 00:28:05.577695,2024-02-18 11:46:05.577695,11.3,1.93,normal,0.71,29.1,5.6,3.0,1.3,1,7.59,2.41,1
V04383,tanker,182.2,27.9,12.7,178691,2651,2024-02-17 22:50:28.370577,2024-02-18 01:30:04.370577,2024-02-18 17:00:04.370577,15.5,2.66,high,1.0,24.8,4.6,2.8,0.3,1,7.33,2.03,1
V04944,bulk,282.0,41.5,11.5,206503,695,2024-02-17 23:13:51.823214,2024-02-18 01:58:51.823214,2024-02-18 21:10:51.823214,19.2,2.75,normal,0.82,25.4,7.4,2.4,2.4,1,6.92,1.87,1
V02794,bulk,270.8,46.0,9.7,157627,993,2024-02-17 23:45:51.684843,2024-02-18 01:19:27.684843,2024-02-19 08:43:27.684843,31.4,1.56,normal,1.0,17.1,6.6,1.3,5.6,0,6.23,0.92,1
V04842,container,352.0,56.4,13.8,313089,1113,2024-02-18 00:58:52.627136,2024-02-18 01:51:40.627136,2024-02-18 21:51:40.627136,20.0,0.88,normal,0.59,16.1,5.8,2.0,0.0,0,4.42,5.01,0
V05072,container,289.5,47.1,11.6,264781,3843,2024-02-18 03:52:41.818066,2024-02-18 07:05:53.818066,2024-02-20 06:47:53.818066,47.7,3.22,high,0.63,43.1,6.3,4.7,0.3,2,2.01,0.39,0
V02733,bulk,254.0,39.7,11.5,233548,2569,2024-02-18 05:41:50.083872,2024-02-18 08:28:38.083872,2024-02-19 08:40:38.083872,24.2,2.78,high,0.72,28.5,8.1,2.8,0.8,1,3.41,1.19,0
V01404,container,347.7,48.9,11.2,252484,2674,2024-02-18 16:16:52.864182,2024-02-18 18:31:16.864182,2024-02-19 10:37:16.864182,16.1,2.24,normal,0.53,28.0,6.0,2.8,1.0,1,2.01,5.77,0
V04714,bulk,265.6,35.8,11.2,205233,1669,2024-02-18 17:19:28.691174,2024-02-18 19:27:16.691174,2024-02-19 23:21:16.691174,27.9,2.13,normal,0.61,35.3,4.3,3.7,0.2,1,2.56,5.05,0
V05914,bulk,171.5,27.5,9.0,96293,4355,2024-02-18 21:13:43.810248,2024-02-18 22:19:43.810248,2024-02-19 20:25:43.810248,22.1,1.1,normal,1.0,17.1,3.8,1.4,0.3,0,7.57,0.58,1
V01714,container,278.9,46.3,8.6,187428,3642,2024-02-19 12:15:40.319373,2024-02-19 14:11:28.319373,2024-02-20 10:11:28.319373,20.0,1.93,normal,0.82,30.9,4.8,2.8,0.6,1,7.11,0.13,1
V04551,general,117.7,16.3,5.4,45751,682,2024-02-19 14:22:42.624031,2024-02-19 16:28:06.624031,2024-02-19 23:58:06.624031,7.5,2.09,normal,0.83,20.4,2.0,2.3,0.0,2,4.13,3.06,0
V01478,tanker,187.1,31.5,10.3,151214,2558,2024-02-20 07:09:53.941686,2024-02-20 09:26:41.941686,2024-02-21 04:08:41.941686,18.7,2.28,normal,0.75,30.5,4.5,2.9,0.9,1,3.24,4.37,0
V02394,container,179.8,28.9,10.4,116182,1534,2024-02-20 09:18:15.860297,2024-02-20 11:35:39.860297,2024-02-21 21:35:39.860297,34.0,2.29,normal,0.6,26.3,4.9,2.5,1.4,1,6.33,0.98,1
V04981,general,99.3,16.8,5.5,39588,4639,2024-02-20 12:50:32.970275,2024-02-20 14:30:08.970275,2024-02-21 06:48:08.970275,16.3,1.66,normal,0.78,23.1,8.2,2.2,1.6,1,7.33,5.64,1
V03045,bulk,217.3,30.9,13.0,222067,1943,2024-02-21 09:43:51.777031,2024-02-21 11:12:39.777031,2024-02-22 21:18:39.777031,34.1,1.48,normal,0.61,4.4,11.0,0.3,2.4,0,5.8,2.86,1
V02574,container,287.9,37.5,11.0,241167,1053,2024-02-21 11:18:18.268594,2024-02-21 12:46:30.268594,2024-02-21 20:28:30.268594,7.7,1.47,normal,0.7,22.0,6.2,1.8,9.3,1,7.63,2.24,1
V02278,container,216.8,31.3,12.3,201333,3432,2024-02-21 17:03:16.234508,2024-02-21 18:38:04.234508,2024-02-22 09:02:04.234508,14.4,1.58,low,0.59,17.6,5.2,1.4,0.3,0,2.77,6.11,0
V04116,tanker,183.1,24.5,10.9,132632,4851,2024-02-21 20:24:48.825186,2024-02-21 22:11:36.825186,2024-02-22 04:17:36.825186,6.1,1.78,normal,0.6,8.3,6.2,0.9,0.7,0,3.3,3.85,0
V01660,container,224.1,31.9,11.1,198251,4163,2024-02-21 21:20:52.114652,2024-02-21 22:40:04.114652,2024-02-22 17:16:04.114652,18.6,1.32,normal,0.37,12.9,7.7,1.3,0.4,0,4.62,6.88,0
V05510,tanker,311.6,42.5,9.2,182886,768,2024-02-21 22:29:40.404247,2024-02-22 00:48:16.404247,2024-02-22 12:54:16.404247,12.1,2.31,normal,0.5,25.1,10.8,2.3,1.4,1,6.31,2.5,1
V02234,bulk,245.5,33.5,7.9,122683,4509,2024-02-21 23:08:50.035319,2024-02-22 00:45:26.035319,2024-02-22 23:03:26.035319,22.3,1.61,normal,0.72,8.5,7.1,1.0,0.4,0,7.12,0.85,1
V03215,roro,103.7,15.8,10.6,68411,1467,2024-02-22 00:41:32.040102,2024-02-22 02:21:44.040102,2024-02-22 13:27:44.040102,11.1,1.67,normal,1.0,21.2,9.2,1.8,6.5,1,8.0,3.55,1
V03920,bulk,251.9,36.4,10.8,186750,3666,2024-02-22 03:03:45.920593,2024-02-22 05:46:21.920593,2024-02-23 18:58:21.920593,37.2,2.71,normal,0.77,21.8,7.1,2.0,7.2,1,6.09,1.58,1
V04548,general,203.9,33.4,7.3,90373,1874,2024-02-22 04:19:52.812196,2024-02-22 06:03:40.812196,2024-02-22 11:09:40.812196,5.1,1.73,normal,0.87,26.4,7.5,2.9,1.9,1,4.2,3.44,0
V01427,roro,205.8,30.0,9.4,116121,1041,2024-02-22 06:06:18.469224,2024-02-22 07:52:30.469224,2024-02-22 14:04:30.469224,6.2,1.77,high,0.82,36.9,7.6,4.2,0.9,1,2.24,2.21,0
V04553,tanker,290.4,43.9,9.6,173756,4000,2024-02-23 06:19:45.864609,2024-02-23 08:35:57.864609,2024-02-24 08:23:57.864609,23.8,2.27,high,1.0,32.0,7.0,2.2,2.6,1,2.69,3.53,0
V01315,container,222.6,34.8,8.9,120445,3190,2024-02-23 06:40:13.154540,2024-02-23 09:09:01.154540,2024-02-24 15:03:01.154540,29.9,2.48,normal,0.93,6.8,2.3,0.8,0.1,1,2.4,2.45,0
V02752,container,175.7,24.6,9.1,101312,3533,2024-02-23 18:48:41.364668,2024-02-23 19:49:17.364668,2024-02-25 00:13:17.364668,28.4,1.01,normal,0.62,2.0,5.9,0.3,0.1,0,2.62,4.13,0
V04472,tanker,307.1,45.3,10.3,247586,3135,2024-02-24 16:03:19.183124,2024-02-24 17:14:43.183124,2024-02-25 17:14:43.183124,24.0,1.19,low,0.41,18.3,5.7,1.8,1.2,0,7.32,2.93,1
V02798,roro,238.1,37.0,9.5,159763,1324,2024-02-24 19:05:57.981723,2024-02-24 19:53:21.981723,2024-02-25 05:41:21.981723,9.8,0.79,high,0.75,12.5,7.3,1.1,1.7,0,3.16,2.59,0
V04213,container,167.5,27.3,14.1,166421,3481,2024-02-25 02:44:29.681548,2024-02-25 04:03:41.681548,2024-02-25 10:45:41.681548,6.7,1.32,normal,0.52,19.5,10.4,1.9,0.5,0,7.95,2.62,1
V04147,container,312.0,41.6,14.4,280054,3008,2024-02-25 06:36:23.527439,2024-02-25 09:27:59.527439,2024-02-26 10:03:59.527439,24.6,2.86,normal,0.75,20.3,4.0,1.3,0.5,1,4.39,4.35,0
V05009,bulk,243.9,38.9,9.1,136975,1397,2024-02-25 07:36:16.363990,2024-02-25 09:00:16.363990,2024-02-26 06:48:16.363990,21.8,1.4,high,0.88,18.0,8.2,1.6,0.4,0,3.04,2.99,0
V04317,bulk,269.5,44.7,12.5,242633,1934,2024-02-25 08:49:28.662475,2024-02-25 11:30:16.662475,2024-02-26 13:42:16.662475,26.2,2.68,normal,0.88,31.9,4.2,2.9,2.0,1,2.09,7.8,0
V05705,tanker,221.0,34.5,12.1,165968,3403,2024-02-25 10:24:58.696233,2024-02-25 11:31:34.696233,2024-02-25 21:43:34.696233,10.2,1.11,normal,0.83,2.1,7.2,0.3,0.5,0,2.47,1.77,0
V02036,bulk,146.5,19.5,9.1,88835,2573,2024-02-25 10:37:18.142854,2024-02-25 13:19:18.142854,2024-02-26 12:25:18.142854,23.1,2.7,high,0.78,22.9,6.4,2.9,0.3,1,2.65,2.53,0
V02619,general,197.7,25.8,8.9,137661,1737,2024-02-25 12:30:25.480014,2024-02-25 13:42:25.480014,2024-02-26 07:18:25.480014,17.6,1.2,normal,0.83,19.8,7.2,2.4,0.9,0,5.16,6.84,0
V03982,container,255.2,36.6,9.3,176371,1550,2024-02-25 18:47:02.743889,2024-02-25 20:41:38.743889,2024-02-26 14:23:38.743889,17.7,1.91,normal,0.92,37.0,6.4,3.9,3.3,1,4.72,5.44,0
V03033,tanker,237.0,38.9,12.8,196514,3000,2024-02-25 21:59:22.687319,2024-02-26 00:16:46.687319,2024-02-26 16:28:46.687319,16.2,2.29,normal,0.39,21.9,7.0,2.1,0.5,1,2.03,0.81,0
V01157,container,297.3,40.6,12.7,269215,3972,2024-02-26 13:44:35.839595,2024-02-26 15:03:11.839595,2024-02-27 01:57:11.839595,10.9,1.31,normal,0.56,18.5,6.8,1.8,0.0,0,5.82,4.21,1
V04450,container,216.4,30.9,10.4,165417,747,2024-02-27 04:02:47.394451,2024-02-27 06:00:23.394451,2024-02-28 01:30:23.394451,19.5,1.96,normal,0.6,34.9,5.8,4.2,0.2,1,7.84,4.58,1
V02040,tanker,277.1,37.8,9.9,177572,2146,2024-02-27 11:38:23.831337,2024-02-27 13:34:47.831337,2024-02-28 15:40:47.831337,26.1,1.94,normal,0.63,27.6,4.9,2.8,1.3,1,2.21,5.14,0
V02690,bulk,250.8,37.9,7.4,115895,1820,2024-02-27 13:37:55.643460,2024-02-27 14:57:43.643460,2024-02-28 22:39:43.643460,31.7,1.33,normal,0.75,17.0,7.9,1.2,2.5,0,4.44,2.51,0
V05871,container,297.9,39.5,12.7,241372,2599,2024-02-28 16:01:04.630670,2024-02-28 18:11:16.630670,2024-02-29 04:11:16.630670,10.0,2.17,normal,0.78,25.1,8.3,2.9,3.3,1,6.74,3.61,1
V01861,general,108.1,15.4,9.4,61241,4295,2024-02-28 18:07:19.229296,2024-02-28 20:00:07.229296,2024-02-29 12:42:07.229296,16.7,1.88,normal,0.79,22.4,7.8,1.7,0.4,1,7.98,2.39,1
V05029,container,345.9,56.7,11.8,309681,2185,2024-02-28 21:44:22.133186,2024-02-28 22:53:58.133186,2024-02-29 07:53:58.133186,9.0,1.16,high,0.5,11.3,3.8,1.2,3.8,0,3.9,3.98,0
V02570,bulk,220.6,29.5,11.9,194821,1954,2024-02-29 00:40:43.048617,2024-02-29 01:59:55.048617,2024-03-01 03:11:55.048617,25.2,1.32,normal,0.61,12.7,8.1,1.3,0.1,0,2.13,1.15,0
V01556,tanker,208.8,30.2,11.8,193961,747,2024-02-29 03:03:42.712080,2024-02-29 05:37:18.712080,2024-03-01 08:19:18.712080,26.7,2.56,normal,0.79,23.6,5.8,2.2,0.6,1,4.79,4.95,0
V03650,bulk,206.0,32.8,10.8,137797,1512,2024-02-29 03:17:45.796976,2024-02-29 05:15:57.796976,2024-03-01 04:27:57.796976,23.2,1.97,normal,0.84,23.0,5.7,1.9,0.6,1,5.15,3.79,0
V04424,general,169.3,25.0,8.6,107942,1746,2024-02-29 10:08:35.133222,2024-02-29 12:16:59.133222,2024-03-01 04:40:59.133222,16.4,2.14,high,0.69,38.9,7.4,4.1,1.5,1,3.9,3.56,0
V02665,container,284.0,40.3,13.9,307689,3292,2024-02-29 22:30:28.741429,2024-03-01 00:38:52.741429,2024-03-02 04:56:52.741429,28.3,2.14,normal,1.0,36.1,4.4,4.0,0.8,1,3.95,3.26,0
V02019,tanker,285.1,39.2,10.4,181100,3080,2024-03-01 00:13:10.038946,2024-03-01 01:38:22.038946,2024-03-01 11:20:22.038946,9.7,1.42,normal,0.79,8.1,10.0,1.2,0.6,0,2.18,3.49,0
V04092,bulk,166.5,27.1,7.6,80209,2818,2024-03-01 13:13:50.478106,2024-03-01 17:21:02.478106,2024-03-03 10:09:02.478106,40.8,4.12,low,0.85,23.0,6.8,2.8,0.1,1,2.0,5.69,0
V02083,tanker,232.3,35.6,12.9,196979,3804,2024-03-01 18:02:12.453219,2024-03-01 19:57:24.453219,2024-03-03 04:09:24.453219,32.2,1.92,normal,0.81,15.5,7.7,1.6,1.4,0,7.21,2.87,1
V03382,bulk,113.9,15.4,7.3,54814,1666,2024-03-01 18:44:32.930772,2024-03-01 22:16:56.930772,2024-03-03 09:10:56.930772,34.9,3.54,low,0.9,24.9,7.9,2.9,0.4,1,7.78,4.67,1
V01141,tanker,148.2,21.4,10.5,118402,1754,2024-03-02 08:44:19.853914,2024-03-02 11:56:19.853914,2024-03-03 06:08:19.853914,18.2,3.2,low,0.87,24.6,8.6,2.7,0.2,1,7.73,4.51,1
V04253,bulk,292.2,42.7,7.2,156267,2432,2024-03-02 11:16:57.385660,2024-03-02 12:32:33.385660,2024-03-02 19:38:33.385660,7.1,1.26,normal,0.92,12.6,4.5,1.4,1.3,0,4.57,7.12,0
V04601,general,198.8,33.5,8.3,99686,4687,2024-03-02 21:59:47.815365,2024-03-02 23:03:23.815365,2024-03-03 19:51:23.815365,20.8,1.06,normal,0.7,13.9,6.6,0.8,1.0,0,6.96,2.54,1
V05380,tanker,152.9,20.3,9.7,109263,1915,2024-03-02 22:25:21.083046,2024-03-03 02:17:33.083046,2024-03-03 18:35:33.083046,16.3,3.87,high,1.0,22.4,5.8,1.9,0.5,1,6.43,0.95,1
V01174,container,285.6,44.4,12.3,227777,3713,2024-03-03 04:12:31.151153,2024-03-03 06:33:31.151153,2024-03-04 03:21:31.151153,20.8,2.35,normal,0.64,21.5,6.2,2.1,0.2,1,3.06,6.23,0
V01356,tanker,256.0,39.6,9.1,163515,2956,2024-03-03 06:29:18.913708,2024-03-03 07:32:18.913708,2024-03-03 22:50:18.913708,15.3,1.05,normal,1.0,15.2,5.8,1.7,0.0,0,6.31,1.59,1
V05973,container,190.4,24.9,14.5,187833,1449,2024-03-03 10:01:53.911983,2024-03-03 13:11:29.911983,2024-03-03 23:23:29.911983,10.2,3.16,normal,0.52,20.9,8.3,2.2,0.2,1,7.34,6.48,1
V05384,bulk,276.9,39.8,9.9,178228,1595,2024-03-03 10:31:03.429064,2024-03-03 12:11:51.429064,2024-03-04 16:17:51.429064,28.1,1.68,normal,0.76,0.0,6.2,0.0,0.6,0,6.82,1.21,1
V04397,general,157.7,25.9,6.4,66215,3450,2024-03-03 11:55:43.494840,2024-03-03 13:42:31.494840,2024-03-04 00:06:31.494840,10.4,1.78,normal,0.78,20.9,5.3,2.8,1.1,1,4.8,4.33,0
V04166,container,196.3,32.4,13.3,194704,2872,2024-03-03 15:34:26.702080,2024-03-03 17:02:02.702080,2024-03-04 09:02:02.702080,16.0,1.46,normal,0.95,9.5,7.8,1.0,0.4,0,2.17,5.36,0
V04313,general,195.5,25.7,8.0,117285,4887,2024-03-03 18:50:28.041477,2024-03-03 21:30:40.041477,2024-03-04 19:42:40.041477,22.2,2.67,normal,0.67,23.9,4.4,2.5,0.9,1,6.24,3.08,1
V05980,container,377.1,56.4,14.5,331870,2801,2024-03-04 05:00:25.166220,2024-03-04 06:08:49.166220,2024-03-05 02:26:49.166220,20.3,1.14,normal,0.64,8.1,5.7,0.8,1.7,0,3.05,5.63,0
V01869,bulk,117.3,17.0,7.3,59321,3241,2024-03-04 06:49:11.722970,2024-03-04 10:11:59.722970,2024-03-05 12:23:59.722970,26.2,3.38,normal,0.98,25.0,6.8,2.4,0.5,1,5.63,8.89,1
V01428,general,96.5,13.4,10.0,58127,4988,2024-03-04 18:42:25.132645,2024-03-04 19:48:25.132645,2024-03-05 16:12:25.132645,20.4,1.1,low,0.57,7.2,8.2,1.1,1.4,0,4.86,0.0,0
V05050,tanker,162.3,22.0,9.8,105613,1824,2024-03-04 20:54:19.316786,2024-03-04 22:47:07.316786,2024-03-05 19:17:07.316786,20.5,1.88,normal,1.0,13.5,7.8,1.2,0.0,0,7.63,5.62,1
V02356,container,354.3,54.7,12.0,269465,4360,2024-03-04 22:30:39.985761,2024-03-05 00:16:15.985761,2024-03-05 17:10:15.985761,16.9,1.76,normal,0.92,19.7,7.5,2.3,0.1,0,7.86,0.69,1
V02727,tanker,167.8,26.3,10.1,108000,3477,2024-03-04 22:59:41.741615,2024-03-05 00:38:41.741615,2024-03-05 15:26:41.741615,14.8,1.65,normal,0.77,0.0,7.3,0.2,0.2,0,7.55,3.86,1
V01939,bulk,176.9,29.4,10.9,131762,1915,2024-03-05 07:16:55.016605,2024-03-05 07:58:55.016605,2024-03-06 16:40:55.016605,32.7,0.7,normal,0.94,7.7,3.6,0.4,0.0,0,5.12,0.14,0
V01373,container,243.5,36.9,11.4,211988,1273,2024-03-05 09:18:12.480733,2024-03-05 11:42:12.480733,2024-03-05 18:48:12.480733,7.1,2.4,low,0.8,21.8,9.5,2.7,0.5,1,7.63,7.14,1
V03660,bulk,238.7,33.1,8.0,149076,1982,2024-03-05 23:00:07.022229,2024-03-06 00:33:43.022229,2024-03-06 11:09:43.022229,10.6,1.56,normal,0.86,16.6,6.0,1.8,0.8,0,7.96,3.36,1
V04709,container,173.9,25.9,13.7,166539,4511,2024-03-06 06:36:36.827279,2024-03-06 09:05:24.827279,2024-03-07 00:47:24.827279,15.7,2.48,normal,0.57,23.6,7.1,2.4,1.0,1,3.06,3.59,0
V04707,bulk,196.7,32.7,7.8,103551,3121,2024-03-06 10:06:46.670800,2024-03-06 11:44:34.670800,2024-03-08 13:02:34.670800,49.3,1.63,normal,0.86,12.6,5.2,1.1,1.2,0,7.63,8.26,1
V02076,bulk,205.1,34.2,7.8,125702,3575,2024-03-06 11:39:21.951727,2024-03-06 13:35:09.951727,2024-03-07 13:53:09.951727,24.3,1.93,low,0.46,14.1,10.1,1.3,0.3,0,7.88,4.9,1
V05222,general,154.2,22.4,9.3,96466,4073,2024-03-06 18:40:18.596823,2024-03-06 19:53:30.596823,2024-03-07 15:11:30.596823,19.3,1.22,normal,0.57,9.3,8.0,0.2,1.7,0,2.7,1.26,0
V04803,container,366.4,47.7,8.0,212551,2037,2024-03-06 20:10:53.383821,2024-03-06 21:48:05.383821,2024-03-09 05:36:05.383821,55.8,1.62,high,0.75,6.1,6.6,0.9,0.3,0,4.67,1.61,0
V05867,container,260.2,41.2,8.7,176383,2552,2024-03-07 09:22:36.923427,2024-03-07 10:49:36.923427,2024-03-08 05:01:36.923427,18.2,1.45,low,1.0,10.5,7.4,1.0,0.1,0,5.86,2.15,1
V05619,bulk,281.2,38.2,11.2,193886,2947,2024-03-07 11:10:21.362583,2024-03-07 12:46:21.362583,2024-03-09 03:34:21.362583,38.8,1.6,normal,0.92,8.4,6.7,0.8,1.0,0,7.8,5.7,1
V04277,roro,205.7,27.9,6.3,89308,3797,2024-03-07 16:09:05.712699,2024-03-07 18:24:41.712699,2024-03-08 02:24:41.712699,8.0,2.26,normal,0.88,21.1,6.2,2.6,0.5,1,3.35,1.09,0
V04404,general,186.8,25.5,7.2,96427,4051,2024-03-08 02:50:56.152102,2024-03-08 05:09:32.152102,2024-03-08 18:39:32.152102,13.5,2.31,low,0.81,23.9,6.6,3.0,1.0,1,5.83,2.2,1
V05416,tanker,190.8,30.2,11.2,156419,3979,2024-03-08 03:05:20.303566,2024-03-08 05:01:08.303566,2024-03-08 19:19:08.303566,14.3,1.93,normal,0.37,6.8,8.4,0.8,0.1,0,5.47,1.52,0
V04702,bulk,137.5,19.5,11.5,116456,1658,2024-03-08 09:40:52.230121,2024-03-08 11:48:04.230121,2024-03-09 09:24:04.230121,21.6,2.12,normal,0.99,4.3,8.5,0.6,0.0,0,5.12,4.54,0
V03756,tanker,251.9,35.9,10.0,168492,4137,2024-03-09 13:57:08.985478,2024-03-09 16:43:20.985478,2024-03-10 07:37:20.985478,14.9,2.77,normal,0.71,23.5,4.8,2.3,0.1,1,7.92,1.69,1
V03687,bulk,286.2,38.8,8.3,182549,3726,2024-03-09 23:53:42.695432,2024-03-10 02:00:18.695432,2024-03-11 06:36:18.695432,28.6,2.11,normal,0.68,14.1,8.3,1.8,1.3,0,6.58,5.92,1
V03191,general,92.7,13.4,7.9,45978,1412,2024-03-10 05:25:02.607765,2024-03-10 07:05:14.607765,2024-03-11 00:47:14.607765,17.7,1.67,high,0.8,12.6,8.5,1.2,0.2,0,4.37,1.82,0
V05379,tanker,270.1,35.2,13.9,275116,4068,2024-03-10 06:00:34.878286,2024-03-10 07:43:10.878286,2024-03-11 08:01:10.878286,24.3,1.71,normal,0.53,6.2,9.3,0.8,1.0,0,3.53,0.74,0
V04804,tanker,301.5,46.5,9.7,220278,4720,2024-03-10 12:37:48.422166,2024-03-10 13:45:36.422166,2024-03-11 07:57:36.422166,18.2,1.13,low,0.69,14.1,8.8,1.5,0.3,0,6.99,2.95,1
V02853,general,157.5,22.4,8.6,101468,2045,2024-03-10 12:37:52.346216,2024-03-10 13:49:16.346216,2024-03-11 01:31:16.346216,11.7,1.19,low,0.73,16.9,3.6,1.9,0.9,0,6.99,0.85,1
V05691,container,287.5,42.2,14.4,312170,4099,2024-03-10 15:32:18.622192,2024-03-10 16:48:30.622192,2024-03-11 09:54:30.622192,17.1,1.27,high,0.81,12.2,5.9,1.7,1.2,0,7.43,2.81,1
V03975,roro,142.9,22.0,8.5,81270,4307,2024-03-10 18:44:12.820803,2024-03-10 21:10:36.820803,2024-03-11 13:34:36.820803,16.4,2.44,normal,0.74,25.6,9.4,2.3,1.0,1,3.12,5.46,0
V03616,bulk,155.6,25.9,7.1,82917,2628,2024-03-11 00:58:20.571775,2024-03-11 03:03:44.571775,2024-03-12 01:51:44.571775,22.8,2.09,normal,0.83,19.2,5.2,2.0,0.2,0,6.92,2.55,1
V04082,bulk,189.2,32.1,10.4,147903,4852,2024-03-11 02:40:32.952600,2024-03-11 05:38:44.952600,2024-03-11 21:08:44.952600,15.5,2.97,high,0.73,24.3,9.3,2.6,0.3,1,8.0,6.07,1
V04445,container,226.4,36.1,13.0,188796,2220,2024-03-11 05:08:44.758326,2024-03-11 07:58:32.758326,2024-03-11 18:04:32.758326,10.1,2.83,normal,0.68,20.1,8.8,2.0,0.1,1,5.98,3.52,1
V05026,general,81.5,10.7,8.4,51684,3664,2024-03-11 05:26:24.399037,2024-03-11 07:54:36.399037,2024-03-11 23:30:36.399037,15.6,2.47,normal,0.54,39.5,7.2,3.9,1.1,1,5.54,1.71,1
V03486,roro,129.2,20.7,8.5,75417,746,2024-03-12 10:33:29.870609,2024-03-12 11:40:41.870609,2024-03-12 22:40:41.870609,11.0,1.12,normal,0.98,9.8,6.2,1.1,0.2,0,2.28,2.86,0
V03271,bulk,217.5,28.5,11.0,162496,4967,2024-03-12 11:30:08.634663,2024-03-12 13:10:56.634663,2024-03-13 12:52:56.634663,23.7,1.68,low,0.7,5.7,9.9,0.2,0.2,0,3.17,1.13,0
V01330,container,337.0,46.7,12.1,263968,3326,2024-03-12 18:43:14.670787,2024-03-12 21:15:38.670787,2024-03-13 13:09:38.670787,15.9,2.54,normal,0.31,26.6,8.8,2.5,0.7,1,5.42,0.07,0
V04019,tanker,244.1,35.6,13.2,194123,1459,2024-03-13 05:32:54.539754,2024-03-13 07:15:30.539754,2024-03-14 00:33:30.539754,17.3,1.71,normal,0.86,16.2,6.7,1.5,0.3,0,7.42,1.46,1
V03425,roro,214.1,32.5,7.5,111052,3047,2024-03-14 14:09:14.701615,2024-03-14 16:06:50.701615,2024-03-15 03:24:50.701615,11.3,1.96,high,1.0,30.9,8.8,3.2,0.1,1,4.63,4.21,0
V01911,roro,194.3,26.6,9.9,123569,2894,2024-03-15 10:43:12.732883,2024-03-15 13:04:12.732883,2024-03-15 18:28:12.732883,5.4,2.35,normal,0.82,20.7,5.4,2.2,0.2,1,2.7,0.84,0
V02707,tanker,154.2,23.1,9.7,111544,3880,2024-03-15 23:58:23.553559,2024-03-16 01:38:35.553559,2024-03-16 21:56:35.553559,20.3,1.67,normal,0.63,14.7,7.2,1.7,0.3,0,2.11,2.22,0
V02895,container,291.9,45.6,10.0,206692,2405,2024-03-16 06:03:06.631485,2024-03-16 07:37:18.631485,2024-03-16 22:25:18.631485,14.8,1.57,normal,0.77,10.2,11.1,1.5,1.0,0,7.84,5.56,1
V01708,general,211.7,30.1,6.0,82317,2114,2024-03-16 06:40:50.125167,2024-03-16 09:44:26.125167,2024-03-17 00:38:26.125167,14.9,3.06,normal,0.64,23.5,7.5,2.4,0.0,1,8.0,4.4,1
V02277,container,193.8,26.0,12.6,193975,4408,2024-03-16 12:12:09.603778,2024-03-16 15:10:21.603778,2024-03-17 11:10:21.603778,20.0,2.97,low,0.96,26.1,8.5,2.5,1.3,1,2.19,1.15,0
V03092,tanker,237.5,32.0,10.8,165028,3960,2024-03-16 17:20:36.709944,2024-03-16 19:06:12.709944,2024-03-17 20:18:12.709944,25.2,1.76,normal,0.92,18.7,10.2,1.9,2.2,0,6.89,5.46,1
V01436,bulk,192.7,26.4,10.6,152855,1862,2024-03-16 20:51:34.453220,2024-03-17 00:17:22.453220,2024-03-17 16:41:22.453220,16.4,3.43,normal,0.62,20.6,6.1,2.3,0.3,1,6.88,3.92,1
V02972,general,180.2,25.1,8.2,113861,3873,2024-03-16 22:24:11.125997,2024-03-17 02:03:11.125997,2024-03-18 09:03:11.125997,31.0,3.65,normal,0.92,40.7,10.1,4.1,0.8,2,4.69,2.17,0
V04083,bulk,207.1,31.4,7.0,104100,4437,2024-03-17 02:31:18.282991,2024-03-17 05:15:42.282991,2024-03-18 06:39:42.282991,25.4,2.74,normal,0.86,21.5,6.6,2.6,0.8,1,2.56,2.66,0
V04294,tanker,227.8,35.6,11.1,153355,841,2024-03-17 02:50:32.395285,2024-03-17 04:40:20.395285,2024-03-17 16:10:20.395285,11.5,1.83,normal,0.62,19.8,9.0,1.7,0.7,0,2.87,0.33,0
V03354,roro,230.7,37.0,8.1,129732,1549,2024-03-17 03:48:05.632094,2024-03-17 05:00:05.632094,2024-03-17 13:00:05.632094,8.0,1.2,low,0.67,5.6,8.8,0.1,0.5,0,4.1,4.88,0
V04825,bulk,279.8,42.2,9.0,177370,3420,2024-03-17 08:08:34.851468,2024-03-17 11:37:22.851468,2024-03-19 03:43:22.851468,40.1,3.48,normal,0.77,25.1,4.8,2.8,0.1,1,7.84,2.89,1
V03888,bulk,113.5,15.3,8.0,62396,793,2024-03-17 08:15:27.868910,2024-03-17 10:03:27.868910,2024-03-18 09:09:27.868910,23.1,1.8,normal,0.95,3.8,8.3,0.0,0.0,0,7.78,1.92,1
V04154,container,287.1,40.2,8.0,145257,1444,2024-03-17 12:56:22.591180,2024-03-17 15:16:10.591180,2024-03-18 13:28:10.591180,22.2,2.33,normal,0.87,28.8,6.1,2.7,0.2,1,2.22,7.64,0
V02142,bulk,288.9,42.4,11.3,223719,4634,2024-03-17 17:57:24.319115,2024-03-17 20:59:12.319115,2024-03-19 20:23:12.319115,47.4,3.03,normal,1.0,22.0,4.8,2.2,0.8,1,6.66,4.23,1
V05006,roro,152.3,21.0,10.2,94298,629,2024-03-17 23:01:43.120823,2024-03-18 00:40:07.120823,2024-03-18 07:28:07.120823,6.8,1.64,normal,0.61,20.5,7.1,1.9,0.6,1,4.96,5.04,0
V04049,tanker,304.3,44.3,9.4,216367,4310,2024-03-18 08:29:08.940009,2024-03-18 11:39:20.940009,2024-03-19 21:09:20.940009,33.5,3.17,normal,0.78,21.5,4.5,2.4,0.1,1,7.99,7.71,1
V02627,tanker,178.0,28.0,13.4,159606,2424,2024-03-18 23:26:35.202269,2024-03-19 01:13:23.202269,2024-03-19 15:49:23.202269,14.6,1.78,normal,0.54,10.0,9.0,1.6,0.4,0,5.54,3.43,1
V01277,tanker,305.0,42.8,9.2,194458,1521,2024-03-19 00:44:30.369439,2024-03-19 02:27:42.369439,2024-03-19 21:21:42.369439,18.9,1.72,normal,0.42,19.4,8.0,1.9,0.3,0,3.62,2.68,0
V03334,tanker,172.6,28.2,9.4,126060,1240,2024-03-19 02:48:05.479817,2024-03-19 04:21:05.479817,2024-03-19 17:09:05.479817,12.8,1.55,low,0.88,9.2,6.8,0.8,0.8,0,2.0,0.28,0
V02932,general,176.5,24.9,9.0,104484,4389,2024-03-19 06:45:55.373232,2024-03-19 09:17:07.373232,2024-03-19 17:23:07.373232,8.1,2.52,normal,0.77,21.7,11.5,2.1,0.1,1,6.13,1.23,1
V02645,bulk,281.4,37.1,7.4,130250,1024,2024-03-19 09:15:49.338726,2024-03-19 11:25:25.338726,2024-03-20 08:07:25.338726,20.7,2.16,normal,0.83,19.0,6.3,2.2,0.6,0,7.99,0.51,1
V01399,bulk,253.0,37.8,9.6,177210,583,2024-03-19 10:24:21.655332,2024-03-19 13:45:21.655332,2024-03-21 19:57:21.655332,54.2,3.35,low,0.92,26.5,10.7,2.8,0.2,1,7.37,0.49,1
V02255,roro,135.3,21.4,6.9,74256,3875,2024-03-19 12:56:45.973391,2024-03-19 14:13:33.973391,2024-03-19 23:13:33.973391,9.0,1.28,normal,0.78,12.1,4.3,1.4,0.3,0,3.89,2.77,0
V05225,general,155.1,20.4,8.5,80070,1387,2024-03-19 16:36:45.263954,2024-03-19 18:06:45.263954,2024-03-20 13:24:45.263954,19.3,1.5,normal,0.88,8.2,6.6,0.7,0.6,0,2.64,2.48,0
V05094,general,179.8,26.8,10.0,128066,2340,2024-03-19 22:46:14.698967,2024-03-20 01:22:14.698967,2024-03-20 17:22:14.698967,16.0,2.6,normal,0.77,21.6,8.3,2.2,0.1,1,7.4,7.95,1
V04655,bulk,298.2,41.7,9.0,214516,4898,2024-03-20 10:09:07.230933,2024-03-20 12:21:43.230933,2024-03-21 20:39:43.230933,32.3,2.21,high,0.65,6.3,8.4,0.7,0.2,0,7.98,3.62,1
V01956,roro,168.7,22.6,9.2,121198,3059,2024-03-20 12:31:53.196443,2024-03-20 14:09:05.196443,2024-03-21 03:09:05.196443,13.0,1.62,normal,0.66,22.0,8.0,2.3,1.9,1,5.71,4.53,1
V04675,general,86.4,13.2,7.6,45161,2762,2024-03-20 13:29:43.868238,2024-03-20 14:41:07.868238,2024-03-21 03:41:07.868238,13.0,1.19,normal,0.81,15.9,11.3,1.6,1.5,0,4.25,2.03,0
V05289,tanker,221.2,34.7,10.4,166907,2562,2024-03-20 22:01:44.213749,2024-03-20 23:43:44.213749,2024-03-21 09:31:44.213749,9.8,1.7,normal,0.73,11.7,6.5,1.3,0.2,0,7.97,5.42,1
V04268,bulk,279.3,41.2,12.5,243325,2685,2024-03-20 23:50:31.699529,2024-03-21 01:30:43.699529,2024-03-21 20:24:43.699529,18.9,1.67,normal,0.85,14.3,9.0,1.6,0.5,0,7.13,3.55,1
V02396,bulk,296.9,39.9,9.7,229971,603,2024-03-21 15:49:57.285735,2024-03-21 19:09:45.285735,2024-03-22 06:33:45.285735,11.4,3.33,normal,0.8,20.9,13.4,2.6,0.2,1,2.43,0.11,0
V02493,general,111.2,15.1,9.9,79279,3457,2024-03-22 20:52:41.341739,2024-03-22 23:17:17.341739,2024-03-23 09:17:17.341739,10.0,2.41,low,0.71,10.7,2.5,1.7,1.3,1,5.12,3.21,0
V01768,bulk,194.9,29.7,7.7,97455,4897,2024-03-23 02:50:53.359841,2024-03-23 05:50:53.359841,2024-03-24 02:20:53.359841,20.5,3.0,normal,0.66,27.6,8.4,2.6,0.1,1,5.23,1.66,0
V01343,container,346.1,57.1,9.4,218138,3752,2024-03-23 11:38:19.963665,2024-03-23 14:19:43.963665,2024-03-24 10:37:43.963665,20.3,2.69,high,0.74,22.0,7.0,1.8,0.1,1,7.83,3.48,1
V04487,container,276.2,46.7,10.3,197672,3900,2024-03-23 19:30:59.748502,2024-03-23 21:24:59.748502,2024-03-24 21:36:59.748502,24.2,1.9,normal,0.8,10.5,8.0,1.1,0.5,0,2.39,4.98,0
V03598,container,162.5,22.1,9.5,92824,3303,2024-03-23 20:40:45.190142,2024-03-23 22:21:33.190142,2024-03-24 07:27:33.190142,9.1,1.68,normal,0.96,13.3,4.8,1.4,1.4,0,3.65,5.28,0
V04215,tanker,140.0,19.8,10.9,103720,3411,2024-03-23 22:59:26.072195,2024-03-24 00:52:14.072195,2024-03-24 21:58:14.072195,21.1,1.88,normal,0.96,17.1,4.8,2.0,1.3,0,6.94,1.89,1
V04640,container,259.3,43.9,13.7,252740,2445,2024-03-24 01:55:49.414177,2024-03-24 04:07:49.414177,2024-03-24 20:31:49.414177,16.4,2.2,normal,0.88,35.4,7.3,3.1,2.3,1,7.44,0.03,1
V04600,container,245.5,41.7,11.0,183149,875,2024-03-24 20:33:12.863568,2024-03-24 21:57:48.863568,2024-03-25 17:21:48.863568,19.4,1.41,normal,0.64,13.8,9.0,1.7,0.4,0,2.59,4.79,0
V02198,container,341.3,55.7,13.9,299120,3337,2024-03-25 03:08:37.357367,2024-03-25 05:57:13.357367,2024-03-26 01:51:13.357367,19.9,2.81,normal,0.85,31.2,6.7,3.3,0.5,1,7.02,4.46,1
V01063,container,338.1,50.8,13.8,280543,1792,2024-03-25 03:23:49.111236,2024-03-25 05:04:01.111236,2024-03-25 17:58:01.111236,12.9,1.67,normal,0.7,18.5,7.7,1.4,0.6,0,6.72,3.44,1
V03960,tanker,285.8,47.5,13.9,285496,4522,2024-03-25 09:03:25.151794,2024-03-25 10:58:37.151794,2024-03-26 10:52:37.151794,23.9,1.92,normal,0.66,17.2,5.6,1.7,0.7,0,2.68,3.79,0
V01843,container,304.3,44.9,9.7,178098,1182,2024-03-25 12:41:49.803375,2024-03-25 13:58:01.803375,2024-03-26 16:40:01.803375,26.7,1.27,normal,0.7,15.4,7.0,1.6,0.1,0,7.46,3.16,1
V05434,bulk,227.3,31.1,8.5,118369,4215,2024-03-27 14:50:43.313759,2024-03-27 18:14:43.313759,2024-03-28 10:14:43.313759,16.0,3.4,normal,0.9,25.3,8.2,2.2,0.1,1,7.84,6.9,1
V01958,tanker,209.7,32.7,13.5,192411,876,2024-03-27 19:41:14.490662,2024-03-27 21:09:26.490662,2024-03-28 20:27:26.490662,23.3,1.47,normal,0.68,2.6,5.8,0.4,0.4,0,3.43,0.76,0
V03750,container,205.0,31.1,9.7,130828,4153,2024-03-27 22:55:24.758673,2024-03-28 00:32:36.758673,2024-03-29 06:50:36.758673,30.3,1.62,low,0.54,7.1,7.9,0.5,0.2,0,2.56,5.33,0
V02615,container,297.2,44.0,10.2,205073,4611,2024-03-28 06:21:52.808990,2024-03-28 09:22:28.808990,2024-03-29 05:58:28.808990,20.6,3.01,normal,0.72,20.4,4.6,2.6,0.3,1,5.95,2.46,1
V01763,container,247.7,32.5,8.1,139762,1842,2024-03-28 15:50:37.292126,2024-03-28 17:19:25.292126,2024-03-29 04:49:25.292126,11.5,1.48,high,0.73,19.6,9.8,1.2,0.4,0,7.92,2.76,1
V02228,general,95.1,15.3,9.1,57929,3606,2024-03-28 16:35:12.885012,2024-03-28 19:43:00.885012,2024-03-30 04:37:00.885012,32.9,3.13,normal,0.78,24.2,9.0,2.7,1.2,1,7.97,5.32,1
V05077,container,156.9,21.7,12.2,130135,1540,2024-03-28 22:06:09.997669,2024-03-28 23:33:09.997669,2024-03-29 18:57:09.997669,19.4,1.45,normal,0.7,15.1,8.8,1.5,0.4,0,2.06,4.78,0
V05898,bulk,272.5,42.6,10.5,190335,4915,2024-03-29 00:35:42.412552,2024-03-29 02:11:06.412552,2024-03-30 01:47:06.412552,23.6,1.59,normal,0.44,17.3,8.9,1.9,0.0,0,3.54,3.21,0
V05561,container,154.9,21.1,10.4,128267,4656,2024-03-29 12:04:47.383989,2024-03-29 13:56:23.383989,2024-03-30 23:56:23.383989,34.0,1.86,normal,1.0,13.8,5.8,1.1,0.4,0,2.52,4.36,0
V03325,bulk,140.9,21.7,10.4,114888,3840,2024-03-29 12:48:44.367916,2024-03-29 14:31:56.367916,2024-03-30 16:31:56.367916,26.0,1.72,high,0.9,11.5,6.9,1.3,1.2,0,3.3,4.92,0
V05038,container,239.9,34.4,13.6,214780,3430,2024-03-29 21:05:14.125751,2024-03-29 22:37:38.125751,2024-03-30 10:49:38.125751,12.2,1.54,normal,0.92,2.6,8.3,0.0,0.1,0,3.7,4.91,0
V05374,container,204.6,26.8,10.7,167725,2165,2024-03-30 00:34:56.055527,2024-03-30 01:40:56.055527,2024-03-30 20:16:56.055527,18.6,1.1,high,0.95,19.1,5.4,1.6,0.2,0,2.61,3.25,0
V03075,bulk,220.8,30.9,11.4,169466,976,2024-03-30 02:27:18.032913,2024-03-30 04:35:06.032913,2024-03-31 02:17:06.032913,21.7,2.13,normal,0.9,16.4,5.0,1.4,1.2,0,5.08,3.81,0
V01101,general,171.9,24.7,5.6,75627,1511,2024-03-30 03:21:47.359469,2024-03-30 04:49:59.359469,2024-03-31 09:37:59.359469,28.8,1.47,normal,0.72,8.6,3.7,0.9,0.3,0,6.41,2.45,1
V04999,tanker,313.3,51.4,12.8,286629,3399,2024-03-30 12:21:24.322761,2024-03-30 15:01:36.322761,2024-03-31 20:19:36.322761,29.3,2.67,normal,0.8,22.7,9.7,2.3,0.3,1,2.16,1.89,0
V02514,container,192.7,28.6,10.9,143102,2585,2024-03-30 15:34:30.112863,2024-03-30 18:27:18.112863,2024-03-31 07:09:18.112863,12.7,2.88,normal,1.0,28.4,3.9,2.8,0.3,1,6.15,5.72,1
V04057,tanker,138.6,23.2,10.6,113478,3518,2024-03-30 19:51:43.336496,2024-03-30 21:49:19.336496,2024-03-31 12:37:19.336496,14.8,1.96,normal,0.8,18.4,6.2,2.1,0.0,0,6.64,5.48,1
V02801,general,113.8,14.9,10.0,73219,4010,2024-03-30 20:51:11.791485,2024-03-30 23:16:23.791485,2024-03-31 18:58:23.791485,19.7,2.42,normal,0.54,21.9,5.7,2.4,1.2,1,5.22,2.13,0
V02260,container,301.7,47.1,13.0,294994,1302,2024-03-31 11:25:03.786749,2024-03-31 13:15:27.786749,2024-04-01 12:27:27.786749,23.2,1.84,normal,0.6,18.0,10.7,2.2,0.8,0,2.44,2.54,0
V02347,tanker,273.8,43.6,9.4,161459,2028,2024-04-01 05:01:13.176488,2024-04-01 06:39:37.176488,2024-04-02 02:03:37.176488,19.4,1.64,high,0.65,17.0,9.0,1.4,2.1,0,6.48,3.42,1
V03397,container,175.9,24.5,12.5,157775,4065,2024-04-01 05:33:01.874212,2024-04-01 07:09:01.874212,2024-04-02 03:33:01.874212,20.4,1.6,normal,0.48,2.6,10.9,0.0,0.6,0,7.12,3.23,1
V03029,tanker,320.5,52.8,10.1,212539,1605,2024-04-02 01:27:42.977272,2024-04-02 02:51:42.977272,2024-04-02 15:09:42.977272,12.3,1.4,normal,0.78,10.7,7.6,0.9,0.3,0,2.02,2.91,0
V01022,general,94.4,14.2,9.5,68631,1940,2024-04-02 04:53:29.981618,2024-04-02 07:06:05.981618,2024-04-02 19:48:05.981618,12.7,2.21,normal,0.84,23.8,7.1,2.4,1.8,1,5.14,0.58,0
V05252,roro,207.4,28.1,7.3,105835,1368,2024-04-02 11:58:20.245376,2024-04-02 13:10:56.245376,2024-04-03 01:58:56.245376,12.8,1.21,normal,0.79,6.9,5.5,0.8,0.1,0,3.58,1.84,0
V02093,container,200.4,30.6,14.5,180432,1369,2024-04-02 14:19:45.712216,2024-04-02 15:56:57.712216,2024-04-04 07:32:57.712216,39.6,1.62,high,0.73,6.3,11.3,1.1,1.3,0,2.02,5.04,0
V04171,bulk,220.8,34.8,8.3,111601,4241,2024-04-02 15:30:04.175027,2024-04-02 17:29:28.175027,2024-04-03 20:11:28.175027,26.7,1.99,normal,0.69,11.9,7.8,1.5,1.2,0,2.72,1.56,0
V02147,general,112.2,15.0,9.9,68169,3180,2024-04-03 00:10:33.382316,2024-04-03 01:24:57.382316,2024-04-03 09:48:57.382316,8.4,1.24,normal,0.75,14.2,7.5,0.9,0.6,0,3.85,1.52,0
V03074,container,299.9,45.2,12.4,251329,4088,2024-04-03 08:49:01.110592,2024-04-03 09:54:25.110592,2024-04-03 21:06:25.110592,11.2,1.09,normal,0.79,11.5,6.4,1.4,0.1,0,7.99,5.8,1
V04697,container,255.6,40.4,13.3,233353,4050,2024-04-03 09:52:39.364257,2024-04-03 11:17:51.364257,2024-04-04 05:41:51.364257,18.4,1.42,normal,0.69,10.5,10.6,0.8,1.4,0,7.48,4.58,1
V05818,bulk,100.9,13.2,12.7,79190,1509,2024-04-03 10:54:35.432633,2024-04-03 12:52:47.432633,2024-04-04 16:46:47.432633,27.9,1.97,normal,0.92,17.6,8.0,2.1,0.8,0,6.31,0.7,1
V02096,container,187.8,26.8,8.5,110895,4991,2024-04-03 11:43:30.623792,2024-04-03 13:22:30.623792,2024-04-05 00:16:30.623792,34.9,1.65,normal,0.81,13.0,5.6,1.9,0.0,0,5.11,4.56,0
V04375,container,242.4,32.8,9.0,161968,2887,2024-04-03 13:07:20.454449,2024-04-03 16:28:56.454449,2024-04-04 11:10:56.454449,18.7,3.36,high,0.68,29.1,8.9,2.5,0.2,1,3.14,5.0,0
V03939,container,359.7,46.9,10.9,287632,3218,2024-04-04 02:54:31.948214,2024-04-04 04:32:19.948214,2024-04-05 06:02:19.948214,25.5,1.63,normal,0.81,6.9,12.6,1.2,0.3,0,2.06,5.07,0
V01683,tanker,196.1,32.4,10.8,128735,4946,2024-04-04 18:26:57.012208,2024-04-04 21:15:33.012208,2024-04-05 19:57:33.012208,22.7,2.81,low,0.84,27.0,9.9,3.4,0.0,1,4.47,2.35,0
V04688,bulk,273.4,45.4,9.9,200466,748,2024-04-04 20:36:14.780072,2024-04-04 22:38:02.780072,2024-04-05 13:56:02.780072,15.3,2.03,normal,0.64,12.9,8.8,1.4,0.0,0,7.38,6.62,1
V03199,container,209.4,31.3,11.8,167349,3857,2024-04-04 22:32:10.281749,2024-04-05 01:06:58.281749,2024-04-06 18:36:58.281749,41.5,2.58,high,0.46,30.9,8.7,3.6,0.1,1,7.85,2.03,1
V04365,general,162.6,24.0,6.8,83727,1820,2024-04-05 03:02:04.665098,2024-04-05 04:20:04.665098,2024-04-05 23:38:04.665098,19.3,1.3,normal,0.68,9.4,6.7,0.8,0.3,0,2.43,2.46,0
V01974,general,203.0,29.7,8.9,143879,2208,2024-04-05 05:10:58.878325,2024-04-05 07:52:22.878325,2024-04-05 17:10:22.878325,9.3,2.69,low,0.47,20.4,9.1,2.0,0.7,1,2.44,0.24,0
V05719,general,109.4,16.4,6.9,54159,3841,2024-04-05 10:17:24.380058,2024-04-05 11:37:48.380058,2024-04-05 20:25:48.380058,8.8,1.34,normal,0.76,14.0,6.8,1.2,0.0,0,8.0,3.3,1
V05250,general,96.2,15.5,5.4,35696,4762,2024-04-05 11:51:24.744531,2024-04-05 13:08:48.744531,2024-04-06 00:56:48.744531,11.8,1.29,normal,0.63,18.5,9.9,1.8,0.4,0,7.11,5.52,1
V02366,general,170.0,28.8,9.7,130168,4209,2024-04-05 13:27:08.579952,2024-04-05 15:41:32.579952,2024-04-06 12:35:32.579952,20.9,2.24,low,0.59,27.1,7.0,2.7,0.0,1,4.92,2.83,0
V03737,bulk,125.7,17.5,8.7,76959,1676,2024-04-05 15:38:56.107655,2024-04-05 17:47:20.107655,2024-04-06 10:11:20.107655,16.4,2.14,normal,0.76,2.7,8.4,0.0,0.0,0,2.27,6.07,0
V04786,bulk,243.7,39.6,10.2,187527,4891,2024-04-05 18:29:43.694911,2024-04-05 19:58:31.694911,2024-04-06 17:16:31.694911,21.3,1.48,normal,0.55,11.1,8.6,1.0,0.7,0,3.41,1.54,0
V03530,tanker,163.4,27.0,13.0,129969,3976,2024-04-05 21:16:11.888773,2024-04-05 23:44:59.888773,2024-04-06 15:08:59.888773,15.4,2.48,normal,0.72,6.5,9.5,0.8,0.6,0,7.25,2.88,1
V03693,bulk,195.9,25.8,10.9,131482,1971,2024-04-06 14:30:05.839430,2024-04-06 16:09:05.839430,2024-04-07 22:03:05.839430,29.9,1.65,normal,0.7,4.3,3.8,0.2,0.7,0,4.54,0.08,0
V02439,tanker,129.1,19.5,13.0,113846,2919,2024-04-06 20:43:55.285323,2024-04-06 22:04:55.285323,2024-04-08 01:46:55.285323,27.7,1.35,high,0.71,8.6,8.3,0.5,0.3,0,5.5,2.42,1
V05594,tanker,125.8,20.7,12.9,114164,2692,2024-04-06 20:44:38.169364,2024-04-06 22:13:26.169364,2024-04-08 13:13:26.169364,39.0,1.48,low,0.66,12.6,8.9,1.5,0.2,0,5.52,4.0,1
V01639,tanker,264.6,39.5,10.4,167554,4179,2024-04-07 06:23:58.510801,2024-04-07 08:10:10.510801,2024-04-07 19:52:10.510801,11.7,1.77,normal,0.65,16.8,7.8,1.4,0.0,0,2.19,4.6,0
V04401,container,291.0,44.2,10.5,188741,3147,2024-04-07 08:55:55.165553,2024-04-07 10:25:19.165553,2024-04-08 01:49:19.165553,15.4,1.49,normal,0.73,9.9,6.7,0.9,0.3,0,5.2,0.21,0
V01090,bulk,233.0,38.9,11.8,177866,2297,2024-04-07 23:58:20.220121,2024-04-08 03:48:44.220121,2024-04-09 04:30:44.220121,24.7,3.84,low,0.7,23.2,7.8,2.4,0.6,1,7.96,4.01,1
V04867,bulk,299.2,42.8,7.4,134476,4278,2024-04-08 17:42:12.172856,2024-04-08 20:29:00.172856,2024-04-09 18:23:00.172856,21.9,2.78,normal,0.66,23.4,9.8,2.7,0.1,1,2.53,1.72,0
V04246,bulk,266.8,43.5,9.4,186414,4227,2024-04-08 18:50:46.656931,2024-04-08 21:46:34.656931,2024-04-09 21:10:34.656931,23.4,2.93,normal,0.71,28.0,10.2,2.5,0.3,1,2.0,1.29,0
V02582,bulk,194.9,30.8,8.7,130379,1788,2024-04-08 19:20:08.012642,2024-04-08 20:49:32.012642,2024-04-10 05:37:32.012642,32.8,1.49,low,1.0,8.1,8.7,0.9,0.1,0,2.07,1.55,0
V03031,bulk,127.3,18.3,10.1,86189,3402,2024-04-08 23:17:45.355758,2024-04-09 01:15:57.355758,2024-04-09 17:21:57.355758,16.1,1.97,normal,0.52,18.2,9.6,2.4,0.7,0,6.83,1.0,1
V01899,general,186.7,31.7,6.8,87206,610,2024-04-09 11:48:33.860920,2024-04-09 13:07:45.860920,2024-04-10 06:01:45.860920,16.9,1.32,normal,0.83,9.8,6.9,1.0,0.1,0,6.96,0.24,1
V05622,general,135.4,19.5,5.3,48454,1855,2024-04-09 15:33:20.773334,2024-04-09 16:38:44.773334,2024-04-10 00:44:44.773334,8.1,1.09,normal,0.71,18.0,9.2,1.9,0.4,0,6.51,0.0,1
V05047,bulk,270.0,44.6,12.2,233446,4048,2024-04-09 20:16:19.199851,2024-04-09 21:49:55.199851,2024-04-11 03:55:55.199851,30.1,1.56,normal,0.83,8.6,8.7,0.6,0.3,0,2.13,2.58,0
V01820,tanker,285.3,47.1,10.7,220705,4201,2024-04-09 22:36:13.668660,2024-04-10 00:26:01.668660,2024-04-10 11:32:01.668660,11.1,1.83,normal,0.74,18.9,3.3,2.3,0.7,0,4.7,0.9,0
V03237,tanker,228.1,29.9,12.4,213640,1452,2024-04-09 23:27:10.723198,2024-04-10 00:41:34.723198,2024-04-10 06:41:34.723198,6.0,1.24,normal,0.96,10.7,8.2,1.4,0.1,0,5.97,5.97,1
V04436,general,97.4,13.1,6.6,51022,3570,2024-04-10 07:16:25.421151,2024-04-10 08:17:01.421151,2024-04-10 22:11:01.421151,13.9,1.01,normal,0.69,13.9,8.2,1.3,0.1,0,2.26,2.58,0
V02832,general,88.4,12.9,6.6,44680,2398,2024-04-10 15:47:00.478556,2024-04-10 18:09:12.478556,2024-04-11 12:27:12.478556,18.3,2.37,normal,0.56,26.0,6.3,2.2,0.5,1,7.19,6.25,1
V01798,container,159.3,23.4,13.3,169307,938,2024-04-10 17:56:58.882447,2024-04-10 20:49:46.882447,2024-04-11 14:19:46.882447,17.5,2.88,low,0.74,26.3,8.4,2.7,1.5,1,4.18,2.74,0
V03913,tanker,323.7,54.8,12.7,307785,2786,2024-04-10 20:15:05.189589,2024-04-10 23:45:41.189589,2024-04-11 11:39:41.189589,11.9,3.51,normal,0.8,29.4,6.4,3.2,0.7,1,2.02,0.04,0
V03070,bulk,280.0,42.7,9.9,187507,3290,2024-04-11 01:26:38.854064,2024-04-11 02:48:14.854064,2024-04-11 19:00:14.854064,16.2,1.36,normal,0.95,4.6,5.7,1.1,0.1,0,7.41,3.13,1
V05376,container,274.4,46.4,12.5,254947,3374,2024-04-11 03:16:46.683647,2024-04-11 06:17:22.683647,2024-04-12 02:17:22.683647,20.0,3.01,normal,1.0,22.4,7.6,2.5,0.8,1,7.87,2.46,1
V04550,bulk,156.4,25.8,12.1,130718,3631,2024-04-11 10:52:59.674403,2024-04-11 12:22:23.674403,2024-04-12 04:22:23.674403,16.0,1.49,normal,0.73,14.0,9.9,0.9,0.9,0,3.39,3.81,0
V05936,bulk,134.8,22.3,8.1,67148,3174,2024-04-11 13:59:22.997444,2024-04-11 15:12:34.997444,2024-04-12 09:12:34.997444,18.0,1.22,normal,0.61,11.6,6.2,1.4,1.8,0,7.54,0.47,1
V03395,bulk,288.5,43.6,9.1,206544,874,2024-04-11 15:38:48.400594,2024-04-11 19:02:12.400594,2024-04-13 07:14:12.400594,36.2,3.39,high,0.57,27.5,0.7,2.2,0.2,2,7.89,2.55,1
V03954,tanker,191.3,26.7,12.6,155215,778,2024-04-11 16:29:41.795018,2024-04-11 18:08:05.795018,2024-04-12 08:32:05.795018,14.4,1.64,normal,0.61,15.2,7.3,1.8,0.1,0,7.28,2.11,1
V04988,general,210.0,33.6,9.3,142042,1585,2024-04-11 19:19:57.043499,2024-04-11 21:34:57.043499,2024-04-12 06:10:57.043499,8.6,2.25,normal,0.69,24.4,11.1,2.1,0.7,1,3.37,1.16,0
V03617,container,304.6,41.8,14.2,334105,731,2024-04-12 06:18:43.317195,2024-04-12 09:01:55.317195,2024-04-12 22:49:55.317195,13.8,2.72,normal,1.0,25.8,8.9,2.5,0.4,1,5.44,1.36,0
V05596,bulk,219.0,29.8,10.6,169484,4402,2024-04-12 17:43:16.826450,2024-04-12 21:09:40.826450,2024-04-14 00:27:40.826450,27.3,3.44,normal,0.79,22.4,7.8,2.4,0.2,1,6.81,0.04,1
V02630,tanker,224.3,34.7,9.0,135493,1030,2024-04-12 23:56:46.379834,2024-04-13 01:41:46.379834,2024-04-14 16:29:46.379834,38.8,1.75,low,0.89,13.9,7.4,1.3,0.5,0,3.22,4.08,0
V04199,container,263.9,37.6,8.2,144901,4612,2024-04-13 00:22:29.146415,2024-04-13 02:00:53.146415,2024-04-14 01:36:53.146415,23.6,1.64,normal,0.56,0.0,9.2,0.3,0.0,0,3.78,0.83,0
V04959,bulk,285.7,37.7,12.4,221626,2243,2024-04-13 00:58:58.768645,2024-04-13 03:02:34.768645,2024-04-14 01:08:34.768645,22.1,2.06,normal,0.64,17.1,6.3,1.4,0.8,0,4.67,0.01,0
V01064,bulk,292.6,45.4,9.1,209393,961,2024-04-13 07:48:47.799912,2024-04-13 10:51:11.799912,2024-04-14 12:33:11.799912,25.7,3.04,normal,0.64,20.3,7.2,2.1,0.7,1,4.38,2.04,0
V03719,roro,240.4,35.7,7.1,133526,3383,2024-04-13 08:59:45.606664,2024-04-13 10:23:45.606664,2024-04-13 18:53:45.606664,8.5,1.4,normal,0.77,9.2,7.4,1.1,0.3,0,2.83,1.95,0
V02823,container,348.4,52.0,12.1,254414,2222,2024-04-13 09:55:47.457521,2024-04-13 11:48:35.457521,2024-04-14 03:12:35.457521,15.4,1.88,high,0.65,11.3,8.1,1.9,0.4,0,2.12,3.59,0
V03622,general,134.0,18.0,8.4,76472,4853,2024-04-13 15:07:57.004472,2024-04-13 16:42:09.004472,2024-04-14 04:42:09.004472,12.0,1.57,high,0.79,8.0,8.9,0.9,0.6,0,7.1,0.95,1
V03288,container,234.3,34.8,12.0,178910,1847,2024-04-13 17:11:41.226986,2024-04-13 18:58:29.226986,2024-04-14 06:46:29.226986,11.8,1.78,normal,0.92,12.0,7.0,1.9,0.4,0,7.91,1.76,1
V02805,bulk,191.1,31.6,10.5,124022,3626,2024-04-13 18:52:54.290704,2024-04-13 22:22:54.290704,2024-04-14 18:52:54.290704,20.5,3.5,normal,0.52,21.0,9.3,1.7,0.0,1,6.35,3.33,1
V04965,roro,210.7,35.4,8.6,138749,3451,2024-04-13 20:05:41.600471,2024-04-13 21:10:29.600471,2024-04-14 06:10:29.600471,9.0,1.08,normal,0.73,8.6,5.0,1.4,0.3,0,4.55,0.95,0
V03716,container,286.7,41.5,12.9,268698,3939,2024-04-14 01:05:34.070834,2024-04-14 02:53:34.070834,2024-04-14 23:53:34.070834,21.0,1.8,normal,0.73,7.2,6.0,0.8,0.1,0,3.67,2.58,0
V01627,bulk,206.8,28.6,7.4,106688,887,2024-04-14 04:14:31.560778,2024-04-14 07:39:43.560778,2024-04-15 03:21:43.560778,19.7,3.42,normal,0.8,20.9,9.1,2.1,1.7,1,7.72,3.13,1
V02349,bulk,285.7,39.9,8.6,177584,3296,2024-04-14 09:37:16.448711,2024-04-14 11:37:16.448711,2024-04-15 09:07:16.448711,21.5,2.0,normal,0.62,18.0,6.6,2.0,0.3,0,3.02,4.66,0
V01773,general,199.3,30.5,9.8,152683,4138,2024-04-14 13:51:23.947600,2024-04-14 15:08:47.947600,2024-04-14 23:14:47.947600,8.1,1.29,normal,0.65,16.8,8.6,1.4,1.0,0,4.18,2.25,0
V01699,roro,216.7,30.3,7.5,104590,1115,2024-04-14 15:25:30.546466,2024-04-14 17:12:18.546466,2024-04-15 01:18:18.546466,8.1,1.78,normal,0.58,34.3,9.7,3.7,0.7,1,6.49,5.67,1
V03248,tanker,196.8,32.7,10.2,159381,2109,2024-04-14 16:45:45.614542,2024-04-14 18:32:33.614542,2024-04-15 12:38:33.614542,18.1,1.78,normal,0.78,14.2,5.6,1.3,0.9,0,7.79,3.2,1
V01081,general,141.0,19.0,9.1,90959,526,2024-04-14 16:51:12.030946,2024-04-14 18:01:24.030946,2024-04-15 11:37:24.030946,17.6,1.17,normal,0.65,8.2,4.7,1.3,0.3,0,7.84,0.35,1
V05671,tanker,215.8,33.0,13.4,222095,3800,2024-04-14 21:28:13.137513,2024-04-14 23:31:49.137513,2024-04-16 04:37:49.137513,29.1,2.06,normal,0.57,1.0,8.4,0.1,1.8,0,3.72,2.1,0
V03552,container,212.4,28.1,13.5,209905,4660,2024-04-14 21:33:18.605171,2024-04-15 00:31:30.605171,2024-04-16 09:07:30.605171,32.6,2.97,low,0.63,23.6,6.3,2.0,0.5,1,3.6,5.69,0
V02861,bulk,250.4,42.5,9.2,146105,507,2024-04-14 23:16:07.496905,2024-04-15 02:32:55.496905,2024-04-16 00:20:55.496905,21.8,3.28,normal,0.76,21.4,7.8,1.9,0.6,1,2.07,1.25,0
V03703,container,269.2,44.4,11.6,188964,1926,2024-04-15 04:44:26.343882,2024-04-15 05:51:02.343882,2024-04-15 18:21:02.343882,12.5,1.11,normal,0.76,14.5,8.5,1.7,0.1,0,7.5,5.66,1
V05761,container,229.2,35.7,9.4,135165,4015,2024-04-15 20:34:52.619389,2024-04-15 22:04:16.619389,2024-04-16 08:34:16.619389,10.5,1.49,normal,0.82,14.9,8.9,1.2,0.4,0,6.21,4.58,1
V01640,tanker,187.8,25.5,11.7,151724,4465,2024-04-16 04:14:48.266083,2024-04-16 05:59:12.266083,2024-04-17 13:53:12.266083,31.9,1.74,low,0.77,14.8,5.0,0.7,0.5,0,5.97,1.54,1
V03834,container,325.7,48.7,9.3,188624,2876,2024-04-16 06:59:08.880781,2024-04-16 09:25:32.880781,2024-04-17 07:55:32.880781,22.5,2.44,normal,0.78,22.6,7.6,2.1,1.1,1,7.97,0.48,1
V04186,container,173.2,29.3,13.7,173634,4214,2024-04-16 09:10:46.718796,2024-04-16 10:38:22.718796,2024-04-16 21:50:22.718796,11.2,1.46,high,0.64,11.9,7.8,1.1,0.1,0,5.93,3.6,1
V03242,container,249.9,35.5,11.4,176334,1069,2024-04-17 03:46:04.330997,2024-04-17 05:04:40.330997,2024-04-17 19:46:40.330997,14.7,1.31,normal,0.76,12.6,6.0,0.7,0.4,0,4.06,5.88,0
V03765,tanker,192.5,30.1,11.4,146735,3331,2024-04-17 09:46:02.069208,2024-04-17 11:52:02.069208,2024-04-18 13:58:02.069208,26.1,2.1,high,0.55,10.3,5.6,1.6,0.2,0,6.23,5.33,1
V01083,general,180.5,23.6,9.8,113060,534,2024-04-17 13:07:55.607978,2024-04-17 15:29:31.607978,2024-04-18 10:11:31.607978,18.7,2.36,low,0.5,23.1,8.2,2.5,0.2,1,2.12,2.8,0
V03978,container,317.5,53.5,9.8,187889,1573,2024-04-18 06:54:09.563350,2024-04-18 07:54:45.563350,2024-04-18 20:48:45.563350,12.9,1.01,normal,0.73,17.0,7.5,2.0,0.4,0,7.28,4.82,1
V02149,general,97.5,16.5,9.9,75998,2732,2024-04-18 07:39:31.986993,2024-04-18 09:57:31.986993,2024-04-19 02:09:31.986993,16.2,2.3,normal,0.72,20.9,4.6,1.7,0.3,1,7.84,1.93,1
V05500,tanker,280.3,45.5,9.4,171866,3157,2024-04-18 12:04:52.969429,2024-04-18 14:00:40.969429,2024-04-19 11:12:40.969429,21.2,1.93,low,0.65,9.1,7.2,0.9,0.2,0,3.98,5.8,0
V02022,bulk,181.7,24.2,8.8,125980,2968,2024-04-18 14:57:29.292307,2024-04-18 18:12:29.292307,2024-04-20 01:00:29.292307,30.8,3.25,normal,0.58,26.1,5.8,2.5,0.6,1,2.08,4.38,0
V02616,bulk,133.2,20.8,10.0,81114,1812,2024-04-19 03:37:28.162129,2024-04-19 07:07:28.162129,2024-04-20 08:01:28.162129,24.9,3.5,normal,1.0,28.0,5.3,2.7,1.1,1,2.2,0.23,0
V03667,general,120.5,19.6,5.9,47343,4313,2024-04-19 05:05:51.154867,2024-04-19 06:16:03.154867,2024-04-19 21:34:03.154867,15.3,1.17,normal,0.79,17.0,6.4,1.6,0.1,0,3.68,3.78,0
V04452,tanker,315.5,46.1,11.2,280875,1135,2024-04-19 05:14:46.105569,2024-04-19 07:12:58.105569,2024-04-20 02:36:58.105569,19.4,1.97,normal,0.81,3.6,13.0,0.4,0.1,0,3.88,4.34,0
V05629,general,182.7,29.0,6.6,86281,2947,2024-04-19 14:26:24.714093,2024-04-19 16:18:36.714093,2024-04-20 06:36:36.714093,14.3,1.87,high,0.68,27.1,10.5,2.0,1.0,1,2.28,1.84,0
V04934,bulk,114.6,18.1,12.9,110069,2593,2024-04-20 13:00:25.027482,2024-04-20 14:56:13.027482,2024-04-21 16:38:13.027482,25.7,1.93,normal,0.75,17.1,4.9,1.6,2.0,0,4.99,3.1,0
V01772,general,203.1,29.7,9.7,140614,4058,2024-04-21 05:33:05.747563,2024-04-21 06:42:05.747563,2024-04-21 16:12:05.747563,9.5,1.15,normal,0.91,9.8,9.1,1.2,0.1,0,2.42,4.41,0
V04062,bulk,210.3,35.4,8.0,124790,2184,2024-04-21 10:43:21.265961,2024-04-21 12:54:09.265961,2024-04-22 04:18:09.265961,15.4,2.18,normal,0.56,10.9,7.0,0.8,0.2,0,8.0,6.52,1
V05415,general,116.9,15.7,5.1,45591,2324,2024-04-21 21:23:06.753820,2024-04-21 22:50:06.753820,2024-04-22 23:02:06.753820,24.2,1.45,normal,0.83,18.4,10.0,2.4,0.1,0,6.94,0.96,1
V01516,bulk,292.0,47.9,11.9,220455,1719,2024-04-22 05:47:03.015888,2024-04-22 07:29:03.015888,2024-04-22 23:35:03.015888,16.1,1.7,normal,0.66,9.5,7.2,1.2,0.1,0,2.09,2.98,0
V01638,bulk,251.7,35.2,9.2,172701,2389,2024-04-22 06:13:43.827935,2024-04-22 07:59:55.827935,2024-04-23 16:11:55.827935,32.2,1.77,normal,1.0,11.9,9.2,1.1,0.4,0,2.33,2.33,0
V03919,tanker,139.0,19.1,13.2,116477,3802,2024-04-22 07:17:21.571430,2024-04-22 08:50:57.571430,2024-04-23 18:26:57.571430,33.6,1.56,normal,0.61,15.5,7.3,1.7,0.2,0,3.4,0.3,0
V04139,bulk,282.2,36.7,10.1,210850,2811,2024-04-22 08:54:24.360186,2024-04-22 10:30:24.360186,2024-04-23 09:30:24.360186,23.0,1.6,normal,0.79,13.2,6.8,1.5,0.5,0,5.76,4.62,1
V05812,bulk,258.0,37.3,11.1,218574,3362,2024-04-22 09:08:29.504531,2024-04-22 11:12:05.504531,2024-04-23 16:06:05.504531,28.9,2.06,normal,0.43,12.4,5.2,1.5,1.1,0,6.1,4.17,1
V02534,container,218.4,29.6,12.6,202403,766,2024-04-22 13:35:59.918617,2024-04-22 15:22:47.918617,2024-04-23 17:28:47.918617,26.1,1.78,normal,1.0,13.5,8.9,1.4,1.2,0,6.46,4.67,1
V02976,tanker,296.7,50.1,11.4,256845,2306,2024-04-22 19:37:50.216136,2024-04-22 21:39:02.216136,2024-04-23 23:39:02.216136,26.0,2.02,normal,0.78,15.6,9.6,1.2,0.9,0,3.32,2.31,0
V03615,container,284.3,39.0,13.9,249991,1215,2024-04-22 21:49:01.008993,2024-04-22 23:31:01.008993,2024-04-23 20:01:01.008993,20.5,1.7,normal,0.64,20.0,8.4,2.4,0.1,0,6.48,1.38,1
V05087,tanker,274.4,36.9,10.8,225541,1132,2024-04-22 21:52:15.050159,2024-04-22 23:14:27.050159,2024-04-23 15:32:27.050159,16.3,1.37,normal,0.89,5.6,6.2,0.7,0.2,0,6.55,3.69,1
V04370,bulk,173.5,28.1,8.1,98386,4837,2024-04-22 23:47:47.719763,2024-04-23 03:50:47.719763,2024-04-24 00:44:47.719763,20.9,4.05,normal,0.76,27.6,7.0,3.1,0.0,1,8.0,0.81,1
V03347,container,351.0,54.8,8.6,190261,780,2024-04-23 03:42:57.528986,2024-04-23 05:03:21.528986,2024-04-23 20:27:21.528986,15.4,1.34,normal,0.89,15.4,10.8,1.5,0.5,0,3.94,1.13,0
V03915,bulk,205.5,30.8,7.3,101418,3587,2024-04-23 12:13:19.262109,2024-04-23 14:07:55.262109,2024-04-24 15:55:55.262109,25.8,1.91,normal,0.45,17.9,6.7,1.6,0.9,0,8.0,4.26,1
V04463,container,338.4,57.4,14.6,381117,1498,2024-04-23 13:11:58.173136,2024-04-23 14:43:46.173136,2024-04-24 09:13:46.173136,18.5,1.53,normal,0.74,10.4,7.3,0.9,0.1,0,7.69,4.68,1
V03929,container,339.3,54.9,8.1,207549,1858,2024-04-23 19:05:32.188257,2024-04-23 20:49:56.188257,2024-04-24 10:07:56.188257,13.3,1.74,normal,0.74,10.0,9.0,1.3,0.5,0,2.13,0.32,0
V03521,tanker,240.0,36.0,13.1,205608,3293,2024-04-23 20:10:56.074572,2024-04-23 21:50:32.074572,2024-04-24 22:32:32.074572,24.7,1.66,normal,0.77,17.9,8.6,2.0,0.6,0,3.03,0.55,0
V02878,tanker,266.9,44.4,11.4,207482,2813,2024-04-24 03:12:18.928901,2024-04-24 05:44:06.928901,2024-04-25 03:26:06.928901,21.7,2.53,low,0.57,32.4,6.4,3.8,0.1,1,5.89,4.65,1
V01405,container,362.1,52.6,12.1,306868,3223,2024-04-24 11:47:17.324995,2024-04-24 13:23:17.324995,2024-04-25 04:29:17.324995,15.1,1.6,normal,0.8,11.9,13.2,1.0,0.4,0,7.36,2.0,1
V03941,container,166.5,21.7,12.3,155341,1594,2024-04-24 15:39:46.030438,2024-04-24 16:57:46.030438,2024-04-25 11:27:46.030438,18.5,1.3,normal,0.84,8.9,5.0,0.6,0.9,0,5.81,2.9,1
V04229,general,171.9,27.3,5.9,72407,3758,2024-04-25 06:19:47.091224,2024-04-25 09:10:47.091224,2024-04-26 08:10:47.091224,23.0,2.85,normal,0.76,21.7,7.7,2.2,0.6,1,2.69,1.0,0
V05159,container,332.1,53.2,11.6,265840,4555,2024-04-25 17:36:11.178218,2024-04-25 19:22:23.178218,2024-04-26 10:28:23.178218,15.1,1.77,normal,1.0,24.4,6.1,2.1,0.1,1,4.1,0.25,0
V04525,bulk,221.5,33.4,12.7,214038,1863,2024-04-26 02:00:03.242203,2024-04-26 03:37:51.242203,2024-04-27 04:01:51.242203,24.4,1.63,normal,0.68,12.6,8.2,1.0,1.3,0,7.97,1.67,1
V01350,general,101.5,14.7,6.8,43502,4093,2024-04-26 06:14:14.612815,2024-04-26 08:34:02.612815,2024-04-26 18:22:02.612815,9.8,2.33,normal,0.95,21.8,6.0,2.0,0.6,1,3.76,3.23,0
V05857,roro,186.7,31.0,9.7,110147,4620,2024-04-26 07:17:18.085400,2024-04-26 09:31:06.085400,2024-04-26 19:31:06.085400,10.0,2.23,low,0.46,22.5,5.7,2.4,0.9,1,2.55,4.62,0
V04503,tanker,196.0,32.3,12.7,161053,610,2024-04-26 12:45:53.061849,2024-04-26 15:34:29.061849,2024-04-27 03:10:29.061849,11.6,2.81,normal,0.84,24.3,5.2,2.6,1.5,1,6.67,4.6,1
V03449,bulk,123.7,19.4,8.4,79592,4907,2024-04-26 13:37:10.801762,2024-04-26 14:53:58.801762,2024-04-27 13:47:58.801762,22.9,1.28,normal,0.43,13.1,8.6,1.1,0.5,0,7.56,3.06,1
V04671,bulk,274.6,45.8,12.7,226941,2628,2024-04-27 02:59:27.456155,2024-04-27 06:22:51.456155,2024-04-27 20:34:51.456155,14.2,3.39,high,0.79,26.4,7.8,2.2,0.5,1,8.0,5.43,1
V04685,container,266.1,37.1,11.7,221446,2602,2024-04-27 06:38:08.691809,2024-04-27 08:01:32.691809,2024-04-28 14:43:32.691809,30.7,1.39,normal,0.55,8.7,7.4,1.3,0.3,0,4.34,4.12,0
V04710,bulk,224.1,29.9,9.2,145343,1880,2024-04-27 09:00:32.379148,2024-04-27 10:34:44.379148,2024-04-28 03:52:44.379148,17.3,1.57,low,0.86,19.0,7.1,1.9,0.1,0,2.03,4.45,0
V01126,tanker,307.4,47.4,11.2,250043,3163,2024-04-27 09:33:26.469319,2024-04-27 12:32:14.469319,2024-04-28 01:50:14.469319,13.3,2.98,normal,0.72,23.3,5.7,3.0,0.3,1,2.03,5.96,0
V02522,container,250.6,36.7,12.9,197749,3673,2024-04-27 17:06:20.662582,2024-04-27 18:38:44.662582,2024-04-28 10:32:44.662582,15.9,1.54,high,0.84,17.0,9.0,2.2,0.1,0,7.06,2.94,1
V04098,tanker,293.6,39.1,10.3,225051,4227,2024-04-28 05:47:07.804985,2024-04-28 07:23:07.804985,2024-04-29 17:29:07.804985,34.1,1.6,low,0.53,17.1,4.8,1.7,0.4,0,6.73,3.29,1
V04266,bulk,122.9,16.6,11.1,94457,1538,2024-04-28 16:19:49.078927,2024-04-28 18:18:37.078927,2024-04-29 15:06:37.078927,20.8,1.98,normal,0.91,0.7,8.2,0.1,0.1,0,8.0,0.25,1
V03583,container,373.7,53.8,10.5,252162,1796,2024-04-28 18:14:57.271884,2024-04-28 19:37:45.271884,2024-04-29 07:49:45.271884,12.2,1.38,normal,0.92,3.5,11.3,0.6,0.1,0,6.65,0.9,1
V01145,container,264.2,35.8,10.0,191786,744,2024-04-29 00:05:48.597340,2024-04-29 01:27:24.597340,2024-04-29 19:57:24.597340,18.5,1.36,normal,0.7,10.4,9.8,1.0,0.0,0,2.93,3.31,0
V02736,container,253.3,39.8,9.1,171875,2128,2024-04-29 01:57:53.803904,2024-04-29 05:02:05.803904,2024-04-29 18:44:05.803904,13.7,3.07,normal,0.72,23.0,9.8,2.2,2.1,1,5.55,1.17,1
V01116,roro,130.6,18.5,8.6,85200,3099,2024-04-29 07:04:45.992343,2024-04-29 09:10:45.992343,2024-04-30 01:16:45.992343,16.1,2.1,normal,0.62,21.3,9.1,2.3,0.5,1,6.07,4.67,1
V04140,container,167.2,26.5,10.6,130659,4798,2024-04-29 08:01:10.598061,2024-04-29 10:52:46.598061,2024-04-29 21:58:46.598061,11.1,2.86,low,0.69,31.2,6.7,2.8,1.0,1,4.67,3.04,0
V05810,roro,115.7,15.9,7.5,59623,2887,2024-04-29 13:31:25.212199,2024-04-29 16:39:49.212199,2024-04-30 05:33:49.212199,12.9,3.14,normal,0.87,20.0,6.0,2.1,0.5,1,4.28,3.77,0
V01604,bulk,145.0,19.8,8.2,89821,1530,2024-04-29 21:16:15.559305,2024-04-30 00:36:39.559305,2024-04-30 09:06:39.559305,8.5,3.34,normal,0.75,28.4,9.6,2.7,1.2,1,3.45,5.28,0
V04136,bulk,196.2,30.8,11.3,177004,2084,2024-04-30 04:56:05.889585,2024-04-30 08:28:29.889585,2024-05-01 01:10:29.889585,16.7,3.54,normal,0.83,21.1,8.8,2.1,0.8,1,7.88,2.97,1
V02564,container,283.5,41.7,9.9,180047,3349,2024-04-30 12:55:14.819926,2024-04-30 14:18:38.819926,2024-05-01 06:18:38.819926,16.0,1.39,normal,0.99,16.6,7.5,1.1,0.1,0,2.56,3.08,0
V04785,container,242.5,32.6,8.3,124047,2486,2024-04-30 15:28:07.058937,2024-04-30 16:45:31.058937,2024-05-02 02:03:31.058937,33.3,1.29,normal,0.89,8.4,9.9,1.0,0.0,0,6.0,3.62,1
V05758,general,150.4,23.3,6.6,71845,656,2024-04-30 17:49:20.025996,2024-04-30 20:18:44.025996,2024-05-01 11:18:44.025996,15.0,2.49,normal,0.85,21.3,8.6,2.2,0.3,1,8.0,5.54,1
V03145,tanker,128.2,21.5,9.7,76638,853,2024-04-30 20:31:54.787351,2024-04-30 22:46:18.787351,2024-05-01 13:40:18.787351,14.9,2.24,normal,0.94,20.5,9.7,2.2,0.3,1,5.7,1.14,1
V05747,container,314.8,43.8,9.1,191505,4775,2024-05-01 02:44:15.530279,2024-05-01 04:35:51.530279,2024-05-01 18:59:51.530279,14.4,1.86,high,0.57,7.2,5.0,0.6,0.1,0,4.3,4.7,0
V05288,container,161.0,26.4,9.0,96225,2771,2024-05-01 13:23:27.598674,2024-05-01 16:36:39.598674,2024-05-03 01:00:39.598674,32.4,3.22,normal,0.56,22.0,7.7,2.3,0.3,1,2.3,2.08,0
V01432,bulk,171.5,26.7,8.7,110197,4419,2024-05-01 18:37:33.965433,2024-05-01 20:27:57.965433,2024-05-03 10:57:57.965433,38.5,1.84,normal,0.84,11.5,9.6,1.9,0.5,0,8.0,7.64,1
V04764,container,249.8,34.2,11.5,212691,753,2024-05-01 22:17:53.215187,2024-05-02 00:52:41.215187,2024-05-02 11:28:41.215187,10.6,2.58,normal,0.69,20.1,10.2,1.9,0.3,1,4.25,5.16,0
V05875,general,103.5,17.0,7.6,57021,2664,2024-05-02 00:29:01.153672,2024-05-02 01:57:13.153672,2024-05-02 16:15:13.153672,14.3,1.47,normal,0.74,11.6,6.5,1.0,1.2,0,2.07,2.36,0
V05932,tanker,289.2,40.9,12.1,257942,3146,2024-05-02 06:28:19.582805,2024-05-02 08:03:43.582805,2024-05-02 22:39:43.582805,14.6,1.59,normal,0.74,18.9,8.0,1.9,0.3,0,7.85,3.81,1
V01902,bulk,194.4,25.6,11.8,144909,2291,2024-05-02 11:54:34.379890,2024-05-02 13:26:22.379890,2024-05-03 07:32:22.379890,18.1,1.53,normal,0.89,7.7,5.0,0.9,0.2,0,2.71,3.26,0
V01753,general,141.0,22.5,6.9,76137,3897,2024-05-02 12:11:03.073158,2024-05-02 13:47:03.073158,2024-05-03 05:29:03.073158,15.7,1.6,low,0.82,20.0,7.1,2.1,0.3,0,2.47,5.71,0
V02702,tanker,221.2,32.3,14.0,192410,4197,2024-05-02 13:17:34.296886,2024-05-02 14:40:58.296886,2024-05-03 16:58:58.296886,26.3,1.39,normal,0.64,9.6,6.8,1.1,0.1,0,2.0,3.78,0
V01891,general,209.9,30.8,6.2,78464,4457,2024-05-02 14:58:42.708895,2024-05-02 16:14:54.708895,2024-05-03 07:56:54.708895,15.7,1.27,normal,0.69,17.1,7.6,1.7,0.2,0,3.02,2.83,0
V02502,bulk,132.4,21.3,9.6,96110,1537,2024-05-03 02:31:05.336068,2024-05-03 05:22:05.336068,2024-05-04 02:52:05.336068,21.5,2.85,normal,0.62,21.5,7.5,2.7,0.2,1,2.25,5.41,0
V01705,tanker,132.5,17.9,11.9,125109,4151,2024-05-03 02:51:28.955735,2024-05-03 03:57:28.955735,2024-05-04 07:39:28.955735,27.7,1.1,low,0.85,3.2,9.7,0.6,0.0,0,2.5,4.1,0
V05385,container,259.0,41.7,11.8,206003,4347,2024-05-03 09:33:20.809917,2024-05-03 12:05:08.809917,2024-05-04 06:47:08.809917,18.7,2.53,normal,0.76,25.2,9.1,2.8,2.1,1,7.0,5.2,1
V05982,bulk,210.4,33.9,12.2,187779,1701,2024-05-03 22:25:39.520477,2024-05-04 00:15:27.520477,2024-05-05 17:39:27.520477,41.4,1.83,low,0.66,13.6,8.5,0.8,1.2,0,6.42,0.19,1
V02610,container,183.1,26.4,9.5,114506,3508,2024-05-04 03:29:49.490125,2024-05-04 06:35:13.490125,2024-05-04 21:41:13.490125,15.1,3.09,low,0.79,20.8,3.6,2.3,0.4,1,2.37,3.45,0
V01297,bulk,145.5,20.9,8.0,91721,2044,2024-05-04 03:39:49.418684,2024-05-04 05:26:01.418684,2024-05-04 23:26:01.418684,18.0,1.77,normal,0.79,16.9,8.2,2.0,0.1,0,2.51,1.98,0
V03182,bulk,124.2,20.3,12.6,98294,755,2024-05-04 17:31:05.451054,2024-05-04 19:14:53.451054,2024-05-05 06:56:53.451054,11.7,1.73,normal,0.86,19.4,6.7,2.1,1.8,0,4.27,3.52,0
V01164,tanker,320.0,45.0,9.2,212059,1835,2024-05-04 19:00:05.522197,2024-05-04 21:32:29.522197,2024-05-06 03:02:29.522197,29.5,2.54,normal,0.72,23.4,7.7,2.5,0.4,1,6.46,5.16,1
V04555,bulk,234.5,37.1,7.8,134405,3136,2024-05-04 21:13:28.957030,2024-05-05 00:38:40.957030,2024-05-05 18:32:40.957030,17.9,3.42,normal,0.87,20.6,8.2,1.9,1.1,1,7.99,2.31,1
V05470,general,212.8,29.5,9.4,122824,3291,2024-05-04 23:50:09.918097,2024-05-05 01:32:45.918097,2024-05-05 19:32:45.918097,18.0,1.71,normal,0.56,6.4,7.8,1.0,0.3,0,5.55,1.02,1
V05078,container,204.2,29.8,8.9,141550,2181,2024-05-05 03:51:17.711635,2024-05-05 05:02:05.711635,2024-05-06 06:20:05.711635,25.3,1.18,normal,0.63,18.8,4.9,2.3,0.1,0,2.12,3.69,0
V04893,roro,134.9,17.9,6.2,53808,4639,2024-05-06 01:59:09.906775,2024-05-06 03:08:45.906775,2024-05-06 18:08:45.906775,15.0,1.16,normal,0.62,19.9,6.5,2.3,1.2,0,3.56,2.13,0
V04014,tanker,305.6,48.2,11.2,237285,4357,2024-05-06 06:57:12.583717,2024-05-06 08:50:00.583717,2024-05-06 23:08:00.583717,14.3,1.88,normal,0.82,16.6,3.1,1.1,0.7,0,4.63,0.47,0
V02494,bulk,119.2,16.8,10.4,90734,3462,2024-05-06 08:26:38.406742,2024-05-06 10:36:14.406742,2024-05-07 04:42:14.406742,18.1,2.16,normal,0.65,0.0,8.3,0.0,0.0,0,6.77,3.71,1
V02890,container,179.5,24.5,11.4,151170,3090,2024-05-06 11:46:46.663792,2024-05-06 13:01:10.663792,2024-05-07 06:25:10.663792,17.4,1.24,normal,0.78,17.4,10.0,2.0,0.0,0,7.2,0.3,1
V05954,roro,112.8,18.4,7.2,55153,2642,2024-05-06 11:58:33.564771,2024-05-06 13:59:45.564771,2024-05-06 19:41:45.564771,5.7,2.02,high,0.77,30.8,7.8,3.1,0.2,1,6.98,2.86,1
V04004,tanker,308.2,45.6,9.7,215069,4431,2024-05-06 13:36:00.780921,2024-05-06 15:15:00.780921,2024-05-07 09:21:00.780921,18.1,1.65,normal,0.78,7.9,10.1,0.4,0.4,0,4.7,1.54,0
V04462,bulk,229.8,34.9,10.9,159231,3272,2024-05-06 14:06:43.441407,2024-05-06 15:40:19.441407,2024-05-08 03:10:19.441407,35.5,1.56,normal,0.89,12.6,6.4,1.5,0.3,0,3.94,0.18,0
V04991,bulk,176.5,26.9,10.8,139810,1877,2024-05-06 23:43:45.146468,2024-05-07 01:11:21.146468,2024-05-07 18:47:21.146468,17.6,1.46,normal,0.67,11.7,9.7,1.4,0.3,0,7.6,6.56,1
V05637,tanker,193.5,32.5,10.4,138504,4290,2024-05-07 01:23:39.829171,2024-05-07 05:05:39.829171,2024-05-08 15:17:39.829171,34.2,3.7,normal,0.88,24.2,10.2,2.6,2.1,1,5.61,0.91,1
V01367,general,191.9,26.7,7.5,110688,3772,2024-05-07 05:15:42.050482,2024-05-07 06:31:18.050482,2024-05-07 21:19:18.050482,14.8,1.26,normal,0.89,11.5,6.3,1.5,0.9,0,2.05,3.25,0
V05291,general,187.5,27.8,5.4,67204,2788,2024-05-07 05:29:33.198696,2024-05-07 06:31:21.198696,2024-05-08 10:31:21.198696,28.0,1.03,normal,0.8,6.5,7.3,0.9,0.6,0,2.13,1.28,0
V05011,container,313.3,51.4,13.6,299138,1979,2024-05-07 07:11:02.490991,2024-05-07 08:36:50.490991,2024-05-08 08:30:50.490991,23.9,1.43,normal,1.0,11.3,9.8,1.5,0.1,0,3.79,6.75,0
V03564,container,274.0,45.4,14.4,303996,2187,2024-05-07 08:40:15.429721,2024-05-07 10:19:15.429721,2024-05-08 07:19:15.429721,21.0,1.65,normal,0.67,11.0,3.8,0.8,0.7,0,6.0,3.3,1
V01259,roro,155.5,25.8,9.8,117222,1323,2024-05-07 19:24:58.109366,2024-05-07 20:36:58.109366,2024-05-08 04:18:58.109366,7.7,1.2,low,0.63,16.0,8.5,1.4,0.2,0,3.57,0.77,0
V01105,tanker,121.1,15.9,12.8,116124,1411,2024-05-08 06:02:53.146594,2024-05-08 07:35:17.146594,2024-05-08 20:23:17.146594,12.8,1.54,normal,1.0,16.0,8.4,1.4,0.2,0,2.05,2.2,0
V05343,general,147.0,23.4,5.3,54026,925,2024-05-08 09:05:36.542887,2024-05-08 10:48:48.542887,2024-05-09 06:12:48.542887,19.4,1.72,normal,0.89,7.2,5.6,0.2,0.8,0,5.44,4.96,0
V01881,roro,156.4,22.6,8.5,86599,3880,2024-05-08 19:15:53.430652,2024-05-08 20:32:41.430652,2024-05-09 03:56:41.430652,7.4,1.28,normal,0.98,10.3,3.9,1.1,0.3,0,2.51,2.69,0
V04120,bulk,271.9,40.2,10.4,219064,622,2024-05-10 02:25:13.595491,2024-05-10 04:34:13.595491,2024-05-10 16:34:13.595491,12.0,2.15,normal,0.66,8.8,5.1,0.5,0.1,0,7.35,3.93,1
V02749,general,199.1,32.8,6.3,91669,1804,2024-05-10 18:20:45.970588,2024-05-10 20:18:57.970588,2024-05-11 18:12:57.970588,21.9,1.97,normal,0.53,26.3,8.1,2.5,0.2,1,2.68,2.96,0
V05926,container,217.3,35.8,9.4,128600,2911,2024-05-10 22:39:23.894261,2024-05-11 00:00:23.894261,2024-05-11 18:24:23.894261,18.4,1.35,normal,0.84,2.7,8.6,0.2,0.6,0,4.78,7.79,0
V01581,container,245.9,40.4,10.5,161452,3045,2024-05-11 01:44:05.651064,2024-05-11 04:13:29.651064,2024-05-12 02:19:29.651064,22.1,2.49,normal,0.48,20.5,6.1,1.2,1.4,1,7.99,8.99,1
V03808,container,157.8,24.9,10.3,105998,507,2024-05-11 20:51:02.982534,2024-05-11 22:06:02.982534,2024-05-12 12:48:02.982534,14.7,1.25,normal,0.88,14.9,6.3,1.2,0.1,0,2.05,4.73,0
V05010,container,218.9,29.0,9.3,126570,4587,2024-05-11 21:53:26.130218,2024-05-11 23:22:14.130218,2024-05-12 11:58:14.130218,12.6,1.48,normal,0.58,4.3,11.0,0.1,1.0,0,2.71,1.8,0
V01223,bulk,108.1,15.8,10.5,90209,2949,2024-05-12 04:08:06.216586,2024-05-12 07:15:18.216586,2024-05-13 07:33:18.216586,24.3,3.12,normal,0.74,24.6,5.6,2.7,0.2,1,7.24,1.79,1
V02565,general,209.1,34.1,6.1,99631,2267,2024-05-12 04:18:34.928452,2024-05-12 05:54:34.928452,2024-05-12 23:54:34.928452,18.0,1.6,normal,0.78,19.2,7.4,1.8,0.6,0,7.06,0.41,1
V05993,tanker,290.0,39.3,10.6,233809,3775,2024-05-13 00:17:27.734587,2024-05-13 03:24:03.734587,2024-05-13 20:36:03.734587,17.2,3.11,normal,0.48,24.5,8.0,3.5,0.6,1,4.83,3.26,0
V05107,container,370.9,61.8,9.5,280940,952,2024-05-13 02:31:49.724043,2024-05-13 04:04:13.724043,2024-05-13 16:10:13.724043,12.1,1.54,normal,0.62,19.3,9.2,2.6,1.0,0,7.65,5.08,1
V01122,tanker,174.7,27.4,13.5,167942,999,2024-05-13 08:23:46.250508,2024-05-13 10:18:58.250508,2024-05-13 20:24:58.250508,10.1,1.92,normal,0.74,0.0,7.9,0.0,0.3,0,2.63,2.56,0
V05847,container,362.9,56.3,10.9,314915,4472,2024-05-13 21:34:04.350433,2024-05-13 23:15:28.350433,2024-05-14 06:21:28.350433,7.1,1.69,high,0.66,15.0,3.1,1.8,0.9,0,2.11,1.69,0
V03545,container,317.1,46.1,11.7,268089,3976,2024-05-14 04:25:14.012103,2024-05-14 06:00:02.012103,2024-05-14 22:42:02.012103,16.7,1.58,high,0.98,16.9,7.6,1.9,1.8,0,7.99,3.94,1
V01412,container,372.4,52.9,11.7,293021,799,2024-05-14 06:33:30.257692,2024-05-14 10:24:30.257692,2024-05-14 23:48:30.257692,13.4,3.85,low,0.62,32.8,4.5,3.5,0.7,1,6.24,0.18,1
V05328,tanker,308.4,45.4,11.2,209049,570,2024-05-14 16:07:34.625529,2024-05-14 19:24:58.625529,2024-05-15 13:12:58.625529,17.8,3.29,normal,0.85,32.4,5.2,3.3,1.2,1,7.87,4.12,1
V02998,general,146.9,22.6,6.2,59452,1649,2024-05-14 18:29:29.068910,2024-05-14 19:49:17.068910,2024-05-15 07:43:17.068910,11.9,1.33,normal,0.97,20.0,11.4,2.3,0.9,0,6.85,1.51,1
V02119,container,368.2,59.0,12.0,273014,2717,2024-05-14 19:02:13.269278,2024-05-14 20:39:25.269278,2024-05-15 22:39:25.269278,26.0,1.62,low,0.95,16.3,7.2,1.4,0.4,0,6.13,0.55,1
V01923,container,249.3,38.9,10.7,211602,2797,2024-05-14 22:52:46.134679,2024-05-14 23:56:58.134679,2024-05-16 00:02:58.134679,24.1,1.07,low,0.85,4.1,5.8,0.2,0.1,0,2.0,2.31,0
V01693,container,194.6,32.0,12.6,159509,1972,2024-05-14 23:50:25.906120,2024-05-15 01:13:13.906120,2024-05-15 22:01:13.906120,20.8,1.38,normal,0.65,5.3,8.0,0.7,1.0,0,2.33,5.3,0
V01963,tanker,272.0,39.5,11.1,187082,2857,2024-05-15 14:33:36.926030,2024-05-15 16:20:24.926030,2024-05-16 12:56:24.926030,20.6,1.78,low,0.64,0.0,10.3,0.2,0.8,0,5.24,3.41,0
V02678,general,184.0,25.9,5.9,85097,2467,2024-05-15 14:38:57.071757,2024-05-15 17:00:33.071757,2024-05-16 06:12:33.071757,13.2,2.36,normal,0.56,21.8,9.2,2.1,1.3,1,5.38,5.28,0
V05364,bulk,125.6,18.1,9.6,90508,1532,2024-05-15 20:00:06.564658,2024-05-15 22:01:18.564658,2024-05-16 20:19:18.564658,22.3,2.02,normal,0.74,8.2,4.8,1.0,0.1,0,5.9,4.93,1
V04407,container,189.3,27.8,14.6,201397,4141,2024-05-16 02:38:09.455011,2024-05-16 05:28:33.455011,2024-05-17 02:52:33.455011,21.4,2.84,normal,0.62,22.1,11.2,2.4,0.3,1,4.75,2.14,0
V02639,container,251.9,42.4,12.1,217866,1214,2024-05-16 06:46:49.838588,2024-05-16 08:16:49.838588,2024-05-17 04:40:49.838588,20.4,1.5,low,0.84,0.0,8.4,0.0,0.4,0,7.71,6.01,1
V02523,container,342.4,49.1,12.6,303362,4845,2024-05-16 08:23:10.105869,2024-05-16 09:47:46.105869,2024-05-17 00:59:46.105869,15.2,1.41,low,0.6,17.0,4.6,1.7,0.6,0,5.92,0.22,1
V02899,tanker,160.4,22.5,10.1,115882,2967,2024-05-16 22:41:05.951971,2024-05-17 01:36:53.951971,2024-05-17 21:48:53.951971,20.2,2.93,normal,0.7,24.5,5.4,2.3,1.3,1,3.18,3.11,0
V01518,tanker,310.9,41.2,13.7,289836,606,2024-05-17 03:18:13.787051,2024-05-17 05:33:13.787051,2024-05-18 05:21:13.787051,23.8,2.25,normal,0.72,1.0,9.3,0.4,0.2,0,4.55,2.65,0
V03466,bulk,237.8,32.5,9.3,150259,3006,2024-05-17 04:21:12.081374,2024-05-17 06:15:48.081374,2024-05-18 07:21:48.081374,25.1,1.91,normal,0.94,14.3,8.8,1.4,0.1,0,6.12,4.65,1
V05253,container,185.1,25.9,8.5,99005,4094,2024-05-17 08:29:38.973554,2024-05-17 09:45:14.973554,2024-05-18 18:45:14.973554,33.0,1.26,high,0.78,17.8,4.4,2.0,0.8,0,6.84,4.5,1
V01666,general,207.5,33.7,5.1,83358,4052,2024-05-17 11:27:49.072762,2024-05-17 12:36:49.072762,2024-05-18 02:54:49.072762,14.3,1.15,normal,0.95,15.6,4.3,1.5,0.6,0,2.76,2.94,0
V04793,general,138.5,22.6,6.7,62671,2324,2024-05-17 15:37:46.070222,2024-05-17 16:43:46.070222,2024-05-17 22:55:46.070222,6.2,1.1,normal,0.63,18.0,5.4,2.5,0.2,0,4.44,1.92,0
V05899,container,205.4,30.7,11.6,165810,2324,2024-05-17 17:08:14.751082,2024-05-17 19:26:50.751082,2024-05-18 08:32:50.751082,13.1,2.31,normal,0.52,22.9,10.5,2.6,0.4,1,6.63,0.91,1
V01685,container,325.4,42.5,8.5,215642,3116,2024-05-17 18:56:39.117550,2024-05-17 20:30:15.117550,2024-05-19 00:54:15.117550,28.4,1.56,normal,0.62,7.2,6.2,0.7,0.6,0,7.99,7.08,1
V05273,tanker,270.4,45.0,10.4,170707,3181,2024-05-17 19:05:21.312477,2024-05-17 20:36:33.312477,2024-05-18 05:54:33.312477,9.3,1.52,normal,0.72,19.4,8.1,1.9,0.2,0,8.0,0.96,1
V04681,container,377.3,50.5,14.9,375986,3156,2024-05-17 21:27:56.630283,2024-05-17 23:48:20.630283,2024-05-19 12:12:20.630283,36.4,2.34,normal,0.82,15.2,2.9,1.9,0.2,1,6.09,3.14,1
V02740,tanker,264.8,44.7,10.2,197720,1387,2024-05-18 01:07:41.553824,2024-05-18 03:46:41.553824,2024-05-18 18:52:41.553824,15.1,2.65,normal,0.59,21.3,7.7,2.0,0.5,1,2.01,1.45,0
V04961,container,236.4,37.4,14.2,229506,1323,2024-05-18 02:54:08.216458,2024-05-18 04:09:08.216458,2024-05-18 18:09:08.216458,14.0,1.25,low,0.68,15.5,7.0,1.4,0.2,0,2.94,4.3,0
V01702,bulk,193.6,28.5,12.9,180019,745,2024-05-18 03:57:15.657262,2024-05-18 07:10:27.657262,2024-05-19 11:40:27.657262,28.5,3.22,low,0.82,25.0,7.1,2.1,0.5,1,4.33,2.09,0
V03985,container,263.5,38.6,8.9,153011,2972,2024-05-18 21:05:41.293845,2024-05-18 23:53:05.293845,2024-05-20 01:11:05.293845,25.3,2.79,normal,0.83,24.8,5.9,2.2,1.3,1,7.47,0.08,1
V05335,bulk,268.6,45.5,7.3,133995,1962,2024-05-19 05:49:58.473351,2024-05-19 07:40:22.473351,2024-05-20 00:34:22.473351,16.9,1.84,normal,0.6,6.2,4.9,0.7,0.3,0,5.95,4.23,1
V05869,bulk,254.4,42.6,8.8,178525,2238,2024-05-19 07:03:47.590376,2024-05-19 10:33:11.590376,2024-05-20 18:09:11.590376,31.6,3.49,normal,0.74,21.9,5.6,2.4,0.5,1,7.43,4.46,1
V05685,roro,139.5,20.0,8.5,83815,586,2024-05-19 15:07:56.808470,2024-05-19 16:28:56.808470,2024-05-20 01:22:56.808470,8.9,1.35,normal,0.61,7.6,8.3,1.2,0.4,0,2.15,3.99,0
V01139,container,351.7,47.8,14.6,355604,4914,2024-05-19 15:51:22.362474,2024-05-19 17:57:58.362474,2024-05-20 14:03:58.362474,20.1,2.11,normal,0.66,26.0,7.5,2.3,0.5,1,2.68,5.75,0
V01623,container,226.4,32.3,11.3,189325,4218,2024-05-20 00:50:03.470649,2024-05-20 04:05:03.470649,2024-05-20 23:05:03.470649,19.0,3.25,low,0.77,22.0,6.8,2.0,0.9,1,3.5,5.92,0
V03612,tanker,306.3,42.2,13.1,259985,793,2024-05-20 03:21:40.434924,2024-05-20 05:07:16.434924,2024-05-20 20:31:16.434924,15.4,1.76,normal,0.91,7.7,8.8,0.7,0.0,0,2.08,2.86,0
V01985,container,186.5,29.5,13.5,160262,1023,2024-05-20 08:08:21.389862,2024-05-20 10:29:57.389862,2024-05-21 11:35:57.389862,25.1,2.36,normal,0.74,20.7,8.7,2.2,0.2,1,7.65,2.55,1
V02375,bulk,233.1,30.5,12.6,176877,3966,2024-05-20 22:40:11.337393,2024-05-21 00:47:23.337393,2024-05-22 12:53:23.337393,36.1,2.12,normal,0.9,6.2,9.5,0.5,0.4,0,7.49,3.46,1
V04201,container,168.5,26.6,11.8,155523,3479,2024-05-20 22:45:56.657813,2024-05-21 01:29:44.657813,2024-05-21 12:47:44.657813,11.3,2.73,high,0.63,24.8,6.7,3.1,1.0,1,7.4,2.01,1
V04901,general,116.0,15.9,5.4,47012,4311,2024-05-20 22:57:39.384509,2024-05-21 00:25:15.384509,2024-05-21 20:19:15.384509,19.9,1.46,normal,1.0,8.2,6.8,1.2,0.0,0,7.21,2.06,1
V03897,bulk,209.3,34.9,8.4,116099,1480,2024-05-21 00:32:29.136897,2024-05-21 02:01:17.136897,2024-05-21 19:25:17.136897,17.4,1.48,high,0.89,6.0,7.8,0.6,0.7,0,5.09,1.98,0
V01322,container,180.0,24.8,12.5,139392,1251,2024-05-21 03:47:59.020978,2024-05-21 05:23:23.020978,2024-05-22 12:11:23.020978,30.8,1.59,high,0.86,6.9,11.5,0.3,0.7,0,2.0,4.95,0
V02402,tanker,165.1,26.0,11.3,143204,4819,2024-05-21 04:36:09.159321,2024-05-21 07:07:21.159321,2024-05-22 08:37:21.159321,25.5,2.52,normal,0.88,36.1,4.2,4.3,0.6,1,2.31,3.26,0
V04664,tanker,142.4,21.1,13.0,112280,1507,2024-05-21 07:17:53.793786,2024-05-21 09:58:41.793786,2024-05-22 12:28:41.793786,26.5,2.68,normal,0.77,23.8,9.5,2.1,1.7,1,5.75,4.86,1
V02463,bulk,177.4,24.6,11.9,131695,2755,2024-05-21 07:27:30.839505,2024-05-21 10:38:54.839505,2024-05-22 05:44:54.839505,19.1,3.19,normal,0.83,26.2,11.0,2.4,0.8,1,5.98,3.71,1
V05371,bulk,154.0,21.5,11.5,110143,3671,2024-05-21 08:03:07.032082,2024-05-21 09:57:07.032082,2024-05-22 16:21:07.032082,30.4,1.9,normal,0.73,9.0,5.4,0.7,1.3,0,6.78,4.89,1
V05839,roro,237.6,33.4,7.0,108460,924,2024-05-21 10:26:34.279029,2024-05-21 11:33:10.279029,2024-05-21 20:57:10.279029,9.4,1.11,low,0.85,3.7,5.1,0.3,0.3,0,7.89,2.33,1
V04264,tanker,252.3,41.8,13.7,256588,1397,2024-05-21 12:35:31.718292,2024-05-21 13:56:31.718292,2024-05-22 21:08:31.718292,31.2,1.35,normal,0.77,13.5,8.7,1.5,0.4,0,5.62,2.42,1
V04297,container,236.1,39.2,12.5,219976,2075,2024-05-21 12:43:31.078835,2024-05-21 14:14:43.078835,2024-05-22 11:38:43.078835,21.4,1.52,normal,0.46,19.1,8.9,1.8,1.1,0,5.42,0.25,0
V03584,roro,145.9,21.7,8.8,102686,4140,2024-05-21 14:37:01.460222,2024-05-21 15:40:01.460222,2024-05-21 23:40:01.460222,8.0,1.05,normal,0.82,0.0,9.2,0.0,1.1,0,2.81,7.26,0
V03181,tanker,159.8,21.3,10.4,131149,4489,2024-05-21 22:21:05.453963,2024-05-21 23:59:29.453963,2024-05-23 19:47:29.453963,43.8,1.64,normal,0.89,18.2,6.0,2.3,1.9,0,8.0,1.2,1
V01757,bulk,218.5,36.7,10.0,163769,3787,2024-05-21 23:58:01.126579,2024-05-22 01:44:13.126579,2024-05-23 10:08:13.126579,32.4,1.77,normal,0.53,17.5,6.4,1.8,0.4,0,6.99,1.98,1
V01068,bulk,123.5,19.4,7.8,66088,1402,2024-05-22 05:00:00.024674,2024-05-22 06:57:00.024674,2024-05-23 00:45:00.024674,17.8,1.95,high,0.47,16.9,4.4,1.6,1.0,0,2.1,2.65,0
V02910,general,109.6,16.8,8.8,59981,2758,2024-05-22 13:47:56.941929,2024-05-22 16:13:44.941929,2024-05-23 06:19:44.941929,14.1,2.43,normal,0.7,23.2,3.4,2.0,0.6,1,5.0,4.35,0
V04624,general,186.2,29.8,6.1,71429,3706,2024-05-23 05:09:23.629851,2024-05-23 07:51:23.629851,2024-05-24 01:09:23.629851,17.3,2.7,normal,0.67,24.5,8.4,2.5,2.2,1,2.01,3.82,0
V03398,bulk,111.8,18.0,12.5,100195,2466,2024-05-23 07:58:34.725467,2024-05-23 10:54:58.725467,2024-05-25 18:24:58.725467,55.5,2.94,low,0.62,20.8,5.9,2.4,0.2,1,4.36,3.26,0
V02340,roro,152.2,20.0,6.2,70947,2986,2024-05-23 13:55:45.270639,2024-05-23 16:34:09.270639,2024-05-24 05:46:09.270639,13.2,2.64,normal,1.0,25.0,7.3,2.8,0.2,1,6.0,4.06,1
V05697,bulk,186.2,26.3,9.0,116361,3856,2024-05-24 04:59:33.668684,2024-05-24 06:43:21.668684,2024-05-24 15:07:21.668684,8.4,1.73,normal,0.79,16.3,9.8,1.8,0.2,0,2.46,0.49,0
V04927,roro,146.1,19.3,10.4,111750,2874,2024-05-24 08:09:17.593725,2024-05-24 10:51:17.593725,2024-05-24 19:21:17.593725,8.5,2.7,normal,0.71,24.4,6.1,2.2,0.1,1,3.48,0.23,0
V04090,general,118.7,15.8,7.1,54404,3952,2024-05-24 11:08:46.288850,2024-05-24 12:30:58.288850,2024-05-25 11:48:58.288850,23.3,1.37,normal,0.68,3.9,7.7,0.0,0.4,0,7.5,2.47,1
V01620,roro,191.3,31.9,7.3,105444,3085,2024-05-24 15:43:25.208877,2024-05-24 17:10:25.208877,2024-05-25 05:16:25.208877,12.1,1.45,normal,0.68,18.7,5.8,1.8,0.7,0,4.51,3.74,0
V04978,container,213.8,30.5,13.9,220667,4965,2024-05-24 23:09:24.163130,2024-05-25 00:35:48.163130,2024-05-25 16:29:48.163130,15.9,1.44,normal,0.54,7.1,7.0,0.7,0.6,0,7.13,4.63,1
V04830,container,286.9,37.7,10.6,214796,3132,2024-05-25 07:51:08.747665,2024-05-25 11:16:56.747665,2024-05-25 22:34:56.747665,11.3,3.43,normal,0.77,20.2,7.6,2.0,0.4,1,2.34,4.31,0
V04067,general,146.8,21.8,9.3,100346,650,2024-05-25 08:55:04.911158,2024-05-25 10:06:28.911158,2024-05-25 20:42:28.911158,10.6,1.19,normal,0.9,8.2,5.1,0.9,0.7,0,3.44,3.67,0
V03828,tanker,136.5,21.9,12.1,105304,3816,2024-05-25 09:39:15.260756,2024-05-25 11:04:27.260756,2024-05-26 04:22:27.260756,17.3,1.42,high,0.92,16.5,11.2,2.0,1.3,0,4.48,4.48,0
V04625,container,332.5,51.1,8.7,219760,1157,2024-05-25 11:36:06.322793,2024-05-25 12:45:06.322793,2024-05-26 01:15:06.322793,12.5,1.15,normal,0.69,2.5,11.1,0.1,0.6,0,7.18,2.12,1
V05903,tanker,145.1,24.1,11.8,112659,3466,2024-05-25 12:28:19.432487,2024-05-25 14:42:43.432487,2024-05-26 18:12:43.432487,27.5,2.24,normal,0.54,20.8,5.0,2.2,0.4,1,7.85,6.79,1
V01807,tanker,167.2,25.9,12.1,151091,3294,2024-05-25 19:31:04.988753,2024-05-25 21:06:28.988753,2024-05-26 06:00:28.988753,8.9,1.59,normal,0.62,17.4,8.9,1.5,0.7,0,2.02,3.19,0
V05918,bulk,222.3,32.7,7.1,95187,4043,2024-05-25 19:34:24.523100,2024-05-25 21:10:24.523100,2024-05-26 15:28:24.523100,18.3,1.6,low,0.87,12.9,6.4,1.0,1.0,0,2.03,3.76,0
V02661,container,350.4,54.7,14.3,378095,3258,2024-05-26 03:27:07.790412,2024-05-26 05:57:43.790412,2024-05-26 14:27:43.790412,8.5,2.51,normal,0.92,21.2,7.7,1.9,0.2,1,6.65,2.44,1
V03305,container,279.7,39.3,10.1,198072,4540,2024-05-26 12:11:49.579804,2024-05-26 14:39:25.579804,2024-05-27 03:57:25.579804,13.3,2.46,normal,1.0,27.2,8.6,3.3,0.6,1,6.95,3.23,1
V03712,container,245.9,35.8,11.2,182368,3887,2024-05-26 12:36:29.515303,2024-05-26 14:13:05.515303,2024-05-27 16:19:05.515303,26.1,1.61,normal,0.65,10.7,7.6,1.0,0.2,0,7.38,2.08,1
V02296,tanker,286.1,44.3,13.7,305566,1255,2024-05-26 18:10:17.985836,2024-05-26 20:45:05.985836,2024-05-28 06:21:05.985836,33.6,2.58,normal,0.89,21.8,9.5,2.0,0.9,1,3.32,5.15,0
V04717,container,245.0,40.9,13.1,211204,3302,2024-05-27 07:53:15.087907,2024-05-27 09:27:27.087907,2024-05-27 17:33:27.087907,8.1,1.57,high,0.64,18.1,8.5,2.3,1.3,0,2.14,1.35,0
V02429,bulk,148.3,21.6,8.2,93877,777,2024-05-27 13:53:15.849293,2024-05-27 15:20:51.849293,2024-05-29 09:38:51.849293,42.3,1.46,normal,0.63,19.4,7.2,2.1,0.1,0,7.75,2.51,1
V05443,roro,172.9,28.3,7.1,83336,1727,2024-05-27 19:17:07.974565,2024-05-27 20:57:19.974565,2024-05-28 05:45:19.974565,8.8,1.67,normal,0.91,26.3,7.5,2.0,0.2,1,2.95,4.36,0
V04724,bulk,150.5,20.0,10.6,118886,2756,2024-05-27 20:19:19.239395,2024-05-27 23:04:55.239395,2024-05-28 16:58:55.239395,17.9,2.76,low,0.7,21.7,4.9,2.4,0.1,1,2.13,3.87,0
V02072,general,83.0,11.0,6.9,43435,3818,2024-05-28 07:37:12.833188,2024-05-28 08:55:48.833188,2024-05-28 21:43:48.833188,12.8,1.31,normal,0.75,19.7,4.9,1.8,0.3,0,3.02,5.54,0
V03627,container,360.0,53.4,10.3,291392,3926,2024-05-28 10:18:37.045068,2024-05-28 12:11:25.045068,2024-05-29 03:41:25.045068,15.5,1.88,normal,0.76,18.1,6.1,1.8,0.2,0,2.38,1.45,0
V01621,roro,152.0,25.5,9.0,86650,3729,2024-05-28 12:09:00.338536,2024-05-28 13:22:12.338536,2024-05-28 20:22:12.338536,7.0,1.22,normal,0.81,14.5,8.0,0.8,1.2,0,4.62,2.53,0
V02361,roro,194.4,25.3,10.4,142746,1466,2024-05-28 12:11:21.457501,2024-05-28 13:41:57.457501,2024-05-28 22:35:57.457501,8.9,1.51,normal,0.49,17.6,5.8,1.5,0.8,0,4.68,1.96,0
V01953,tanker,188.2,27.8,11.6,145784,4317,2024-05-28 21:07:38.926736,2024-05-29 00:13:38.926736,2024-05-29 17:01:38.926736,16.8,3.1,normal,0.86,27.2,7.5,3.5,0.1,1,2.13,1.17,0
V01480,bulk,177.6,29.6,7.6,83443,3417,2024-05-29 08:02:10.998536,2024-05-29 09:53:10.998536,2024-05-29 21:59:10.998536,12.1,1.85,low,0.83,4.4,6.7,0.6,0.5,0,3.5,3.58,0
V05604,container,298.0,45.5,9.8,218322,3740,2024-05-29 08:07:38.876567,2024-05-29 09:17:14.876567,2024-05-29 21:47:14.876567,12.5,1.16,normal,0.98,6.2,8.7,1.0,0.1,0,3.38,5.82,0
V04822,roro,166.1,23.1,7.8,85557,3400,2024-05-29 19:10:55.792291,2024-05-29 20:41:31.792291,2024-05-30 04:11:31.792291,7.5,1.51,normal,0.81,26.1,6.4,2.7,0.1,1,5.33,5.88,0
V03085,bulk,236.8,35.9,8.0,118461,2913,2024-05-30 08:58:02.435737,2024-05-30 10:41:50.435737,2024-05-31 13:29:50.435737,26.8,1.73,normal,0.92,14.6,4.4,1.7,0.7,0,3.33,3.08,0
V04909,general,115.6,15.1,7.9,69365,1063,2024-05-30 14:52:22.437881,2024-05-30 16:06:10.437881,2024-05-31 03:30:10.437881,11.4,1.23,normal,0.46,15.0,9.6,1.7,0.1,0,6.28,4.87,1
V05112,tanker,233.7,35.1,11.7,206620,3391,2024-05-30 22:57:29.360833,2024-05-31 02:19:05.360833,2024-05-31 19:49:05.360833,17.5,3.36,normal,0.51,5.6,2.6,0.3,0.2,1,2.04,3.98,0
V04719,container,198.9,33.4,11.9,145953,3845,2024-05-31 16:57:59.393427,2024-05-31 18:44:11.393427,2024-06-02 19:50:11.393427,49.1,1.77,normal,0.47,15.4,7.3,1.6,0.3,0,7.67,2.86,1
V01929,tanker,211.7,28.0,12.3,165623,3321,2024-05-31 18:30:40.660584,2024-05-31 21:54:04.660584,2024-06-01 08:48:04.660584,10.9,3.39,normal,0.79,26.9,8.9,3.0,0.3,1,7.86,0.09,1
V01774,container,221.9,34.1,9.2,132870,1665,2024-06-01 07:28:24.669229,2024-06-01 08:57:12.669229,2024-06-03 03:51:12.669229,42.9,1.48,normal,0.8,15.7,7.5,1.5,0.2,0,7.49,2.88,1
V02603,container,356.4,47.4,9.7,218483,4267,2024-06-01 12:06:49.646017,2024-06-01 15:22:25.646017,2024-06-02 06:10:25.646017,14.8,3.26,normal,0.96,27.7,6.9,2.7,0.5,1,2.06,4.89,0
V01555,tanker,121.1,16.7,11.1,105139,1286,2024-06-01 14:06:49.467487,2024-06-01 15:52:25.467487,2024-06-02 12:10:25.467487,20.3,1.76,high,0.73,18.2,3.9,1.4,0.2,0,2.95,1.89,0
V02129,bulk,269.3,35.8,12.9,211593,1173,2024-06-02 19:27:02.658754,2024-06-02 21:25:14.658754,2024-06-03 09:31:14.658754,12.1,1.97,normal,0.51,9.3,7.0,1.0,1.2,0,8.0,2.97,1
V02759,general,98.2,16.6,7.0,54839,3211,2024-06-03 02:27:34.667936,2024-06-03 03:53:22.667936,2024-06-03 21:17:22.667936,17.4,1.43,normal,0.89,18.0,7.7,1.5,0.4,0,2.22,4.24,0
V03018,general,142.0,21.0,6.8,70543,2152,2024-06-03 05:19:46.257280,2024-06-03 06:44:22.257280,2024-06-03 22:14:22.257280,15.5,1.41,normal,0.58,18.4,9.4,1.6,0.1,0,5.8,3.35,1
V04234,container,237.7,36.2,8.1,148310,626,2024-06-03 06:58:50.683901,2024-06-03 08:28:14.683901,2024-06-04 12:04:14.683901,27.6,1.49,normal,0.85,19.8,3.6,1.9,3.4,0,7.68,5.07,1
V04490,bulk,186.8,31.0,10.7,141946,3225,2024-06-03 11:26:55.363910,2024-06-03 13:25:43.363910,2024-06-05 01:19:43.363910,35.9,1.98,normal,0.55,3.4,10.3,0.4,0.5,0,4.32,3.36,0
V04439,container,310.0,47.5,10.7,238310,3699,2024-06-04 05:30:59.728703,2024-06-04 07:00:23.728703,2024-06-05 02:48:23.728703,19.8,1.49,normal,0.84,18.2,4.7,1.3,0.3,0,4.87,0.07,0
V02419,bulk,267.7,37.9,8.6,169345,1457,2024-06-04 08:12:44.781464,2024-06-04 10:06:08.781464,2024-06-05 17:42:08.781464,31.6,1.89,normal,0.64,11.1,5.5,1.3,0.7,0,7.91,3.15,1
V01260,general,122.3,20.1,9.3,85638,1160,2024-06-04 15:57:20.812901,2024-06-04 17:33:20.812901,2024-06-05 09:33:20.812901,16.0,1.6,low,1.0,18.1,5.3,1.9,0.4,0,2.42,4.98,0
V01485,general,144.0,22.2,8.0,88178,2413,2024-06-04 19:56:06.935454,2024-06-04 20:51:54.935454,2024-06-05 07:27:54.935454,10.6,0.93,high,0.61,9.4,5.8,0.4,0.5,0,7.49,4.39,1
V05952,container,281.7,36.8,8.9,181018,4281,2024-06-04 23:16:25.633976,2024-06-05 02:29:01.633976,2024-06-05 22:11:01.633976,19.7,3.21,normal,0.91,23.2,6.8,2.1,1.2,1,6.36,2.2,1
V03534,container,307.0,46.5,14.5,283723,2871,2024-06-05 02:08:57.685044,2024-06-05 04:53:57.685044,2024-06-06 07:35:57.685044,26.7,2.75,normal,0.88,23.0,4.6,2.1,1.6,1,2.5,0.35,0
V01525,tanker,280.8,44.6,11.2,213008,1451,2024-06-05 14:14:22.209196,2024-06-05 16:22:46.209196,2024-06-06 05:10:46.209196,12.8,2.14,normal,0.82,18.7,7.7,1.7,0.2,0,2.78,4.22,0
V04998,tanker,137.8,19.3,10.6,105036,2937,2024-06-05 17:15:22.828725,2024-06-05 18:40:34.828725,2024-06-06 20:10:34.828725,25.5,1.42,normal,0.81,19.1,11.3,1.3,1.5,0,2.89,4.65,0
V02871,general,114.5,19.3,6.3,56084,1933,2024-06-06 06:21:06.608636,2024-06-06 07:45:06.608636,2024-06-06 17:21:06.608636,9.6,1.4,normal,0.81,14.0,8.3,1.7,0.1,0,3.75,3.85,0
V02033,tanker,142.8,20.0,10.9,109500,4295,2024-06-06 09:34:22.916196,2024-06-06 11:37:58.916196,2024-06-07 01:13:58.916196,13.6,2.06,normal,0.95,2.0,4.0,0.8,1.4,0,7.8,6.78,1
V01500,tanker,272.2,38.8,12.5,210932,1726,2024-06-06 10:10:37.087331,2024-06-06 11:37:01.087331,2024-06-07 05:31:01.087331,17.9,1.44,normal,0.71,17.0,6.8,1.9,0.5,0,7.99,4.19,1
V01709,bulk,249.3,39.2,9.4,176413,4964,2024-06-06 16:17:47.497728,2024-06-06 18:15:59.497728,2024-06-07 10:57:59.497728,16.7,1.97,normal,0.57,8.9,4.1,0.6,0.1,0,2.02,2.21,0
V02401,container,196.5,29.0,12.6,162949,2384,2024-06-07 00:51:02.361210,2024-06-07 03:40:14.361210,2024-06-07 22:16:14.361210,18.6,2.82,normal,0.83,23.9,7.4,1.9,0.1,1,6.39,3.33,1
V01154,tanker,201.5,28.3,12.4,167166,4629,2024-06-07 04:19:57.625866,2024-06-07 06:07:57.625866,2024-06-08 00:07:57.625866,18.0,1.8,low,1.0,2.3,8.3,0.0,0.0,0,2.12,3.08,0
V05359,general,109.9,17.1,8.5,60607,1077,2024-06-07 04:34:10.707538,2024-06-07 07:11:22.707538,2024-06-08 01:35:22.707538,18.4,2.62,high,0.62,24.0,9.3,2.0,0.1,1,2.04,3.84,0
V02526,bulk,107.9,14.4,12.7,98600,4450,2024-06-07 07:59:15.681289,2024-06-07 10:02:51.681289,2024-06-08 11:02:51.681289,25.0,2.06,normal,0.91,10.5,5.7,1.4,0.7,0,4.98,3.86,0
V03378,roro,244.2,40.3,6.5,102383,2288,2024-06-07 09:04:09.843307,2024-06-07 10:18:33.843307,2024-06-08 03:12:33.843307,16.9,1.24,high,0.36,7.8,5.8,0.9,0.9,0,6.55,0.71,1
V02949,container,301.9,39.5,8.7,162622,1937,2024-06-07 12:22:39.286883,2024-06-07 13:46:39.286883,2024-06-08 16:10:39.286883,26.4,1.4,normal,0.9,17.7,7.0,1.4,0.2,0,7.39,1.06,1
V05003,roro,229.0,31.4,7.6,111753,1476,2024-06-08 08:07:42.757475,2024-06-08 09:14:18.757475,2024-06-08 19:08:18.757475,9.9,1.11,low,0.92,9.4,7.6,0.9,0.9,0,4.0,4.2,0
V03176,container,286.8,43.4,12.3,256110,1253,2024-06-08 09:46:31.535319,2024-06-08 12:14:43.535319,2024-06-08 23:44:43.535319,11.5,2.47,normal,0.81,27.0,3.6,3.0,0.4,1,6.42,2.72,1
V04980,bulk,276.7,41.7,10.0,205895,4450,2024-06-08 14:16:00.788780,2024-06-08 15:39:24.788780,2024-06-09 22:03:24.788780,30.4,1.39,normal,0.88,18.1,7.9,1.6,1.0,0,6.09,3.71,1
V03330,bulk,208.3,28.9,10.2,132478,2946,2024-06-08 16:16:01.546940,2024-06-08 17:49:37.546940,2024-06-09 14:49:37.546940,21.0,1.56,normal,0.99,10.4,8.8,0.5,1.2,0,3.2,1.26,0
V05424,container,238.0,31.5,9.3,175095,3770,2024-06-08 20:19:37.602270,2024-06-08 22:12:25.602270,2024-06-09 09:36:25.602270,11.4,1.88,normal,0.88,10.7,9.5,0.8,0.5,0,3.72,3.47,0
V05640,tanker,220.1,31.2,12.3,215918,1257,2024-06-08 21:33:41.034803,2024-06-09 00:09:05.034803,2024-06-09 15:03:05.034803,14.9,2.59,normal,0.63,20.8,9.5,2.2,0.8,1,5.55,3.15,1
V01944,container,199.2,31.2,12.7,197385,572,2024-06-09 09:36:48.823026,2024-06-09 12:24:12.823026,2024-06-10 06:54:12.823026,18.5,2.79,normal,0.63,26.4,6.1,2.4,0.3,1,5.02,4.19,0
V01540,bulk,141.1,22.3,11.4,104435,4565,2024-06-10 03:25:46.481736,2024-06-10 06:46:46.481736,2024-06-11 11:10:46.481736,28.4,3.35,normal,0.73,23.5,7.8,2.1,0.1,1,6.14,1.65,1
V04275,container,231.8,34.7,8.7,136391,527,2024-06-10 07:22:58.871670,2024-06-10 09:19:22.871670,2024-06-11 12:19:22.871670,27.0,1.94,normal,0.73,10.7,7.5,1.1,1.1,0,2.0,2.19,0
V01178,tanker,143.2,20.4,10.4,96802,2818,2024-06-10 11:13:22.862409,2024-06-10 13:58:58.862409,2024-06-10 22:28:58.862409,8.5,2.76,normal,0.71,21.3,9.7,2.3,0.9,1,6.22,0.71,1
V03570,bulk,117.2,15.8,10.3,72842,4004,2024-06-10 13:43:32.878084,2024-06-10 15:58:32.878084,2024-06-11 22:58:32.878084,31.0,2.25,normal,0.66,0.0,5.6,0.0,0.0,0,7.98,2.33,1
V02061,bulk,270.2,36.7,10.8,213006,1361,2024-06-10 13:53:39.054337,2024-06-10 15:44:39.054337,2024-06-12 01:56:39.054337,34.2,1.85,normal,0.5,7.4,7.0,0.3,0.0,0,7.94,3.02,1
V03548,container,194.9,27.8,12.5,169389,4262,2024-06-10 20:35:17.724843,2024-06-10 21:56:17.724843,2024-06-11 18:26:17.724843,20.5,1.35,high,0.58,9.1,7.8,0.7,1.9,0,2.3,2.15,0
V02165,bulk,211.7,30.6,7.0,93027,3604,2024-06-11 02:21:44.021778,2024-06-11 04:48:08.021778,2024-06-13 14:06:08.021778,57.3,2.44,normal,0.76,1.7,7.2,0.2,0.4,0,7.92,5.06,1
V02738,container,292.9,48.7,9.7,176713,4294,2024-06-11 06:56:25.045376,2024-06-11 08:30:37.045376,2024-06-11 21:54:37.045376,13.4,1.57,high,0.7,7.7,5.7,0.9,0.3,0,2.5,5.62,0
V04639,tanker,237.9,31.3,12.7,238534,1361,2024-06-11 13:06:07.329289,2024-06-11 14:40:19.329289,2024-06-12 06:10:19.329289,15.5,1.57,low,0.64,15.1,6.4,1.2,0.7,0,7.46,0.96,1
V01973,bulk,196.0,27.4,12.8,186718,3898,2024-06-11 15:00:55.240753,2024-06-11 16:58:31.240753,2024-06-13 03:22:31.240753,34.4,1.96,normal,0.64,17.0,4.5,2.1,0.3,0,7.81,4.48,1
V03573,bulk,228.8,34.9,8.0,120583,1242,2024-06-11 17:45:55.473026,2024-06-11 21:05:43.473026,2024-06-13 03:59:43.473026,30.9,3.33,normal,0.78,29.2,10.2,3.5,2.5,1,4.45,5.53,0
V02172,general,194.4,31.0,8.3,105582,4969,2024-06-11 19:02:33.462478,2024-06-11 20:51:09.462478,2024-06-12 08:09:09.462478,11.3,1.81,normal,0.77,12.3,8.3,1.3,2.1,0,2.78,4.79,0
V02723,bulk,145.4,24.4,10.8,96797,992,2024-06-11 21:01:49.435714,2024-06-11 22:54:37.435714,2024-06-13 03:24:37.435714,28.5,1.88,normal,0.62,16.1,6.9,2.4,0.4,0,2.11,2.9,0
V02764,tanker,318.2,47.5,13.5,285086,3208,2024-06-11 21:47:45.447734,2024-06-12 00:57:57.447734,2024-06-12 20:45:57.447734,19.8,3.17,normal,0.87,33.4,6.7,3.0,0.2,1,2.62,3.21,0
V04374,bulk,244.9,37.0,7.4,141675,2292,2024-06-11 22:16:35.148769,2024-06-12 02:03:59.148769,2024-06-12 22:27:59.148769,20.4,3.79,normal,0.81,21.5,2.0,2.8,0.0,2,3.14,5.73,0
V01995,tanker,294.0,40.4,10.4,242890,3728,2024-06-12 15:46:48.272253,2024-06-12 17:55:12.272253,2024-06-14 04:55:12.272253,35.0,2.14,high,0.63,27.4,6.0,3.3,0.0,1,7.82,1.08,1
V02475,general,113.0,18.6,8.0,61630,4695,2024-06-13 04:29:23.723507,2024-06-13 05:44:23.723507,2024-06-13 16:26:23.723507,10.7,1.25,normal,0.96,16.3,7.8,1.5,0.2,0,7.63,7.02,1
V05811,bulk,270.9,44.4,9.8,207381,3584,2024-06-13 13:07:06.342833,2024-06-13 14:54:30.342833,2024-06-14 16:54:30.342833,26.0,1.79,normal,0.96,11.3,8.5,1.1,0.2,0,5.48,1.36,0
V04684,bulk,130.9,21.6,9.3,73422,1432,2024-06-13 13:22:24.502968,2024-06-13 15:05:00.502968,2024-06-14 08:11:00.502968,17.1,1.71,normal,0.42,9.9,8.2,0.4,0.3,0,5.86,4.63,1
V01790,container,340.8,46.9,12.2,294539,1771,2024-06-13 14:19:23.691584,2024-06-13 15:46:59.691584,2024-06-14 03:10:59.691584,11.4,1.46,normal,0.95,6.2,7.7,0.2,0.3,0,7.09,4.84,1
V03434,bulk,271.0,36.9,11.7,205806,3523,2024-06-13 14:26:28.728317,2024-06-13 16:08:28.728317,2024-06-14 15:26:28.728317,23.3,1.7,normal,0.7,19.1,8.6,1.9,0.1,0,7.22,3.82,1
V02907,bulk,260.3,36.3,11.9,230270,1339,2024-06-13 15:34:15.813327,2024-06-13 17:40:51.813327,2024-06-14 19:58:51.813327,26.3,2.11,normal,0.8,18.3,5.9,1.8,1.4,0,7.96,3.92,1
V02642,bulk,230.7,30.6,10.3,172121,4163,2024-06-13 15:58:32.036575,2024-06-13 18:45:56.036575,2024-06-14 11:09:56.036575,16.4,2.79,normal,0.41,31.2,7.0,3.1,0.2,1,8.0,0.11,1
V01543,tanker,173.6,22.8,10.3,118208,3851,2024-06-13 21:34:24.920372,2024-06-14 00:09:12.920372,2024-06-14 12:51:12.920372,12.7,2.58,low,0.97,24.7,9.0,2.9,0.4,1,2.11,0.66,0
V04353,tanker,230.9,38.3,11.0,165828,2005,2024-06-13 21:45:59.078644,2024-06-14 00:42:59.078644,2024-06-14 20:00:59.078644,19.3,2.95,high,0.76,22.7,9.4,2.2,1.4,1,2.04,6.63,0
V05706,roro,169.5,26.6,6.3,70107,917,2024-06-14 01:43:23.030166,2024-06-14 02:54:47.030166,2024-06-14 21:00:47.030166,18.1,1.19,normal,0.71,17.3,7.8,1.4,0.2,0,5.79,3.92,1
V03508,general,178.5,24.6,6.5,84101,2673,2024-06-14 12:06:41.582973,2024-06-14 13:16:17.582973,2024-06-14 23:40:17.582973,10.4,1.16,normal,0.95,19.6,6.9,1.5,0.2,0,2.95,1.67,0
V04038,bulk,144.7,23.6,12.3,128912,920,2024-06-14 15:02:41.635397,2024-06-14 16:30:53.635397,2024-06-15 13:18:53.635397,20.8,1.47,normal,0.8,14.6,5.9,1.3,0.8,0,7.01,1.67,1
V04730,general,187.4,30.0,8.6,118539,4406,2024-06-14 19:38:08.514510,2024-06-14 22:15:20.514510,2024-06-15 19:03:20.514510,20.8,2.62,normal,0.8,38.8,5.9,3.8,0.9,1,5.25,6.79,0
V03947,general,191.7,30.7,5.1,75334,3223,2024-06-15 04:31:26.835973,2024-06-15 07:08:38.835973,2024-06-16 01:14:38.835973,18.1,2.62,normal,0.76,23.4,9.1,2.5,0.4,1,7.87,4.64,1
V05773,tanker,204.2,27.8,12.9,168764,3285,2024-06-15 05:30:18.163590,2024-06-15 08:19:30.163590,2024-06-16 06:31:30.163590,22.2,2.82,normal,0.84,24.4,10.3,2.1,0.4,1,7.94,0.5,1
V05960,bulk,167.8,25.8,9.1,97174,2451,2024-06-15 06:37:17.622668,2024-06-15 08:53:29.622668,2024-06-16 07:05:29.622668,22.2,2.27,high,0.57,12.3,9.5,1.0,0.2,0,7.15,4.74,1
V04097,general,99.9,13.0,9.7,63101,878,2024-06-15 11:34:40.475595,2024-06-15 12:52:04.475595,2024-06-16 05:10:04.475595,16.3,1.29,normal,0.77,16.1,8.9,1.5,0.2,0,2.03,1.91,0
V04617,general,139.2,19.3,9.7,106317,3005,2024-06-15 12:49:26.911975,2024-06-15 15:02:38.911975,2024-06-16 07:50:38.911975,16.8,2.22,high,0.74,21.1,6.1,2.0,0.2,1,2.85,6.18,0
V03594,tanker,150.0,24.4,12.6,148746,3255,2024-06-15 20:52:41.061282,2024-06-15 22:39:29.061282,2024-06-18 02:15:29.061282,51.6,1.78,normal,0.8,19.3,7.9,2.2,0.2,0,4.58,6.49,0
V02550,container,315.6,43.4,11.4,266149,2963,2024-06-15 21:07:43.377285,2024-06-15 22:42:31.377285,2024-06-16 17:18:31.377285,18.6,1.58,normal,0.79,15.1,5.6,1.2,0.3,0,4.21,3.15,0
V02367,general,212.4,35.9,10.0,144863,1626,2024-06-15 21:12:32.859326,2024-06-15 22:50:56.859326,2024-06-16 12:02:56.859326,13.2,1.64,normal,1.0,10.6,9.7,1.1,1.0,0,4.09,3.71,0
V03842,tanker,267.9,41.8,12.2,256793,1336,2024-06-16 04:20:38.218850,2024-06-16 06:17:38.218850,2024-06-16 22:53:38.218850,16.6,1.95,normal,0.44,14.9,7.2,1.1,1.4,0,7.11,5.73,1
V05509,roro,196.3,26.7,6.2,92991,3375,2024-06-16 06:18:08.580347,2024-06-16 07:25:56.580347,2024-06-16 16:49:56.580347,9.4,1.13,high,0.88,11.9,6.8,1.0,1.3,0,7.94,1.52,1
V05860,container,152.3,23.5,8.5,98761,2817,2024-06-16 17:12:45.652480,2024-06-16 18:39:09.652480,2024-06-17 04:09:09.652480,9.5,1.44,normal,0.73,18.7,4.3,1.7,0.2,0,7.56,5.61,1
V01237,container,264.6,37.1,12.8,224060,3261,2024-06-16 23:22:26.234481,2024-06-17 01:51:50.234481,2024-06-17 12:39:50.234481,10.8,2.49,low,0.83,29.7,8.7,3.6,0.3,1,2.48,6.59,0
V02601,tanker,198.3,27.6,9.2,141901,4181,2024-06-17 10:11:24.957870,2024-06-17 12:22:12.957870,2024-06-18 16:22:12.957870,28.0,2.18,normal,0.82,8.2,12.5,0.7,0.6,0,4.41,4.68,0
V02722,container,302.3,39.6,8.7,186661,1510,2024-06-17 11:52:19.533829,2024-06-17 13:22:19.533829,2024-06-18 08:52:19.533829,19.5,1.5,normal,0.91,14.1,10.5,1.1,0.7,0,2.4,0.44,0
V02397,tanker,303.0,40.3,9.9,187144,1225,2024-06-17 12:18:35.029332,2024-06-17 15:14:23.029332,2024-06-18 06:08:23.029332,14.9,2.93,normal,0.98,20.8,7.7,1.5,0.3,1,2.13,4.46,0
V02058,general,151.9,22.6,6.2,67124,4999,2024-06-17 14:38:03.018112,2024-06-17 17:00:51.018112,2024-06-18 17:12:51.018112,24.2,2.38,normal,0.75,25.1,3.2,2.6,1.0,1,3.09,3.39,0
V03241,roro,106.0,14.2,8.8,68661,536,2024-06-17 22:48:45.603605,2024-06-18 00:20:33.603605,2024-06-18 08:26:33.603605,8.1,1.53,normal,0.77,15.3,6.7,2.1,1.9,0,4.08,3.35,0
V03672,bulk,235.3,38.5,12.0,183774,2076,2024-06-18 01:13:15.178163,2024-06-18 03:23:27.178163,2024-06-19 14:11:27.178163,34.8,2.17,normal,0.72,18.8,8.4,2.2,2.5,0,2.0,0.18,0
V04132,bulk,136.4,17.9,10.5,113787,4217,2024-06-18 13:33:43.961424,2024-06-18 15:16:55.961424,2024-06-19 10:40:55.961424,19.4,1.72,high,0.82,4.5,9.6,0.4,0.3,0,2.01,5.88,0
V02082,general,183.2,26.2,9.5,107492,762,2024-06-18 15:20:31.703450,2024-06-18 18:14:31.703450,2024-06-19 11:02:31.703450,16.8,2.9,high,0.91,22.6,5.5,2.0,0.3,1,2.98,1.34,0
V04113,container,223.0,29.5,9.1,160751,4363,2024-06-18 16:03:06.881010,2024-06-18 18:04:54.881010,2024-06-19 02:58:54.881010,8.9,2.03,normal,0.6,20.4,6.6,1.8,0.8,1,3.89,3.91,0
V05885,bulk,218.5,34.8,11.1,169192,1066,2024-06-18 21:34:54.639127,2024-06-18 23:34:54.639127,2024-06-19 16:34:54.639127,17.0,2.0,normal,0.77,14.8,8.5,1.7,0.2,0,6.97,5.91,1
V05208,roro,183.6,26.1,7.7,94457,1957,2024-06-19 08:28:28.271039,2024-06-19 10:01:28.271039,2024-06-19 17:31:28.271039,7.5,1.55,normal,0.76,15.6,9.6,1.4,0.4,0,7.99,2.07,1
V01093,container,348.3,52.1,14.5,364257,3942,2024-06-19 14:47:21.164320,2024-06-19 16:12:33.164320,2024-06-20 11:30:33.164320,19.3,1.42,high,0.76,17.1,5.0,1.4,0.3,0,2.03,4.06,0
V02444,container,349.1,50.5,11.5,294068,2036,2024-06-19 15:05:58.756485,2024-06-19 16:27:34.756485,2024-06-20 22:27:34.756485,30.0,1.36,normal,0.96,10.3,5.6,1.0,1.0,0,2.14,3.18,0
V03356,general,136.0,22.3,10.0,108095,4399,2024-06-19 16:55:54.331480,2024-06-19 18:06:42.331480,2024-06-20 18:36:42.331480,24.5,1.18,normal,0.82,13.8,9.0,1.6,0.9,0,4.0,2.47,0
V01947,tanker,154.2,24.5,12.7,134149,4662,2024-06-19 17:30:01.732329,2024-06-19 19:16:49.732329,2024-06-20 14:22:49.732329,19.1,1.78,normal,0.72,12.8,6.1,1.7,0.0,0,4.85,0.51,0
V03706,container,306.0,42.6,14.5,273937,4909,2024-06-19 23:28:39.974896,2024-06-20 00:57:27.974896,2024-06-20 13:21:27.974896,12.4,1.48,normal,0.66,9.4,4.5,0.9,3.0,0,5.49,6.37,0
V02847,container,318.7,50.4,13.5,319560,686,2024-06-20 03:32:32.207506,2024-06-20 06:24:44.207506,2024-06-21 04:30:44.207506,22.1,2.87,normal,0.85,27.4,7.1,2.3,1.6,1,2.16,5.76,0
V05053,bulk,216.1,33.7,8.6,112833,3869,2024-06-20 08:20:59.336366,2024-06-20 09:53:59.336366,2024-06-22 00:05:59.336366,38.2,1.55,normal,0.8,13.2,6.4,0.9,0.0,0,7.79,2.51,1
V05212,roro,123.9,17.3,9.4,73037,3326,2024-06-20 11:34:39.790364,2024-06-20 13:11:15.790364,2024-06-20 22:53:15.790364,9.7,1.61,normal,0.79,9.2,7.6,1.0,0.7,0,5.93,3.16,1
V03372,roro,100.8,15.8,6.4,41753,4603,2024-06-20 12:43:34.739823,2024-06-20 14:38:10.739823,2024-06-20 20:56:10.739823,6.3,1.91,high,0.6,28.6,11.0,3.4,0.1,1,4.21,0.63,0
V01130,roro,223.2,34.7,6.0,81722,1659,2024-06-21 01:12:40.670408,2024-06-21 02:28:16.670408,2024-06-21 13:04:16.670408,10.6,1.26,low,0.64,12.1,6.2,0.6,0.3,0,4.09,6.04,0
V04145,container,357.7,54.9,12.2,334960,3504,2024-06-21 08:20:19.179289,2024-06-21 09:37:07.179289,2024-06-22 00:13:07.179289,14.6,1.28,normal,0.78,8.8,4.9,0.9,0.1,0,7.11,2.65,1
V03793,tanker,309.5,47.6,10.1,228522,3766,2024-06-21 11:48:58.262415,2024-06-21 13:23:46.262415,2024-06-21 20:47:46.262415,7.4,1.58,high,0.51,16.8,8.2,1.8,0.3,0,6.69,2.29,1
V05626,general,179.1,23.5,9.5,104271,1105,2024-06-21 13:31:14.788301,2024-06-21 14:48:38.788301,2024-06-22 06:42:38.788301,15.9,1.29,normal,0.74,16.1,5.2,1.5,0.7,0,4.22,6.32,0
V04871,bulk,158.2,24.9,9.5,106098,3309,2024-06-21 14:01:12.422230,2024-06-21 18:22:48.422230,2024-06-22 21:58:48.422230,27.6,4.36,normal,0.76,21.1,8.1,2.0,1.7,1,3.52,1.31,0
V01805,general,174.2,22.9,6.5,89127,3138,2024-06-22 10:01:21.256255,2024-06-22 11:27:09.256255,2024-06-23 01:39:09.256255,14.2,1.43,normal,0.54,10.6,6.7,1.2,1.1,0,7.82,1.05,1
V05522,bulk,155.1,24.8,10.0,93393,3257,2024-06-22 11:15:47.710025,2024-06-22 14:12:11.710025,2024-06-24 00:12:11.710025,34.0,2.94,normal,0.84,21.6,6.3,2.1,0.1,1,7.88,4.66,1
V02477,container,224.9,30.9,11.1,158766,2412,2024-06-22 12:03:29.619062,2024-06-22 14:51:29.619062,2024-06-23 02:33:29.619062,11.7,2.8,normal,0.65,22.2,8.6,2.7,2.3,1,7.32,1.22,1
V04935,bulk,174.7,29.2,12.3,143862,2745,2024-06-22 17:42:59.947419,2024-06-22 19:36:23.947419,2024-06-23 13:12:23.947419,17.6,1.89,normal,0.59,12.1,4.1,0.7,0.1,0,2.25,5.65,0
V05979,tanker,226.4,34.3,9.9,141775,1328,2024-06-23 00:55:37.615722,2024-06-23 03:59:13.615722,2024-06-24 02:59:13.615722,23.0,3.06,high,0.77,22.8,5.2,2.1,0.7,1,6.8,3.43,1
V04109,bulk,228.1,34.0,10.6,167779,1873,2024-06-23 05:29:38.999753,2024-06-23 08:49:26.999753,2024-06-24 06:31:26.999753,21.7,3.33,normal,0.78,20.8,3.8,2.2,0.0,1,2.01,1.85,0
V03715,roro,186.7,26.5,10.8,137980,2282,2024-06-23 11:00:10.261066,2024-06-23 12:18:10.261066,2024-06-23 23:24:10.261066,11.1,1.3,low,0.69,9.4,5.0,1.5,2.0,0,7.91,2.8,1
V05623,tanker,294.8,38.5,10.7,203245,4165,2024-06-23 14:06:49.584538,2024-06-23 15:58:25.584538,2024-06-24 23:28:25.584538,31.5,1.86,normal,0.59,7.8,5.3,0.6,0.4,0,5.73,7.39,1
V02521,roro,186.8,30.1,6.3,72346,2930,2024-06-23 14:55:26.378897,2024-06-23 16:59:02.378897,2024-06-24 02:05:02.378897,9.1,2.06,normal,0.47,20.5,7.1,2.2,0.4,1,4.51,5.63,0
V04746,bulk,127.2,20.5,9.2,75872,1648,2024-06-23 21:44:12.315713,2024-06-23 23:20:12.315713,2024-06-25 00:02:12.315713,24.7,1.6,normal,0.81,18.8,9.0,2.1,0.5,0,6.37,6.81,1
V02449,tanker,159.7,23.0,12.8,144340,3241,2024-06-23 22:56:07.998507,2024-06-24 01:52:31.998507,2024-06-24 21:46:31.998507,19.9,2.94,normal,0.59,28.9,9.0,2.7,0.7,1,7.65,0.73,1
V02271,bulk,117.1,15.9,8.8,71461,1202,2024-06-23 23:59:52.688337,2024-06-24 01:48:28.688337,2024-06-24 18:00:28.688337,16.2,1.81,low,0.65,5.0,7.2,0.4,0.8,0,8.0,3.58,1
V03421,bulk,139.1,19.3,12.6,139927,989,2024-06-24 00:05:37.760697,2024-06-24 01:23:01.760697,2024-06-25 06:17:01.760697,28.9,1.29,normal,0.97,4.1,11.2,0.8,0.1,0,7.99,5.67,1
V02679,roro,117.6,15.7,6.7,62014,2638,2024-06-24 02:11:27.107910,2024-06-24 03:30:03.107910,2024-06-24 14:36:03.107910,11.1,1.31,normal,0.84,15.5,6.7,1.8,0.3,0,6.2,0.5,1
V02462,roro,161.8,21.5,9.7,95973,1062,2024-06-24 03:20:10.304627,2024-06-24 04:17:46.304627,2024-06-24 09:53:46.304627,5.6,0.96,low,0.96,15.0,9.4,0.9,0.3,0,4.49,3.31,0
V05572,general,165.7,25.3,8.4,93406,1784,2024-06-24 08:38:28.871829,2024-06-24 10:18:40.871829,2024-06-24 21:54:40.871829,11.6,1.67,low,0.88,8.5,11.2,1.0,0.7,0,4.16,3.28,0
V02715,bulk,110.0,18.3,9.9,82556,2150,2024-06-24 11:30:51.048034,2024-06-24 13:05:03.048034,2024-06-25 11:41:03.048034,22.6,1.57,low,0.71,18.5,6.4,2.4,1.1,0,7.77,3.9,1
V01599,general,159.7,26.7,6.9,75639,2925,2024-06-24 12:13:13.365158,2024-06-24 15:25:13.365158,2024-06-25 06:31:13.365158,15.1,3.2,low,0.66,33.4,4.2,2.9,0.4,1,8.0,3.59,1
V04071,general,137.6,20.9,8.1,80192,1769,2024-06-24 16:08:16.595115,2024-06-24 17:48:28.595115,2024-06-25 03:42:28.595115,9.9,1.67,normal,0.71,26.2,9.6,2.2,0.1,1,3.9,7.13,0
V03943,bulk,151.3,23.1,11.4,105900,1317,2024-06-24 22:02:03.610076,2024-06-24 23:53:39.610076,2024-06-26 02:47:39.610076,26.9,1.86,low,0.8,19.3,5.4,1.5,0.1,0,5.65,2.56,1
V01742,container,305.3,42.6,14.5,327023,4888,2024-06-25 01:16:26.189559,2024-06-25 04:29:02.189559,2024-06-26 07:53:02.189559,27.4,3.21,normal,1.0,24.6,5.2,2.3,0.1,1,7.87,0.89,1
V04599,container,341.5,56.5,8.7,227139,3053,2024-06-25 07:59:24.486701,2024-06-25 09:57:00.486701,2024-06-26 15:57:00.486701,30.0,1.96,normal,0.71,4.1,9.9,0.2,0.1,0,2.45,5.58,0
V01393,general,85.4,12.9,6.0,40324,4257,2024-06-25 13:52:04.099623,2024-06-25 14:58:04.099623,2024-06-26 02:52:04.099623,11.9,1.1,high,0.72,13.1,9.3,1.3,0.3,0,7.78,2.72,1
V04158,container,375.8,60.6,12.8,384709,2768,2024-06-25 16:48:22.070361,2024-06-25 18:23:10.070361,2024-06-26 16:41:10.070361,22.3,1.58,low,0.77,15.2,8.2,1.6,0.1,0,4.09,5.68,0
V03523,roro,143.3,19.2,7.6,82213,1741,2024-06-25 20:55:07.460396,2024-06-25 23:10:07.460396,2024-06-26 06:10:07.460396,7.0,2.25,normal,0.8,23.2,7.5,2.8,0.8,1,2.95,3.5,0
V01799,bulk,265.9,36.8,11.4,239402,774,2024-06-26 00:19:39.417267,2024-06-26 01:47:51.417267,2024-06-26 19:11:51.417267,17.4,1.47,normal,0.67,14.6,8.8,1.4,0.4,0,7.49,1.85,1
V05226,general,182.0,26.3,8.1,100912,3412,2024-06-26 01:22:52.520284,2024-06-26 02:47:28.520284,2024-06-26 19:11:28.520284,16.4,1.41,normal,0.65,13.9,6.8,1.4,0.3,0,7.99,3.68,1
V01489,bulk,147.5,22.2,8.6,94987,2764,2024-06-26 01:46:39.599081,2024-06-26 03:50:15.599081,2024-06-27 05:08:15.599081,25.3,2.06,normal,1.0,18.2,7.0,1.4,1.0,0,7.97,3.51,1
V05916,bulk,258.3,37.1,11.8,183125,4369,2024-06-26 05:23:46.947328,2024-06-26 07:33:22.947328,2024-06-27 10:15:22.947328,26.7,2.16,low,0.62,15.2,10.6,1.0,0.2,0,3.82,2.02,0
V04302,container,232.8,35.7,8.7,159678,1279,2024-06-27 00:15:30.350454,2024-06-27 01:40:06.350454,2024-06-27 19:16:06.350454,17.6,1.41,low,0.73,14.4,5.6,1.6,0.1,0,6.53,5.27,1
V02282,general,89.5,12.8,6.5,39960,1262,2024-06-27 06:12:40.571375,2024-06-27 07:33:04.571375,2024-06-28 16:09:04.571375,32.6,1.34,low,0.79,16.6,11.8,1.9,0.0,0,3.8,2.42,0
V05058,general,164.3,24.7,5.9,68170,1961,2024-06-27 09:14:06.798008,2024-06-27 10:36:54.798008,2024-06-28 07:42:54.798008,21.1,1.38,normal,0.78,15.3,11.4,1.3,0.4,0,2.21,6.16,0
V03467,bulk,165.9,21.7,11.4,146003,2508,2024-06-27 14:20:40.716391,2024-06-27 17:35:40.716391,2024-06-28 13:23:40.716391,19.8,3.25,normal,0.64,32.3,6.3,3.3,0.6,1,7.95,8.72,1
V03512,bulk,124.4,20.0,7.2,59660,4691,2024-06-27 19:03:43.714309,2024-06-27 23:24:43.714309,2024-06-28 14:54:43.714309,15.5,4.35,normal,0.73,33.2,4.6,3.0,1.4,1,3.21,5.66,0
V01359,tanker,191.1,31.8,13.7,168046,677,2024-06-28 01:43:54.482184,2024-06-28 04:48:06.482184,2024-06-28 16:54:06.482184,12.1,3.07,normal,1.0,22.8,8.7,2.6,2.1,1,7.31,1.63,1
V05192,general,105.9,15.9,7.7,55682,2912,2024-06-28 06:55:26.272788,2024-06-28 08:18:50.272788,2024-06-29 00:00:50.272788,15.7,1.39,normal,0.59,2.3,6.8,0.1,2.1,0,3.92,3.12,0
V04106,bulk,129.3,21.9,8.8,70798,1223,2024-06-29 00:16:59.371395,2024-06-29 03:15:11.371395,2024-06-29 20:45:11.371395,17.5,2.97,normal,0.73,20.7,6.2,1.9,0.6,1,4.22,3.67,0
V05438,roro,161.4,25.8,7.8,86981,886,2024-06-29 00:52:48.569453,2024-06-29 02:09:36.569453,2024-06-29 17:45:36.569453,15.6,1.28,normal,0.65,12.8,9.1,1.0,0.1,0,5.12,3.69,0
V03610,tanker,277.7,42.7,10.9,230373,1275,2024-06-29 13:08:35.915325,2024-06-29 14:52:59.915325,2024-07-01 04:22:59.915325,37.5,1.74,high,0.69,13.0,11.5,1.2,0.2,0,4.91,1.58,0
V01841,container,327.8,54.2,8.7,188463,3445,2024-06-30 02:35:30.849717,2024-06-30 04:07:54.849717,2024-07-01 06:13:54.849717,26.1,1.54,normal,0.67,0.0,7.2,0.2,0.6,0,6.45,1.65,1
V05070,tanker,282.0,45.9,13.2,253280,2159,2024-06-30 03:08:09.814431,2024-06-30 04:40:33.814431,2024-06-30 20:16:33.814431,15.6,1.54,normal,0.7,14.1,7.8,1.5,1.4,0,7.11,5.7,1
V05721,general,142.3,18.6,7.1,77663,1778,2024-06-30 05:23:49.163206,2024-06-30 06:30:25.163206,2024-07-01 04:12:25.163206,21.7,1.11,normal,0.72,0.0,6.0,0.0,0.7,0,7.81,0.24,1
V01697,bulk,218.7,34.1,8.6,149938,721,2024-06-30 06:53:36.641958,2024-06-30 08:41:00.641958,2024-07-01 05:23:00.641958,20.7,1.79,normal,0.67,18.3,9.6,2.0,0.2,0,6.33,1.6,1
V01224,general,111.4,18.1,6.1,53417,929,2024-06-30 10:30:49.760247,2024-06-30 11:42:13.760247,2024-06-30 18:00:13.760247,6.3,1.19,normal,0.69,12.1,9.0,0.3,0.0,0,2.06,4.35,0
V04446,tanker,156.9,20.9,10.9,129190,3852,2024-06-30 14:21:42.491221,2024-06-30 16:00:06.491221,2024-06-30 22:06:06.491221,6.1,1.64,normal,0.71,12.1,6.5,1.1,0.3,0,5.55,2.76,1
V01698,tanker,311.8,42.0,10.2,191209,2785,2024-06-30 23:16:22.126883,2024-07-01 01:09:10.126883,2024-07-02 03:57:10.126883,26.8,1.88,normal,0.52,14.0,6.5,1.3,0.1,0,2.0,1.32,0
V02043,general,192.5,28.0,7.4,109156,2706,2024-06-30 23:47:54.306424,2024-07-01 00:55:42.306424,2024-07-01 14:31:42.306424,13.6,1.13,normal,0.83,17.4,4.3,2.1,0.1,0,2.1,5.52,0
V04539,container,216.7,29.2,12.0,188509,4749,2024-07-01 01:48:58.499680,2024-07-01 04:34:34.499680,2024-07-01 23:16:34.499680,18.7,2.76,normal,0.34,24.6,8.8,2.1,0.3,1,4.13,6.66,0
V03802,general,102.6,13.9,8.2,65109,797,2024-07-01 07:24:22.298603,2024-07-01 08:59:46.298603,2024-07-01 22:47:46.298603,13.8,1.59,normal,0.45,18.2,7.5,1.9,0.9,0,6.71,3.06,1
V01454,container,290.2,42.0,12.1,244820,1912,2024-07-01 10:22:09.450847,2024-07-01 12:07:09.450847,2024-07-02 03:37:09.450847,15.5,1.75,normal,0.91,13.3,8.2,1.3,0.6,0,2.66,3.06,0
V03812,container,166.2,26.6,12.4,162996,1218,2024-07-02 04:34:39.956805,2024-07-02 07:37:03.956805,2024-07-03 01:19:03.956805,17.7,3.04,normal,0.65,24.5,9.2,3.0,0.9,1,6.93,4.2,1
V04119,tanker,312.6,41.0,12.1,255807,3646,2024-07-02 06:31:14.637035,2024-07-02 08:49:50.637035,2024-07-05 11:31:50.637035,74.7,2.31,normal,0.75,0.0,6.0,0.0,0.7,0,7.98,3.02,1
V05581,general,100.4,13.5,7.7,49058,1590,2024-07-02 07:09:20.044840,2024-07-02 09:07:32.044840,2024-07-02 18:19:32.044840,9.2,1.97,normal,0.72,15.0,9.1,1.8,1.5,0,7.72,4.11,1
V02943,container,343.5,52.6,13.7,343211,682,2024-07-03 07:27:52.585180,2024-07-03 08:56:40.585180,2024-07-03 20:08:40.585180,11.2,1.48,normal,0.87,6.1,6.1,0.2,0.1,0,7.95,3.37,1
V01817,roro,248.4,42.1,8.0,125429,1641,2024-07-03 08:35:14.575534,2024-07-03 10:14:14.575534,2024-07-04 17:20:14.575534,31.1,1.65,normal,1.0,15.1,6.7,1.7,0.9,0,7.19,3.25,1
V05585,general,145.3,22.7,9.3,99619,1280,2024-07-03 10:13:36.128718,2024-07-03 12:07:00.128718,2024-07-04 09:25:00.128718,21.3,1.89,normal,1.0,23.4,5.4,1.5,0.2,1,4.96,6.76,0
V03877,container,248.0,38.9,12.3,203436,3617,2024-07-03 10:55:12.380547,2024-07-03 13:49:48.380547,2024-07-04 08:43:48.380547,18.9,2.91,normal,0.87,28.6,11.5,3.0,0.7,1,3.93,1.31,0
V01009,bulk,137.3,21.1,7.2,72710,575,2024-07-03 15:44:58.502707,2024-07-03 18:16:46.502707,2024-07-04 18:58:46.502707,24.7,2.53,normal,0.63,4.6,7.7,0.2,0.6,0,4.03,2.36,0
V02586,general,150.2,20.3,5.9,63595,2779,2024-07-03 21:12:24.704699,2024-07-04 00:20:12.704699,2024-07-04 09:20:12.704699,9.0,3.13,normal,0.73,25.7,7.0,2.8,0.6,1,6.95,0.0,1
V01400,container,204.4,26.6,14.2,185840,4816,2024-07-03 22:49:27.875216,2024-07-04 02:09:51.875216,2024-07-04 12:15:51.875216,10.1,3.34,normal,0.78,22.5,8.6,2.4,0.3,1,4.66,3.15,0
V04971,tanker,203.2,33.4,11.0,141410,4748,2024-07-04 03:15:55.605750,2024-07-04 07:59:43.605750,2024-07-04 22:53:43.605750,14.9,4.73,normal,1.0,26.7,8.7,2.8,0.3,1,2.9,2.22,0
V03869,roro,181.1,30.3,7.2,96464,4815,2024-07-04 10:08:00.195973,2024-07-04 13:05:36.195973,2024-07-05 00:41:36.195973,11.6,2.96,normal,0.83,26.6,8.9,3.1,1.3,1,6.28,4.26,1
V04382,bulk,147.4,21.4,12.1,136334,1174,2024-07-04 11:00:05.654658,2024-07-04 14:24:41.654658,2024-07-05 14:06:41.654658,23.7,3.41,normal,0.69,24.0,7.9,2.0,1.2,1,5.0,6.5,0
V03100,bulk,181.3,28.3,10.7,145528,3507,2024-07-04 14:27:50.059109,2024-07-04 18:38:02.059109,2024-07-06 04:02:02.059109,33.4,4.17,normal,0.9,26.3,5.4,2.8,0.9,1,2.05,1.85,0
V04227,general,219.6,33.3,5.1,82907,3121,2024-07-04 17:56:33.896700,2024-07-04 19:37:57.896700,2024-07-05 06:49:57.896700,11.2,1.69,normal,0.83,11.2,8.4,0.9,0.0,0,6.1,2.86,1
V03566,general,91.3,13.3,7.3,50014,2756,2024-07-04 18:29:38.726153,2024-07-04 20:12:14.726153,2024-07-05 20:00:14.726153,23.8,1.71,normal,0.72,9.3,4.2,0.9,1.3,0,6.83,1.26,1
V01630,container,249.4,36.7,12.7,217997,795,2024-07-05 01:41:04.256021,2024-07-05 03:51:52.256021,2024-07-06 11:33:52.256021,31.7,2.18,normal,0.77,12.8,7.3,1.4,0.3,0,2.25,5.78,0
V04535,general,194.8,29.1,5.3,64751,3532,2024-07-05 10:03:54.397581,2024-07-05 12:42:54.397581,2024-07-06 05:00:54.397581,16.3,2.65,normal,0.63,25.4,6.2,2.6,0.0,1,7.31,7.59,1
V04811,tanker,290.1,38.7,13.9,280626,1355,2024-07-05 10:16:50.565708,2024-07-05 13:03:02.565708,2024-07-06 19:27:02.565708,30.4,2.77,high,0.42,16.7,1.1,1.5,0.6,1,7.09,0.31,1
V02309,general,118.4,17.3,7.0,57871,1253,2024-07-05 19:52:12.870810,2024-07-06 00:28:48.870810,2024-07-06 10:04:48.870810,9.6,4.61,normal,0.91,22.4,1.6,2.6,0.5,2,7.44,4.2,1
V04809,general,80.4,13.0,7.6,38880,3882,2024-07-05 22:22:13.412384,2024-07-06 00:33:01.412384,2024-07-06 15:51:01.412384,15.3,2.18,normal,0.79,17.2,7.3,1.6,1.1,0,7.4,7.38,1
V04181,general,195.3,31.6,6.4,75911,1429,2024-07-05 23:35:41.340346,2024-07-06 01:23:05.340346,2024-07-06 10:29:05.340346,9.1,1.79,normal,0.74,0.0,8.4,0.0,0.1,0,5.91,2.41,1
V03871,container,253.2,36.9,12.9,200548,1114,2024-07-06 02:34:48.149961,2024-07-06 04:24:00.149961,2024-07-07 03:06:00.149961,22.7,1.82,normal,0.69,3.5,10.2,0.8,0.0,0,2.2,6.56,0
V02997,container,186.3,25.0,9.9,144846,4427,2024-07-06 07:05:47.905110,2024-07-06 09:03:23.905110,2024-07-06 18:03:23.905110,9.0,1.96,high,0.74,8.4,6.0,1.1,1.4,0,6.04,2.58,1
V03385,general,181.7,27.9,9.8,107112,1809,2024-07-07 11:49:44.189578,2024-07-07 14:45:32.189578,2024-07-07 20:57:32.189578,6.2,2.93,normal,0.74,21.3,3.7,2.3,1.4,1,7.14,2.01,1
V02634,bulk,243.5,33.1,12.9,246701,2851,2024-07-07 17:29:49.434083,2024-07-07 19:13:01.434083,2024-07-09 05:07:01.434083,33.9,1.72,normal,0.69,19.6,4.4,2.0,0.4,0,2.37,4.3,0
V02044,general,163.8,22.5,9.8,126601,2306,2024-07-07 21:27:41.256758,2024-07-07 23:25:53.256758,2024-07-08 08:37:53.256758,9.2,1.97,normal,0.73,17.6,12.1,2.1,3.6,0,7.43,4.06,1
V03156,roro,146.2,22.9,10.3,119197,1724,2024-07-07 22:24:27.534410,2024-07-08 00:19:03.534410,2024-07-08 14:49:03.534410,14.5,1.91,normal,0.86,8.7,6.1,1.1,0.8,0,7.97,3.27,1
V01146,container,206.8,29.5,13.2,169348,2121,2024-07-08 01:48:56.084817,2024-07-08 03:34:32.084817,2024-07-09 03:40:32.084817,24.1,1.76,normal,0.73,13.1,9.7,1.6,1.3,0,4.98,2.87,0
V02134,general,153.1,20.3,9.6,91514,3186,2024-07-08 03:16:24.819713,2024-07-08 04:35:00.819713,2024-07-08 15:59:00.819713,11.4,1.31,normal,0.88,0.0,5.7,0.0,1.0,0,2.96,4.89,0
V01086,roro,153.0,24.7,7.2,72151,4202,2024-07-08 15:33:18.141615,2024-07-08 16:56:06.141615,2024-07-09 13:38:06.141615,20.7,1.38,normal,0.8,10.4,8.1,0.7,0.4,0,3.1,2.29,0
V05836,container,294.9,46.1,8.4,188057,784,2024-07-09 08:43:59.915853,2024-07-09 10:27:11.915853,2024-07-10 07:21:11.915853,20.9,1.72,low,0.56,14.1,8.3,1.6,0.2,0,4.9,4.52,0
V04955,container,309.1,51.8,10.7,203904,680,2024-07-09 11:57:44.715471,2024-07-09 14:04:20.715471,2024-07-10 02:04:20.715471,12.0,2.11,high,0.66,19.4,6.8,2.2,1.5,0,8.0,7.54,1
V02931,tanker,304.8,44.6,13.4,256286,3336,2024-07-09 17:29:38.765774,2024-07-09 20:00:50.765774,2024-07-11 18:30:50.765774,46.5,2.52,normal,0.48,9.1,7.9,1.3,0.0,0,2.14,3.05,0
V03658,bulk,297.2,41.8,9.3,215271,3053,2024-07-09 20:16:06.063654,2024-07-10 00:14:18.063654,2024-07-10 18:44:18.063654,18.5,3.97,normal,0.82,29.7,4.5,3.0,0.6,1,3.64,4.3,0
V04930,general,80.3,12.5,7.1,43927,720,2024-07-10 05:06:30.937194,2024-07-10 07:57:30.937194,2024-07-11 05:15:30.937194,21.3,2.85,normal,0.74,20.1,6.0,1.9,0.4,1,2.72,0.84,0
V04958,general,185.3,27.0,7.2,87098,4717,2024-07-10 08:50:55.440244,2024-07-10 11:16:43.440244,2024-07-10 23:16:43.440244,12.0,2.43,high,0.66,20.1,8.6,2.2,0.3,1,3.89,4.13,0
V05528,general,117.6,15.9,6.3,56698,773,2024-07-10 09:03:24.335690,2024-07-10 12:38:12.335690,2024-07-11 01:14:12.335690,12.6,3.58,normal,0.86,21.7,7.0,1.9,0.3,1,4.18,3.12,0
V04042,container,278.7,46.7,8.0,176062,3697,2024-07-10 12:50:00.086937,2024-07-10 14:46:24.086937,2024-07-11 01:40:24.086937,10.9,1.94,normal,0.76,14.6,10.5,1.8,0.6,0,7.99,2.63,1
V02571,roro,174.9,26.4,9.8,105223,1968,2024-07-10 17:27:48.700243,2024-07-10 19:47:00.700243,2024-07-11 09:59:00.700243,14.2,2.32,normal,0.82,22.1,5.1,2.4,0.2,1,2.76,4.81,0
V01451,general,137.5,20.1,6.2,65237,1524,2024-07-10 18:43:58.343798,2024-07-10 21:16:58.343798,2024-07-11 17:58:58.343798,20.7,2.55,low,0.73,28.1,7.8,3.0,0.3,1,2.01,3.17,0
V02289,bulk,164.7,24.8,9.9,110897,4684,2024-07-10 22:08:49.967824,2024-07-11 00:12:25.967824,2024-07-11 16:42:25.967824,16.5,2.06,normal,0.77,10.2,9.2,1.1,0.5,0,5.22,4.75,0
V03768,container,225.9,36.0,12.1,178555,4767,2024-07-10 23:22:55.376478,2024-07-11 03:27:43.376478,2024-07-11 15:39:43.376478,12.2,4.08,normal,0.82,22.6,9.5,2.3,0.8,1,6.93,4.33,1
V03587,bulk,169.2,27.8,12.2,160191,3074,2024-07-11 09:22:08.739301,2024-07-11 12:31:44.739301,2024-07-12 04:31:44.739301,16.0,3.16,normal,0.7,31.5,5.2,3.3,0.1,1,3.5,1.24,0
V05062,bulk,269.4,35.3,9.5,172746,3246,2024-07-11 14:35:04.588320,2024-07-11 17:15:52.588320,2024-07-12 05:15:52.588320,12.0,2.68,normal,0.76,0.0,9.8,0.2,0.0,0,7.56,0.58,1
V04279,bulk,163.7,25.8,10.6,123834,1690,2024-07-11 15:36:38.968741,2024-07-11 17:57:38.968741,2024-07-12 23:51:38.968741,29.9,2.35,normal,0.78,10.3,3.4,1.3,0.0,0,6.44,0.49,1
V01783,container,215.5,31.3,14.7,190678,1777,2024-07-11 18:39:30.839822,2024-07-11 20:53:18.839822,2024-07-12 13:41:18.839822,16.8,2.23,normal,0.75,18.3,6.1,1.7,0.1,0,2.41,4.72,0
V02908,container,219.9,35.1,9.7,134536,1320,2024-07-12 01:50:20.678982,2024-07-12 04:58:08.678982,2024-07-13 01:46:08.678982,20.8,3.13,high,0.53,22.4,4.5,2.0,0.0,1,8.0,0.98,1
V03886,bulk,135.8,19.1,13.0,140713,4714,2024-07-12 13:29:54.513853,2024-07-12 16:00:30.513853,2024-07-13 08:48:30.513853,16.8,2.51,normal,0.66,17.7,9.3,2.0,0.4,0,7.76,2.7,1
V04620,general,169.6,26.4,6.5,87299,3418,2024-07-12 19:01:53.181757,2024-07-12 20:58:53.181757,2024-07-13 10:34:53.181757,13.6,1.95,normal,1.0,18.2,8.6,1.8,1.0,0,2.79,2.73,0
V04278,general,84.1,14.3,8.1,48869,1271,2024-07-13 04:41:51.351613,2024-07-13 07:35:15.351613,2024-07-13 19:41:15.351613,12.1,2.89,normal,0.6,21.6,7.4,2.1,0.1,1,6.59,3.56,1
V02408,roro,180.8,28.7,10.6,125129,4678,2024-07-13 05:33:15.299523,2024-07-13 09:03:15.299523,2024-07-13 16:03:15.299523,7.0,3.5,normal,0.83,31.1,5.8,3.4,0.1,1,5.37,6.44,0
V04656,bulk,297.9,44.7,11.5,215224,2941,2024-07-13 07:13:49.307125,2024-07-13 09:19:13.307125,2024-07-14 14:37:13.307125,29.3,2.09,low,1.0,14.1,5.6,1.5,0.2,0,3.01,2.34,0
V03599,container,155.9,25.6,11.6,116023,2395,2024-07-13 18:40:03.364592,2024-07-13 20:40:03.364592,2024-07-14 20:46:03.364592,24.1,2.0,normal,0.64,11.4,10.0,1.3,0.2,0,4.3,5.4,0
V03204,general,183.2,30.9,5.4,78102,3703,2024-07-13 18:42:47.151049,2024-07-13 20:33:11.151049,2024-07-14 03:45:11.151049,7.2,1.84,normal,0.82,17.9,8.6,1.4,0.7,0,4.23,5.51,0
V03670,container,290.1,40.5,10.6,185228,4424,2024-07-14 01:39:04.836568,2024-07-14 05:50:28.836568,2024-07-15 16:44:28.836568,34.9,4.19,normal,0.59,28.0,7.7,2.9,0.3,1,6.78,4.54,1
V04350,general,125.4,18.0,9.2,83570,1366,2024-07-14 13:22:19.577475,2024-07-14 15:01:19.577475,2024-07-15 03:07:19.577475,12.1,1.65,low,0.76,3.7,6.1,0.0,0.4,0,5.86,1.06,1
V05777,container,266.7,38.5,9.8,196392,3575,2024-07-14 13:39:44.558464,2024-07-14 15:40:56.558464,2024-07-15 14:16:56.558464,22.6,2.02,normal,0.99,12.3,7.4,1.3,0.0,0,6.27,5.24,1
V05184,tanker,230.8,31.2,11.3,159423,4787,2024-07-14 21:15:22.686356,2024-07-14 23:31:34.686356,2024-07-15 15:19:34.686356,15.8,2.27,normal,0.66,10.3,9.9,1.0,1.1,0,2.27,5.16,0
V04882,container,293.3,48.5,10.5,205708,4901,2024-07-15 04:10:56.556490,2024-07-15 06:18:08.556490,2024-07-15 15:36:08.556490,9.3,2.12,normal,0.82,14.7,9.2,1.5,0.7,0,7.99,3.08,1
V04573,tanker,196.4,32.3,11.2,146052,2211,2024-07-15 12:02:06.486998,2024-07-15 14:11:06.486998,2024-07-16 09:11:06.486998,19.0,2.15,normal,0.68,11.4,8.9,0.3,0.6,0,2.86,1.86,0
V03923,container,266.7,34.7,14.0,244623,4640,2024-07-15 16:19:47.362799,2024-07-15 18:47:23.362799,2024-07-16 08:59:23.362799,14.2,2.46,low,0.82,18.5,6.1,1.9,0.4,0,7.95,6.75,1
V03579,tanker,213.6,31.7,11.2,158421,4450,2024-07-15 19:29:57.618773,2024-07-15 21:41:21.618773,2024-07-16 17:17:21.618773,19.6,2.19,low,0.49,11.8,13.1,1.3,0.4,0,5.46,1.97,0
V01545,bulk,210.4,33.6,8.4,124846,4141,2024-07-15 23:21:15.798766,2024-07-16 01:29:39.798766,2024-07-16 16:29:39.798766,15.0,2.14,low,0.75,11.6,8.9,1.5,0.8,0,2.08,2.92,0
V04734,general,113.7,15.1,9.4,71437,2584,2024-07-16 02:42:59.826493,2024-07-16 04:28:35.826493,2024-07-16 19:10:35.826493,14.7,1.76,normal,0.68,11.4,8.0,1.5,0.6,0,6.07,1.65,1
V03300,bulk,232.9,30.5,11.7,195561,4930,2024-07-16 04:03:17.942688,2024-07-16 08:32:05.942688,2024-07-16 22:38:05.942688,14.1,4.48,normal,0.53,21.2,9.3,1.9,0.1,1,7.59,1.61,1
V05331,bulk,282.3,40.6,12.4,271215,3133,2024-07-16 09:10:46.486166,2024-07-16 14:01:46.486166,2024-07-17 04:19:46.486166,14.3,4.85,normal,0.81,29.3,7.4,3.1,0.9,1,3.57,4.02,0
V05799,bulk,241.7,38.2,9.0,132411,4682,2024-07-16 12:26:03.304547,2024-07-16 16:56:03.304547,2024-07-18 02:20:03.304547,33.4,4.5,normal,0.67,22.1,9.8,2.4,0.2,1,2.48,2.06,0
V02613,tanker,225.3,31.3,10.9,174724,4503,2024-07-17 03:47:14.328876,2024-07-17 08:14:14.328876,2024-07-18 11:14:14.328876,27.0,4.45,normal,0.57,23.1,7.9,2.7,0.3,1,6.44,4.26,1
V02158,container,234.4,34.3,8.9,126824,1726,2024-07-17 12:08:27.973811,2024-07-17 14:11:27.973811,2024-07-18 04:41:27.973811,14.5,2.05,normal,0.76,0.0,4.1,0.0,0.4,0,2.0,0.97,0
V03221,roro,138.5,19.3,10.6,91529,762,2024-07-17 13:41:04.498033,2024-07-17 15:05:04.498033,2024-07-17 22:05:04.498033,7.0,1.4,normal,0.91,12.1,4.8,0.8,1.6,0,2.92,0.71,0
V04142,bulk,206.9,33.3,11.1,145631,3829,2024-07-17 15:43:39.245742,2024-07-17 17:48:27.245742,2024-07-18 09:00:27.245742,15.2,2.08,normal,0.86,4.5,7.9,0.5,0.1,0,5.79,4.59,1
V03625,container,214.2,30.6,11.6,188023,1016,2024-07-17 21:57:50.272735,2024-07-18 00:54:50.272735,2024-07-18 15:30:50.272735,14.6,2.95,normal,0.63,20.9,10.1,1.9,0.2,1,4.15,5.89,0
V02621,bulk,192.3,27.1,8.6,101273,3262,2024-07-17 23:21:04.335539,2024-07-18 03:58:16.335539,2024-07-19 01:16:16.335539,21.3,4.62,normal,0.42,34.3,5.5,3.7,0.5,1,2.49,2.98,0
V02812,roro,227.6,33.9,10.1,147674,4598,2024-07-18 00:09:25.030143,2024-07-18 02:30:25.030143,2024-07-18 09:18:25.030143,6.8,2.35,normal,0.93,24.9,10.2,2.2,0.4,1,2.05,4.53,0
V05175,general,142.2,23.3,10.0,99048,1894,2024-07-18 03:57:29.937991,2024-07-18 05:38:17.937991,2024-07-18 22:38:17.937991,17.0,1.68,normal,0.92,16.5,6.0,2.0,0.3,0,5.54,2.34,1
V05573,container,313.3,50.9,13.1,290211,4071,2024-07-18 05:23:22.518037,2024-07-18 07:30:34.518037,2024-07-19 08:54:34.518037,25.4,2.12,normal,0.86,19.5,5.8,1.9,0.1,0,7.36,6.43,1
V03183,bulk,200.1,29.1,8.7,124220,4762,2024-07-18 07:02:36.632788,2024-07-18 09:15:12.632788,2024-07-19 20:57:12.632788,35.7,2.21,normal,0.64,8.4,8.2,1.1,0.0,0,7.95,4.08,1
V02882,container,349.9,55.6,8.8,210398,3565,2024-07-18 12:23:17.716564,2024-07-18 15:57:29.716564,2024-07-19 03:39:29.716564,11.7,3.57,normal,0.78,20.3,4.0,1.9,0.5,1,2.1,0.0,0
V04628,bulk,126.2,18.2,10.7,101043,1920,2024-07-18 20:30:47.858503,2024-07-18 22:55:23.858503,2024-07-20 05:37:23.858503,30.7,2.41,normal,0.87,13.8,6.1,1.1,0.7,0,7.26,4.13,1
V01960,tanker,273.9,39.7,10.2,175857,2776,2024-07-18 22:46:57.941455,2024-07-19 01:05:33.941455,2024-07-19 21:47:33.941455,20.7,2.31,normal,0.92,16.9,10.2,1.8,0.2,0,4.13,3.85,0
V01727,tanker,181.4,28.7,11.1,160006,4519,2024-07-19 02:49:02.068588,2024-07-19 04:49:38.068588,2024-07-19 19:07:38.068588,14.3,2.01,normal,0.55,13.2,8.6,0.9,0.0,0,2.84,4.26,0
V01230,container,318.9,47.6,10.4,260606,1994,2024-07-19 03:27:05.600204,2024-07-19 05:18:41.600204,2024-07-19 21:12:41.600204,15.9,1.86,normal,1.0,16.8,7.2,1.4,0.0,0,3.61,1.91,0
V02659,roro,152.3,20.7,6.6,75564,1152,2024-07-19 04:01:11.002434,2024-07-19 05:31:11.002434,2024-07-19 20:43:11.002434,15.2,1.5,normal,0.94,10.5,6.3,1.4,0.3,0,4.43,4.48,0
V03590,tanker,252.1,40.3,9.2,184519,2629,2024-07-19 07:13:26.920688,2024-07-19 08:53:38.920688,2024-07-19 23:59:38.920688,15.1,1.67,normal,1.0,4.0,8.1,0.8,0.5,0,7.97,1.74,1
V05801,container,241.1,40.0,14.0,264267,4766,2024-07-19 10:07:03.755305,2024-07-19 13:23:15.755305,2024-07-20 07:23:15.755305,18.0,3.27,normal,0.9,26.1,7.6,2.9,0.3,1,5.73,2.84,1
V05446,tanker,315.5,53.3,10.3,219626,2230,2024-07-19 12:15:57.048268,2024-07-19 14:16:33.048268,2024-07-20 09:58:33.048268,19.7,2.01,normal,0.81,12.5,5.5,1.2,0.7,0,2.76,0.73,0
V05028,tanker,260.1,41.2,9.6,172021,2150,2024-07-19 12:20:35.546746,2024-07-19 13:49:59.546746,2024-07-20 06:13:59.546746,16.4,1.49,normal,0.86,7.4,7.8,0.9,0.3,0,2.68,0.53,0
V04860,tanker,150.7,24.1,10.6,119486,1502,2024-07-19 20:00:13.095857,2024-07-20 01:18:49.095857,2024-07-21 00:30:49.095857,23.2,5.31,normal,0.64,23.6,7.7,2.1,1.3,1,8.0,2.76,1
V03664,general,152.6,24.1,9.2,98262,2137,2024-07-20 00:32:15.283048,2024-07-20 02:21:27.283048,2024-07-20 12:03:27.283048,9.7,1.82,normal,0.85,10.0,5.1,1.3,0.1,0,2.89,1.14,0
V05841,container,260.1,43.5,9.4,151934,1026,2024-07-20 04:59:48.377303,2024-07-20 07:02:48.377303,2024-07-20 23:02:48.377303,16.0,2.05,normal,0.9,9.3,8.9,0.6,0.1,0,4.69,2.28,0
V02562,bulk,296.0,43.4,8.3,166007,4686,2024-07-20 05:11:01.568526,2024-07-20 07:02:37.568526,2024-07-21 04:44:37.568526,21.7,1.86,normal,0.66,2.5,7.8,0.5,1.2,0,4.98,3.13,0
V01228,container,364.9,59.5,12.8,332199,4008,2024-07-20 09:05:54.946454,2024-07-20 10:55:42.946454,2024-07-21 10:25:42.946454,23.5,1.83,normal,0.82,11.2,8.8,1.4,0.1,0,7.76,4.8,1
V02383,general,199.2,30.6,6.4,83715,991,2024-07-20 15:00:27.584062,2024-07-20 17:03:27.584062,2024-07-20 23:39:27.584062,6.6,2.05,low,0.82,10.3,8.5,1.2,0.7,0,2.1,4.24,0
V01888,bulk,104.8,14.0,10.0,83533,3147,2024-07-20 17:49:05.326062,2024-07-20 19:44:53.326062,2024-07-22 00:08:53.326062,28.4,1.93,normal,1.0,4.2,5.0,0.6,0.0,0,5.33,0.98,0
V02188,tanker,172.6,25.6,13.8,149096,994,2024-07-20 22:59:54.815870,2024-07-21 02:37:06.815870,2024-07-21 16:55:06.815870,14.3,3.62,normal,0.85,32.7,8.1,3.0,1.0,1,6.19,5.29,1
V05837,general,122.4,19.7,8.5,81180,1689,2024-07-21 07:00:38.296400,2024-07-21 09:10:50.296400,2024-07-21 23:58:50.296400,14.8,2.17,normal,0.73,10.8,9.1,1.0,0.0,0,6.47,2.02,1
V05613,bulk,253.2,40.4,7.9,120198,1377,2024-07-21 18:22:30.606969,2024-07-21 20:48:54.606969,2024-07-23 01:48:54.606969,29.0,2.44,normal,0.93,5.5,9.7,0.9,0.3,0,4.96,2.77,0
V02261,general,204.9,30.3,9.7,145343,2257,2024-07-22 07:42:00.752527,2024-07-22 09:48:36.752527,2024-07-22 17:30:36.752527,7.7,2.11,normal,0.76,10.0,3.8,1.0,0.8,0,6.32,2.7,1
V04296,tanker,304.7,49.8,13.5,247579,1899,2024-07-22 09:06:26.270480,2024-07-22 10:52:02.270480,2024-07-24 01:52:02.270480,39.0,1.76,low,0.84,9.7,5.4,0.9,0.3,0,7.76,7.31,1
V03322,tanker,267.9,43.8,10.4,199457,2511,2024-07-22 16:15:02.703848,2024-07-22 21:19:50.703848,2024-07-23 15:07:50.703848,17.8,5.08,normal,0.66,25.0,6.7,2.5,0.5,1,2.01,5.41,0
V05716,bulk,271.1,41.8,12.1,219428,3160,2024-07-23 08:43:28.131808,2024-07-23 13:33:16.131808,2024-07-24 16:03:16.131808,26.5,4.83,normal,0.5,23.0,6.7,2.3,0.2,1,6.62,1.29,1
V04506,roro,161.3,23.1,10.3,104980,1745,2024-07-23 08:52:44.766508,2024-07-23 10:34:44.766508,2024-07-24 01:10:44.766508,14.6,1.7,normal,0.6,5.5,6.4,0.3,0.1,0,6.81,2.64,1
V03093,general,163.6,23.3,7.4,72720,3940,2024-07-23 10:09:32.957132,2024-07-23 11:40:08.957132,2024-07-24 01:22:08.957132,13.7,1.51,normal,0.73,9.6,5.2,0.9,1.1,0,7.89,4.86,1
V05575,container,223.7,37.8,8.4,142637,1166,2024-07-23 14:02:27.359275,2024-07-23 15:47:27.359275,2024-07-24 09:53:27.359275,18.1,1.75,normal,0.34,0.1,7.3,0.1,0.0,0,4.63,1.4,0
V02027,general,189.0,26.6,9.8,121047,4500,2024-07-24 14:24:15.424646,2024-07-24 15:50:03.424646,2024-07-25 18:08:03.424646,26.3,1.43,low,0.63,18.4,6.4,1.8,0.1,0,5.3,2.44,0
V01184,general,145.3,21.1,5.4,59687,4558,2024-07-25 04:43:02.042672,2024-07-25 07:53:50.042672,2024-07-25 20:23:50.042672,12.5,3.18,normal,0.78,24.5,8.6,2.3,0.0,1,2.71,2.41,0
V04926,bulk,148.3,20.9,7.6,70723,615,2024-07-25 05:41:13.815433,2024-07-25 09:35:49.815433,2024-07-26 03:05:49.815433,17.5,3.91,low,0.81,21.9,7.6,2.1,0.8,1,2.07,1.83,0
V01161,container,166.4,27.9,8.5,99204,2342,2024-07-25 06:11:37.314859,2024-07-25 10:15:13.314859,2024-07-25 22:09:13.314859,11.9,4.06,normal,0.48,20.5,8.4,2.3,0.2,1,2.0,3.64,0
V05170,roro,234.9,36.7,10.9,165546,3089,2024-07-25 14:00:56.274588,2024-07-25 15:52:32.274588,2024-07-25 21:10:32.274588,5.3,1.86,normal,0.71,12.9,8.8,1.4,0.9,0,6.94,1.8,1
V05453,roro,110.1,16.5,8.0,56967,4649,2024-07-25 16:02:16.911895,2024-07-25 17:52:04.911895,2024-07-26 04:04:04.911895,10.2,1.83,normal,0.96,15.8,5.9,1.9,0.1,0,4.05,2.07,0
V03384,general,153.3,26.0,8.3,86460,2980,2024-07-25 16:37:25.246844,2024-07-25 18:17:37.246844,2024-07-26 12:59:37.246844,18.7,1.67,normal,0.61,17.4,6.3,2.3,0.1,0,3.26,5.03,0
V03763,bulk,235.4,36.6,11.2,166665,3617,2024-07-25 23:33:20.393290,2024-07-26 01:45:56.393290,2024-07-26 23:39:56.393290,21.9,2.21,high,0.58,3.9,8.3,0.0,1.0,0,7.51,2.31,1
V04507,container,348.3,54.5,11.5,305645,1869,2024-07-26 07:13:44.981858,2024-07-26 09:25:44.981858,2024-07-26 19:19:44.981858,9.9,2.2,normal,0.78,3.6,8.0,0.3,0.3,0,2.04,3.19,0
V03473,container,225.1,37.6,9.2,155653,3758,2024-07-26 13:09:35.911397,2024-07-26 14:39:35.911397,2024-07-27 07:57:35.911397,17.3,1.5,normal,0.76,17.2,6.4,1.4,0.5,0,8.0,2.55,1
V01967,bulk,172.5,25.2,8.5,103099,3858,2024-07-26 16:57:57.624548,2024-07-26 18:51:57.624548,2024-07-27 02:57:57.624548,8.1,1.9,normal,0.75,14.7,6.8,1.0,0.3,0,3.86,1.09,0
V04645,container,327.3,50.2,9.1,195601,955,2024-07-27 03:18:01.499726,2024-07-27 04:44:25.499726,2024-07-28 17:02:25.499726,36.3,1.44,normal,0.81,18.1,12.4,2.2,0.4,0,6.84,1.63,1
V03550,container,366.0,58.6,14.0,408132,742,2024-07-27 07:08:15.044846,2024-07-27 10:07:03.044846,2024-07-28 12:49:03.044846,26.7,2.98,normal,0.73,20.2,8.1,2.3,0.3,1,2.12,5.3,0
V03648,tanker,325.8,44.0,13.1,299397,4565,2024-07-27 07:38:17.101296,2024-07-27 12:25:05.101296,2024-07-28 07:13:05.101296,18.8,4.78,normal,0.75,21.5,6.3,2.0,0.1,1,2.0,1.4,0
V03080,container,172.4,26.8,10.3,131785,4466,2024-07-27 11:23:46.561165,2024-07-27 14:41:46.561165,2024-07-27 21:59:46.561165,7.3,3.3,normal,0.47,24.0,9.6,2.5,0.8,1,5.89,3.21,1
V04538,tanker,144.7,22.5,11.0,97503,590,2024-07-27 18:29:21.118135,2024-07-27 20:15:33.118135,2024-07-28 14:51:33.118135,18.6,1.77,normal,0.86,7.6,10.8,0.5,1.8,0,2.95,0.24,0
V04438,container,313.5,40.9,9.4,223678,3660,2024-07-27 19:23:02.978925,2024-07-27 21:11:38.978925,2024-07-28 11:23:38.978925,14.2,1.81,normal,0.76,15.1,5.4,1.7,1.6,0,2.2,0.32,0
V01852,container,271.1,44.6,11.8,198184,1582,2024-07-28 07:00:31.074431,2024-07-28 08:49:07.074431,2024-07-29 11:55:07.074431,27.1,1.81,normal,0.57,14.9,9.7,1.6,1.3,0,2.82,1.1,0
V01119,general,155.7,22.2,8.6,92959,4197,2024-07-28 16:53:34.645093,2024-07-28 18:30:46.645093,2024-07-29 12:18:46.645093,17.8,1.62,low,0.88,0.0,6.4,0.3,0.4,0,6.33,4.09,1
V01123,container,359.5,58.3,13.3,288603,4833,2024-07-28 21:13:09.358611,2024-07-28 23:21:33.358611,2024-07-29 20:39:33.358611,21.3,2.14,low,0.81,9.5,9.8,0.8,1.1,0,2.04,6.68,0
V05397,container,274.6,42.8,11.3,199453,883,2024-07-29 05:02:11.439409,2024-07-29 07:18:23.439409,2024-07-29 23:36:23.439409,16.3,2.27,normal,0.62,16.4,7.0,1.9,1.8,0,6.67,2.11,1
V04329,roro,131.5,21.0,6.6,55341,3111,2024-07-29 07:54:37.314906,2024-07-29 10:31:13.314906,2024-07-29 16:37:13.314906,6.1,2.61,normal,0.56,36.8,10.3,3.9,0.6,1,2.71,0.73,0
V04623,bulk,108.5,14.3,11.2,86347,1126,2024-07-29 12:50:00.492383,2024-07-29 18:33:12.492383,2024-07-30 23:27:12.492383,28.9,5.72,high,0.96,22.8,8.2,2.9,1.9,1,5.65,2.41,1
V01257,bulk,235.0,37.7,8.4,148445,1907,2024-07-29 17:27:25.167459,2024-07-29 19:59:49.167459,2024-07-30 16:41:49.167459,20.7,2.54,normal,0.85,6.2,6.8,0.7,2.3,0,6.64,4.47,1
V04187,general,212.2,35.2,5.9,88266,1248,2024-07-30 04:02:56.927062,2024-07-30 05:46:08.927062,2024-07-30 22:10:08.927062,16.4,1.72,normal,0.91,6.6,9.9,0.4,0.0,0,7.99,1.49,1
V03962,container,307.3,45.6,8.7,194409,556,2024-07-30 19:49:43.926739,2024-07-30 21:28:07.926739,2024-08-01 05:22:07.926739,31.9,1.64,normal,0.69,5.3,7.1,0.5,0.1,0,4.35,2.94,0
V05866,roro,181.6,28.0,9.5,131489,965,2024-07-30 22:00:29.537207,2024-07-30 23:22:41.537207,2024-07-31 04:52:41.537207,5.5,1.37,normal,1.0,12.3,6.8,1.4,1.2,0,2.09,1.62,0
V02226,bulk,239.1,34.1,10.9,169046,2041,2024-07-30 22:12:14.924854,2024-07-31 02:03:14.924854,2024-08-01 06:03:14.924854,28.0,3.85,normal,1.0,27.7,9.1,2.6,0.0,1,2.03,3.2,0
V04095,container,358.5,59.6,14.7,398988,906,2024-07-31 00:07:53.806962,2024-07-31 01:57:05.806962,2024-08-01 02:21:05.806962,24.4,1.82,normal,0.83,17.7,7.5,1.7,0.2,0,2.97,3.14,0
V05670,general,138.7,19.1,9.2,88537,1545,2024-07-31 01:25:16.048400,2024-07-31 02:36:04.048400,2024-08-01 03:30:04.048400,24.9,1.18,normal,0.85,8.7,9.1,1.1,0.3,0,4.73,2.25,0
V05738,general,194.5,29.0,7.0,88201,732,2024-07-31 04:56:23.566220,2024-07-31 08:05:59.566220,2024-07-31 15:23:59.566220,7.3,3.16,low,0.94,23.7,8.7,2.0,0.0,1,7.98,4.61,1
V01576,bulk,259.9,41.8,10.5,181894,4241,2024-07-31 06:14:30.723065,2024-07-31 08:03:42.723065,2024-08-01 11:39:42.723065,27.6,1.82,normal,0.67,3.2,7.3,0.5,0.2,0,7.13,4.32,1
V05460,bulk,224.1,33.1,11.5,203790,4722,2024-07-31 19:08:25.319156,2024-07-31 21:32:25.319156,2024-08-02 05:14:25.319156,31.7,2.4,normal,0.69,18.4,5.0,2.3,1.2,0,6.53,6.95,1
V01261,container,369.0,57.7,10.3,285191,4154,2024-08-01 06:03:58.505005,2024-08-01 08:08:10.505005,2024-08-01 22:14:10.505005,14.1,2.07,normal,0.58,15.9,8.3,1.4,1.2,0,7.88,4.64,1
V01413,roro,177.8,24.8,7.8,84591,1708,2024-08-01 11:30:13.277545,2024-08-01 14:59:01.277545,2024-08-02 02:35:01.277545,11.6,3.48,normal,0.49,20.7,11.8,1.8,1.7,1,2.01,3.19,0
V01781,container,214.1,29.6,8.7,120654,4629,2024-08-01 11:42:17.611679,2024-08-01 13:31:29.611679,2024-08-02 22:25:29.611679,32.9,1.82,normal,0.55,15.9,6.0,1.7,0.5,0,2.0,5.62,0
V05160,container,206.2,28.7,13.6,219054,2934,2024-08-01 13:33:12.967028,2024-08-01 16:39:12.967028,2024-08-02 15:09:12.967028,22.5,3.1,normal,0.82,20.3,6.0,1.7,1.8,1,3.23,3.45,0
V03797,general,149.2,23.8,6.0,61208,3176,2024-08-01 13:39:08.459275,2024-08-01 15:53:32.459275,2024-08-02 19:05:32.459275,27.2,2.24,normal,0.79,19.2,6.0,1.7,0.3,0,3.35,2.11,0
V01643,container,293.0,42.8,8.2,191533,953,2024-08-01 15:24:59.434791,2024-08-01 17:15:23.434791,2024-08-02 10:51:23.434791,17.6,1.84,high,0.53,3.0,6.2,0.5,1.4,0,5.92,5.3,1
V05012,bulk,180.2,24.6,10.1,126333,2462,2024-08-01 18:30:12.658961,2024-08-01 20:37:24.658961,2024-08-03 01:43:24.658961,29.1,2.12,normal,0.72,13.5,4.0,1.8,0.1,0,7.86,4.44,1
V01056,general,124.7,16.4,9.1,81619,1535,2024-08-01 22:28:51.124797,2024-08-02 01:42:03.124797,2024-08-02 10:54:03.124797,9.2,3.22,normal,0.78,27.2,7.1,3.2,0.2,1,2.95,4.74,0
V05472,general,105.7,16.4,9.7,71704,1404,2024-08-01 23:00:55.038994,2024-08-02 00:34:31.038994,2024-08-02 16:46:31.038994,16.2,1.56,normal,0.89,18.6,7.7,1.7,1.3,0,2.44,3.47,0
V01167,container,334.0,48.7,11.9,248946,4394,2024-08-02 14:11:29.694482,2024-08-02 16:15:05.694482,2024-08-03 10:33:05.694482,18.3,2.06,normal,0.85,13.2,5.9,1.6,0.2,0,3.04,0.27,0
V05098,bulk,288.2,47.7,8.3,158324,637,2024-08-02 16:14:42.193438,2024-08-02 18:59:42.193438,2024-08-03 20:47:42.193438,25.8,2.75,normal,0.41,5.1,6.0,0.2,0.1,0,5.96,4.07,1
V02791,tanker,141.0,23.0,13.3,140784,2597,2024-08-02 16:34:44.021680,2024-08-02 19:05:20.021680,2024-08-03 01:17:20.021680,6.2,2.51,low,0.77,15.9,10.8,1.5,0.8,0,6.43,1.14,1
V04399,container,372.3,58.8,14.9,388531,4079,2024-08-02 19:07:21.831685,2024-08-02 22:22:21.831685,2024-08-03 12:52:21.831685,14.5,3.25,normal,1.0,20.1,9.0,1.9,0.1,1,7.93,3.32,1
V01296,bulk,113.8,16.7,10.3,90905,1418,2024-08-02 22:34:44.042398,2024-08-03 02:51:32.042398,2024-08-04 05:03:32.042398,26.2,4.28,low,0.87,27.1,3.9,2.6,0.4,1,3.85,2.21,0
V03535,general,135.8,18.7,5.0,53088,4544,2024-08-03 01:39:13.560059,2024-08-03 03:20:01.560059,2024-08-03 12:26:01.560059,9.1,1.68,normal,0.62,2.2,6.7,0.4,0.2,0,2.22,4.36,0
V01004,tanker,189.5,27.0,9.3,117203,3783,2024-08-03 02:21:28.915238,2024-08-03 04:28:40.915238,2024-08-04 08:22:40.915238,27.9,2.12,normal,0.98,19.4,5.5,2.0,0.7,0,2.78,9.74,0
V02632,tanker,302.1,46.6,11.6,263438,2414,2024-08-04 01:06:43.433072,2024-08-04 03:24:43.433072,2024-08-04 21:48:43.433072,18.4,2.3,low,0.88,12.2,5.2,1.0,0.1,0,2.13,4.67,0
V05295,tanker,228.9,37.4,9.3,138030,665,2024-08-05 02:12:13.014390,2024-08-05 06:45:13.014390,2024-08-06 05:03:13.014390,22.3,4.55,normal,0.85,35.2,8.3,3.9,0.7,1,2.03,4.14,0
V03988,tanker,183.4,29.8,12.2,152323,3073,2024-08-05 03:58:09.167047,2024-08-05 06:24:33.167047,2024-08-05 20:12:33.167047,13.8,2.44,normal,0.62,17.2,5.5,2.1,0.7,0,2.79,1.35,0
V03066,container,237.5,38.2,8.7,136899,1009,2024-08-05 05:27:18.372837,2024-08-05 07:30:18.372837,2024-08-06 08:48:18.372837,25.3,2.05,normal,0.75,17.5,7.2,1.3,0.8,0,4.78,2.31,0
V04827,container,238.0,33.7,10.6,186625,3451,2024-08-05 12:42:03.914835,2024-08-05 14:46:51.914835,2024-08-06 00:52:51.914835,10.1,2.08,normal,0.86,17.7,9.5,1.4,0.1,0,3.68,3.1,0
V05259,container,209.9,27.9,8.5,137819,1538,2024-08-05 18:49:39.468229,2024-08-05 20:24:27.468229,2024-08-06 21:54:27.468229,25.5,1.58,normal,0.75,14.6,6.0,1.1,0.8,0,6.22,2.17,1
V04699,general,131.5,21.1,8.9,81526,2320,2024-08-05 20:25:28.428871,2024-08-05 22:14:04.428871,2024-08-06 09:50:04.428871,11.6,1.81,normal,0.75,12.4,5.9,1.6,0.2,0,7.83,1.16,1
V04879,bulk,237.0,38.7,7.9,143201,2670,2024-08-05 20:34:55.204271,2024-08-05 22:24:43.204271,2024-08-06 21:12:43.204271,22.8,1.83,normal,0.86,19.0,11.7,1.6,0.5,0,7.9,4.84,1
V02959,bulk,241.3,34.3,11.4,218314,4393,2024-08-06 05:53:02.010799,2024-08-06 10:46:26.010799,2024-08-07 21:10:26.010799,34.4,4.89,normal,0.58,25.0,5.2,2.4,0.8,1,4.22,4.31,0
V04588,bulk,251.3,37.0,10.8,205673,973,2024-08-06 11:06:03.103715,2024-08-06 13:03:03.103715,2024-08-07 08:15:03.103715,19.2,1.95,normal,0.45,17.8,8.2,2.1,0.2,0,7.07,3.36,1
V04475,tanker,218.5,34.9,13.8,195953,2241,2024-08-07 05:56:43.142781,2024-08-07 08:11:43.142781,2024-08-07 23:11:43.142781,15.0,2.25,normal,0.73,17.8,7.1,1.9,0.2,0,3.22,1.27,0
V04950,container,267.9,37.8,8.1,136143,3309,2024-08-07 10:09:55.191626,2024-08-07 11:53:43.191626,2024-08-08 00:47:43.191626,12.9,1.73,normal,0.76,9.3,6.3,1.0,0.2,0,7.99,5.43,1
V03227,roro,212.7,28.9,9.0,117692,3182,2024-08-07 12:33:39.020803,2024-08-07 15:19:51.020803,2024-08-07 20:19:51.020803,5.0,2.77,normal,0.74,26.6,7.9,2.5,0.2,1,6.24,5.13,1
V03235,container,373.7,58.4,8.0,230589,4703,2024-08-07 19:13:54.689899,2024-08-07 23:25:54.689899,2024-08-08 13:55:54.689899,14.5,4.2,normal,0.64,20.5,6.0,1.8,0.1,1,4.44,2.3,0
V01814,bulk,165.8,22.8,10.6,115463,2375,2024-08-07 19:22:48.343950,2024-08-07 22:25:12.343950,2024-08-09 02:13:12.343950,27.8,3.04,normal,0.69,0.0,10.3,0.0,0.6,0,4.67,2.09,0
V03463,container,223.2,34.9,10.2,157025,3999,2024-08-07 19:25:10.858400,2024-08-07 21:13:10.858400,2024-08-08 18:31:10.858400,21.3,1.8,normal,0.7,6.5,6.5,0.5,0.2,0,4.73,2.87,0
V04821,container,330.5,47.2,14.6,312508,543,2024-08-07 20:52:05.348999,2024-08-07 22:49:41.348999,2024-08-08 16:01:41.348999,17.2,1.96,normal,0.67,4.6,4.6,0.1,0.2,0,6.8,3.11,1
V05698,tanker,276.0,41.3,12.7,249626,821,2024-08-08 01:14:47.715349,2024-08-08 04:44:47.715349,2024-08-09 02:32:47.715349,21.8,3.5,normal,0.58,21.2,6.7,1.9,0.0,1,5.83,5.44,1
V02156,container,226.9,30.0,10.5,148622,1369,2024-08-08 06:31:03.262297,2024-08-08 10:48:27.262297,2024-08-09 12:48:27.262297,26.0,4.29,low,0.84,29.0,5.0,3.2,0.1,1,2.95,0.31,0
V04533,container,313.6,44.0,10.1,193225,2669,2024-08-08 17:36:17.754549,2024-08-08 19:57:53.754549,2024-08-09 23:39:53.754549,27.7,2.36,normal,0.37,12.0,7.3,1.2,0.2,0,2.04,3.8,0
V01050,bulk,278.9,41.0,11.8,198940,1709,2024-08-08 23:20:18.263750,2024-08-09 03:17:18.263750,2024-08-11 12:05:18.263750,56.8,3.95,low,0.8,22.4,6.4,2.2,1.1,1,7.99,0.26,1
V01842,bulk,206.9,28.2,7.1,106992,3726,2024-08-09 09:23:51.926405,2024-08-09 11:28:03.926405,2024-08-10 02:58:03.926405,15.5,2.07,high,0.82,19.0,3.5,2.0,0.4,0,5.89,2.86,1
V01441,tanker,212.3,31.5,9.3,150872,3265,2024-08-09 15:55:24.693909,2024-08-09 18:23:00.693909,2024-08-11 07:11:00.693909,36.8,2.46,normal,0.34,16.8,10.2,1.9,0.1,0,3.65,2.7,0
V03058,roro,195.6,30.9,7.8,101800,3315,2024-08-10 00:08:29.558788,2024-08-10 01:31:17.558788,2024-08-10 08:43:17.558788,7.2,1.38,normal,0.83,9.8,7.3,1.2,0.6,0,7.99,2.97,1
V05263,roro,191.0,30.7,10.5,128461,659,2024-08-10 00:31:22.423463,2024-08-10 02:16:58.423463,2024-08-10 17:04:58.423463,14.8,1.76,low,0.59,17.2,7.3,1.9,0.4,0,7.98,5.13,1
V04460,container,234.2,35.2,15.0,250020,1784,2024-08-10 02:49:56.152114,2024-08-10 04:33:08.152114,2024-08-10 22:57:08.152114,18.4,1.72,normal,0.55,0.0,5.9,0.1,0.6,0,5.85,4.26,1
V02392,tanker,120.3,19.8,10.8,78664,515,2024-08-10 04:17:34.429534,2024-08-10 06:44:34.429534,2024-08-11 06:44:34.429534,24.0,2.45,normal,0.63,15.1,7.7,1.2,0.5,0,3.69,2.94,0
V04427,tanker,298.2,49.1,9.8,233377,3477,2024-08-10 07:14:38.667438,2024-08-10 09:47:02.667438,2024-08-12 00:05:02.667438,38.3,2.54,normal,0.83,14.0,8.3,1.8,0.4,0,2.21,6.31,0
V02258,tanker,209.1,34.4,12.6,209490,4786,2024-08-10 09:39:19.630998,2024-08-10 11:39:19.630998,2024-08-11 02:09:19.630998,14.5,2.0,normal,0.52,2.7,7.0,0.7,1.3,0,5.08,1.79,0
V04440,bulk,174.0,23.8,10.9,119931,4247,2024-08-10 13:54:42.313813,2024-08-10 16:20:30.313813,2024-08-11 14:56:30.313813,22.6,2.43,normal,0.95,2.2,10.7,0.3,1.3,0,7.45,2.02,1
V05193,roro,148.9,24.0,8.8,85245,2878,2024-08-10 14:54:38.145083,2024-08-10 16:12:02.145083,2024-08-11 00:12:02.145083,8.0,1.29,normal,0.64,6.1,4.6,0.5,0.1,0,6.31,0.71,1
V04952,roro,183.6,28.3,8.4,112851,3708,2024-08-11 00:00:54.488564,2024-08-11 01:32:42.488564,2024-08-11 11:08:42.488564,9.6,1.53,normal,0.77,2.5,6.8,0.7,0.6,0,7.56,1.3,1
V01562,tanker,188.2,24.7,10.5,150809,2527,2024-08-11 02:07:27.013517,2024-08-11 04:19:27.013517,2024-08-11 21:49:27.013517,17.5,2.2,normal,0.68,0.9,7.2,0.0,1.2,0,7.61,1.0,1
V03785,tanker,316.3,52.0,9.2,220680,4168,2024-08-11 03:31:55.090090,2024-08-11 05:54:43.090090,2024-08-11 20:54:43.090090,15.0,2.38,normal,0.51,12.4,7.8,0.5,0.5,0,6.0,4.49,1
V01182,tanker,231.8,35.7,9.6,138733,2017,2024-08-11 05:26:55.224814,2024-08-11 07:10:43.224814,2024-08-12 06:58:43.224814,23.8,1.73,normal,0.53,10.6,6.7,1.1,1.4,0,3.23,2.91,0
V02417,bulk,244.9,33.2,11.9,215999,4639,2024-08-11 07:59:14.087218,2024-08-11 10:09:26.087218,2024-08-12 01:39:26.087218,15.5,2.17,normal,0.58,6.7,8.2,0.6,0.1,0,2.18,2.23,0
V01071,tanker,288.4,46.9,10.7,190097,4527,2024-08-11 17:04:06.859370,2024-08-11 21:09:30.859370,2024-08-12 20:15:30.859370,23.1,4.09,normal,0.65,27.5,8.0,3.4,0.4,1,4.29,2.03,0
V03692,container,166.3,23.1,8.1,82743,2117,2024-08-12 00:32:52.324131,2024-08-12 02:10:04.324131,2024-08-12 14:40:04.324131,12.5,1.62,low,0.55,0.0,7.4,0.0,0.0,0,7.32,1.96,1
V04035,bulk,236.1,33.1,8.7,148260,3806,2024-08-12 01:59:00.716635,2024-08-12 04:26:36.716635,2024-08-13 11:02:36.716635,30.6,2.46,normal,0.65,4.5,4.4,0.5,1.9,0,8.0,0.36,1
V05488,bulk,202.4,30.7,11.6,167729,2990,2024-08-12 02:04:19.202058,2024-08-12 04:24:07.202058,2024-08-13 22:24:07.202058,42.0,2.33,normal,0.8,16.7,9.5,1.9,1.0,0,7.99,1.9,1
V04748,tanker,142.5,18.9,10.8,115117,2382,2024-08-12 02:38:23.459246,2024-08-12 04:11:59.459246,2024-08-13 01:05:59.459246,20.9,1.56,low,0.89,4.3,10.1,0.1,0.4,0,7.79,0.18,1
V04774,bulk,138.7,19.1,10.8,106963,960,2024-08-12 04:50:28.922500,2024-08-12 09:04:52.922500,2024-08-13 14:34:52.922500,29.5,4.24,low,0.58,21.2,6.5,2.1,0.2,1,5.24,3.96,0
V01065,roro,245.3,33.2,9.7,178849,611,2024-08-12 07:59:14.156464,2024-08-12 10:04:38.156464,2024-08-12 20:34:38.156464,10.5,2.09,normal,0.53,29.5,7.5,2.8,0.7,1,2.0,1.4,0
V03285,bulk,260.0,34.4,11.8,209369,3610,2024-08-12 11:00:41.180242,2024-08-12 15:02:29.180242,2024-08-13 08:20:29.180242,17.3,4.03,high,0.76,27.5,3.1,2.4,0.5,1,4.71,0.62,0
V01072,container,374.4,51.4,10.4,295124,3464,2024-08-12 14:28:19.668155,2024-08-12 16:38:31.668155,2024-08-15 03:32:31.668155,58.9,2.17,low,0.77,16.2,5.7,1.6,3.4,0,7.99,2.0,1
V02917,container,214.4,35.9,8.9,130771,4595,2024-08-13 04:10:13.798099,2024-08-13 06:26:25.798099,2024-08-14 12:50:25.798099,30.4,2.27,normal,0.72,11.4,6.8,1.2,0.2,0,7.21,3.55,1
V01262,container,162.3,24.2,13.0,162424,2225,2024-08-13 23:34:26.052814,2024-08-14 01:35:02.052814,2024-08-14 22:11:02.052814,20.6,2.01,normal,0.79,14.3,4.9,2.2,0.8,0,3.78,3.76,0
V02902,bulk,266.1,43.0,9.0,147039,3449,2024-08-14 03:48:45.638014,2024-08-14 08:09:45.638014,2024-08-15 07:15:45.638014,23.1,4.35,normal,0.83,33.3,8.6,3.3,0.8,1,7.96,2.68,1
V01460,bulk,167.0,24.2,8.2,90837,3548,2024-08-14 08:43:39.049875,2024-08-14 11:01:03.049875,2024-08-15 17:43:03.049875,30.7,2.29,low,0.87,3.5,8.9,0.0,0.3,0,2.36,2.69,0
V05645,container,218.2,34.5,14.5,193941,1047,2024-08-14 08:44:37.009959,2024-08-14 11:25:25.009959,2024-08-14 19:43:25.009959,8.3,2.68,normal,0.74,27.7,8.3,2.6,0.9,1,2.35,4.32,0
V04349,general,130.2,20.5,9.6,97156,900,2024-08-14 13:50:30.030303,2024-08-14 15:50:30.030303,2024-08-15 06:50:30.030303,15.0,2.0,normal,0.6,16.4,6.5,1.6,1.1,0,6.51,7.08,1
V01759,container,354.5,55.7,9.5,241303,2988,2024-08-14 19:59:01.394303,2024-08-14 23:49:25.394303,2024-08-15 08:13:25.394303,8.4,3.84,normal,0.84,21.2,3.4,1.9,1.0,1,3.57,1.59,0
V02956,roro,222.5,34.2,9.6,161050,4762,2024-08-15 00:20:31.551041,2024-08-15 01:37:19.551041,2024-08-15 08:01:19.551041,6.4,1.28,normal,0.87,19.6,8.2,2.0,0.2,0,3.74,3.0,0
V05507,container,377.4,55.5,13.9,380660,1749,2024-08-15 01:00:36.809928,2024-08-15 02:58:48.809928,2024-08-15 19:34:48.809928,16.6,1.97,normal,0.81,17.4,5.9,1.9,0.3,0,4.71,1.65,0
V04150,container,329.0,51.7,12.1,307466,619,2024-08-15 01:47:48.703383,2024-08-15 03:40:36.703383,2024-08-16 14:34:36.703383,34.9,1.88,high,0.92,18.6,6.4,1.8,1.1,0,5.89,3.51,1
V03749,tanker,153.9,22.7,12.4,137242,4543,2024-08-16 00:17:59.179505,2024-08-16 04:43:47.179505,2024-08-18 08:19:47.179505,51.6,4.43,normal,0.71,21.1,8.0,2.0,1.2,1,2.72,6.87,0
V04904,bulk,239.6,34.3,9.1,145032,3552,2024-08-16 01:43:22.043633,2024-08-16 07:18:46.043633,2024-08-16 21:30:46.043633,14.2,5.59,high,0.75,23.5,11.3,2.7,0.4,1,4.58,2.71,0
V02193,roro,191.6,30.7,9.1,112709,1252,2024-08-16 02:13:01.105242,2024-08-16 03:31:37.105242,2024-08-16 20:19:37.105242,16.8,1.31,normal,0.79,11.2,10.0,0.7,0.1,0,5.33,6.78,0
V04391,tanker,290.3,43.6,13.5,253543,3622,2024-08-16 13:26:42.788423,2024-08-16 17:47:42.788423,2024-08-17 07:05:42.788423,13.3,4.35,normal,0.82,28.9,8.3,3.1,0.4,1,3.6,2.94,0
V03351,general,151.4,23.1,8.0,95605,4534,2024-08-16 16:45:29.484842,2024-08-16 18:23:53.484842,2024-08-17 16:11:53.484842,21.8,1.64,normal,0.94,10.8,5.9,1.1,2.4,0,7.79,2.82,1
V02330,bulk,139.4,21.5,9.0,84488,3528,2024-08-16 19:14:29.630549,2024-08-16 20:51:41.630549,2024-08-18 05:39:41.630549,32.8,1.62,normal,0.87,8.8,6.4,0.6,0.5,0,6.91,1.14,1
V02371,general,104.5,15.4,9.5,73935,4163,2024-08-16 23:39:01.165036,2024-08-17 01:12:37.165036,2024-08-18 02:18:37.165036,25.1,1.56,normal,0.82,0.0,7.9,0.0,1.5,0,2.0,2.29,0
V03553,bulk,174.6,28.1,11.1,126103,1838,2024-08-17 02:21:52.584740,2024-08-17 04:21:16.584740,2024-08-18 08:21:16.584740,28.0,1.99,low,0.72,0.0,10.5,0.0,0.7,0,4.34,3.57,0
V02923,bulk,229.6,34.0,10.0,176699,1826,2024-08-17 15:42:41.486126,2024-08-17 17:51:05.486126,2024-08-19 10:39:05.486126,40.8,2.14,normal,0.78,13.4,9.8,1.4,0.1,0,5.77,1.44,1
V01030,bulk,126.8,20.3,7.2,66104,3668,2024-08-17 22:27:24.040301,2024-08-18 01:18:24.040301,2024-08-18 21:30:24.040301,20.2,2.85,normal,0.86,14.3,4.1,1.3,0.3,0,3.47,2.03,0
V01316,container,276.6,37.1,9.3,201218,4192,2024-08-18 10:43:33.204594,2024-08-18 13:09:57.204594,2024-08-19 05:39:57.204594,16.5,2.44,low,0.97,26.4,8.8,2.8,0.1,1,3.64,2.02,0
V03106,general,197.3,28.1,5.7,77033,4273,2024-08-18 13:13:48.048321,2024-08-18 16:30:00.048321,2024-08-19 04:48:00.048321,12.3,3.27,normal,0.74,21.7,6.6,2.6,0.3,1,2.04,3.71,0
V01021,tanker,288.7,39.6,10.4,225223,4131,2024-08-18 19:57:52.255767,2024-08-18 21:53:40.255767,2024-08-20 09:41:40.255767,35.8,1.93,normal,0.72,16.8,7.8,2.0,0.3,0,7.72,5.2,1
V05712,tanker,290.1,43.8,11.1,196595,4476,2024-08-18 20:45:14.123087,2024-08-18 22:47:02.123087,2024-08-19 15:35:02.123087,16.8,2.03,low,0.73,11.5,6.1,1.0,1.5,0,7.01,1.5,1
V03896,tanker,281.7,37.7,12.3,241512,754,2024-08-19 01:21:09.882232,2024-08-19 03:26:33.882232,2024-08-20 19:38:33.882232,40.2,2.09,high,0.84,13.6,6.4,1.5,0.9,0,2.0,3.72,0
V05544,bulk,276.6,46.4,8.9,149621,2864,2024-08-19 04:51:02.150287,2024-08-19 07:00:02.150287,2024-08-19 22:00:02.150287,15.0,2.15,normal,0.77,8.8,8.1,0.9,0.3,0,5.68,1.78,1
V04001,bulk,296.5,46.0,10.9,246002,2465,2024-08-19 09:44:54.368718,2024-08-19 12:28:06.368718,2024-08-21 00:52:06.368718,36.4,2.72,normal,0.95,10.0,5.8,1.1,0.2,0,6.25,2.13,1
V01940,roro,187.5,31.6,6.2,86161,2012,2024-08-19 15:31:28.682422,2024-08-19 18:33:16.682422,2024-08-20 04:57:16.682422,10.4,3.03,normal,0.74,24.3,9.4,2.6,0.9,1,3.19,3.41,0
V03324,bulk,146.7,24.0,9.0,83070,3323,2024-08-19 17:08:59.964797,2024-08-19 21:18:35.964797,2024-08-20 12:48:35.964797,15.5,4.16,normal,0.58,35.2,11.9,3.8,0.2,1,5.53,1.6,1
V05663,roro,202.8,31.0,7.4,105500,2804,2024-08-20 06:41:46.070909,2024-08-20 09:42:58.070909,2024-08-20 16:36:58.070909,6.9,3.02,normal,0.65,28.4,7.8,2.6,0.1,1,7.06,2.96,1
V02746,container,319.7,53.4,8.2,208828,2094,2024-08-20 14:11:44.921506,2024-08-20 16:00:20.921506,2024-08-21 12:18:20.921506,20.3,1.81,high,0.75,11.0,7.6,1.0,0.2,0,2.04,3.05,0
V03930,tanker,304.0,49.2,11.2,263535,4309,2024-08-21 17:08:50.721378,2024-08-21 20:52:02.721378,2024-08-22 14:28:02.721378,17.6,3.72,normal,0.75,20.4,5.1,2.2,0.1,1,3.22,4.67,0
V03417,tanker,277.3,37.1,9.2,184748,4272,2024-08-22 01:29:27.643182,2024-08-22 05:29:27.643182,2024-08-23 05:23:27.643182,23.9,4.0,low,0.8,20.0,9.1,1.9,0.1,1,3.69,6.88,0
V03759,tanker,238.1,39.6,13.7,199132,1367,2024-08-22 19:12:14.872110,2024-08-22 23:07:26.872110,2024-08-24 12:37:26.872110,37.5,3.92,low,0.43,21.4,8.1,2.0,0.3,1,5.01,4.94,0
V03821,general,87.3,12.8,7.8,45773,4811,2024-08-23 09:32:41.182721,2024-08-23 12:35:41.182721,2024-08-24 19:17:41.182721,30.7,3.05,low,0.91,31.1,6.9,3.1,2.0,1,7.5,4.63,1
V01481,bulk,208.4,34.6,12.5,179649,1735,2024-08-23 15:08:38.996043,2024-08-23 17:42:50.996043,2024-08-25 02:00:50.996043,32.3,2.57,high,0.61,4.5,4.6,0.3,0.2,0,3.11,4.04,0
V05784,bulk,108.7,17.8,10.3,76058,2980,2024-08-23 20:59:05.353675,2024-08-23 23:23:05.353675,2024-08-25 00:35:05.353675,25.2,2.4,low,0.86,16.0,5.8,1.7,0.5,0,6.44,5.32,1
V05928,bulk,207.5,30.5,9.0,131555,3864,2024-08-24 05:31:29.951603,2024-08-24 08:29:05.951603,2024-08-25 05:29:05.951603,21.0,2.96,normal,0.9,10.2,9.9,0.7,0.9,0,2.02,0.96,0
V02409,roro,221.2,35.2,8.3,141135,2594,2024-08-24 09:29:21.308598,2024-08-24 11:31:09.308598,2024-08-24 17:25:09.308598,5.9,2.03,normal,0.89,16.3,10.6,1.7,0.3,0,6.57,0.82,1
V03593,container,189.9,28.7,11.3,143393,1908,2024-08-24 12:54:15.983126,2024-08-24 16:37:27.983126,2024-08-25 09:43:27.983126,17.1,3.72,normal,0.84,31.3,6.3,3.2,0.1,1,7.27,2.97,1
V02606,container,345.4,51.9,13.6,310867,2324,2024-08-24 14:46:12.290532,2024-08-24 16:30:00.290532,2024-08-25 05:36:00.290532,13.1,1.73,normal,0.8,18.2,9.0,1.8,0.2,0,4.74,3.3,0
V04339,container,379.6,53.1,9.4,261629,1225,2024-08-24 16:13:38.411134,2024-08-24 18:16:02.411134,2024-08-25 06:10:02.411134,11.9,2.04,high,0.8,14.5,9.9,1.4,0.4,0,2.8,2.82,0
V03175,container,258.9,39.4,11.8,223132,2776,2024-08-24 17:38:53.980879,2024-08-24 20:55:41.980879,2024-08-25 17:25:41.980879,20.5,3.28,normal,0.63,22.1,6.7,2.4,0.6,1,2.0,5.98,0
V03361,tanker,181.5,29.4,12.4,162670,1411,2024-08-25 01:14:41.008439,2024-08-25 03:29:05.008439,2024-08-25 23:11:05.008439,19.7,2.24,normal,0.97,9.1,8.4,1.2,2.8,0,7.33,2.7,1
V02540,container,365.3,53.0,10.5,265645,3732,2024-08-25 01:21:46.922540,2024-08-25 04:52:58.922540,2024-08-25 21:40:58.922540,16.8,3.52,normal,0.45,31.4,6.6,3.4,0.2,1,7.21,5.04,1
V01490,bulk,162.7,22.6,11.5,126802,4396,2024-08-25 06:25:48.514299,2024-08-25 09:53:24.514299,2024-08-26 04:17:24.514299,18.4,3.46,normal,0.64,29.5,6.4,3.1,0.2,1,2.04,1.4,0
V02978,container,165.4,21.7,9.1,110121,3352,2024-08-25 10:10:03.113029,2024-08-25 12:37:03.113029,2024-08-26 03:31:03.113029,14.9,2.45,normal,0.73,13.9,9.1,1.1,0.2,0,6.41,4.3,1
V03260,bulk,154.7,26.1,7.0,82827,3270,2024-08-25 17:30:52.512089,2024-08-25 22:08:04.512089,2024-08-27 02:38:04.512089,28.5,4.62,normal,0.3,20.7,7.3,2.0,0.5,1,2.37,3.5,0
V04817,bulk,275.3,37.1,8.3,148040,1430,2024-08-25 20:07:28.266022,2024-08-25 22:17:04.266022,2024-08-26 18:41:04.266022,20.4,2.16,normal,0.58,16.9,7.7,2.2,0.6,0,2.96,2.22,0
V01721,container,268.8,39.4,9.6,200083,2874,2024-08-26 01:21:44.911604,2024-08-26 03:08:32.911604,2024-08-26 20:32:32.911604,17.4,1.78,normal,0.79,8.2,6.4,1.5,1.0,0,7.83,2.8,1
V05752,bulk,209.1,29.9,7.5,98538,3027,2024-08-26 02:27:01.523508,2024-08-26 05:12:37.523508,2024-08-26 17:24:37.523508,12.2,2.76,normal,0.98,14.7,7.4,1.6,1.1,0,6.9,4.95,1
V04566,roro,203.7,28.6,10.0,149313,761,2024-08-26 14:43:20.538887,2024-08-26 16:06:44.538887,2024-08-27 02:30:44.538887,10.4,1.39,normal,0.71,19.1,9.8,2.2,0.0,0,7.04,0.67,1
V04693,roro,173.9,26.7,9.8,113864,1603,2024-08-26 15:31:44.281430,2024-08-26 17:25:44.281430,2024-08-27 03:43:44.281430,10.3,1.9,normal,0.88,13.7,10.6,2.1,1.5,0,6.0,6.17,1
V01777,tanker,260.6,36.6,13.0,245144,2570,2024-08-26 20:37:29.883482,2024-08-26 22:41:41.883482,2024-08-27 11:35:41.883482,12.9,2.07,high,0.43,11.5,9.7,1.4,0.6,0,2.65,3.45,0
V05532,tanker,169.1,25.6,9.5,111427,4696,2024-08-27 00:06:49.274961,2024-08-27 02:45:49.274961,2024-08-28 02:27:49.274961,23.7,2.65,low,0.86,14.6,7.3,1.6,1.2,0,7.29,3.62,1
V05191,container,183.0,27.9,13.9,200372,1161,2024-08-27 03:30:06.336348,2024-08-27 07:00:42.336348,2024-08-28 06:48:42.336348,23.8,3.51,normal,0.66,24.5,8.8,2.4,0.2,1,6.58,1.08,1
V02846,container,280.8,43.7,14.7,283987,3724,2024-08-27 08:15:29.254743,2024-08-27 12:20:17.254743,2024-08-28 08:56:17.254743,20.6,4.08,normal,0.85,26.7,7.7,2.7,1.1,1,2.12,5.65,0
V01226,general,121.6,17.8,6.1,48074,3526,2024-08-28 06:20:34.582629,2024-08-28 10:03:46.582629,2024-08-29 03:15:46.582629,17.2,3.72,normal,0.95,24.8,6.8,2.2,0.1,1,3.62,2.25,0
V01106,tanker,202.2,31.9,11.1,134810,3288,2024-08-28 09:13:30.398240,2024-08-28 11:06:18.398240,2024-08-29 19:00:18.398240,31.9,1.88,normal,0.78,12.4,8.0,1.1,0.4,0,2.2,6.72,0
V05765,container,151.4,23.3,13.2,140017,2552,2024-08-28 14:31:16.812119,2024-08-28 16:25:16.812119,2024-08-29 04:37:16.812119,12.2,1.9,normal,0.61,0.0,7.5,0.5,0.1,0,7.99,4.65,1
V05805,tanker,194.6,30.3,11.2,140354,3658,2024-08-28 15:59:23.811603,2024-08-28 19:06:35.811603,2024-08-29 20:00:35.811603,24.9,3.12,low,0.66,27.6,10.1,2.9,0.2,1,7.38,5.66,1
V05589,container,185.0,26.7,10.0,131466,3225,2024-08-28 22:56:09.696862,2024-08-29 00:59:09.696862,2024-08-29 13:17:09.696862,12.3,2.05,normal,1.0,17.2,4.7,2.0,0.2,0,3.46,1.73,0
V04310,tanker,318.0,50.6,13.4,333844,4178,2024-08-29 03:47:32.371895,2024-08-29 10:43:20.371895,2024-09-01 10:37:20.371895,71.9,6.93,high,0.84,42.3,8.3,4.2,0.9,2,7.82,1.41,1
V01102,tanker,180.0,29.6,13.1,181402,4635,2024-08-29 04:23:10.958999,2024-08-29 06:29:10.958999,2024-08-30 10:29:10.958999,28.0,2.1,low,0.93,10.5,10.0,1.2,0.8,0,7.38,3.65,1
V03258,bulk,217.6,34.9,12.7,190035,2646,2024-08-29 10:13:05.193462,2024-08-29 14:04:05.193462,2024-08-30 05:16:05.193462,15.2,3.85,normal,0.69,21.5,7.1,2.0,0.9,1,2.32,4.99,0
V05666,general,177.8,29.0,6.8,82013,2315,2024-08-29 10:46:12.449581,2024-08-29 12:31:48.449581,2024-08-30 05:43:48.449581,17.2,1.76,normal,0.47,18.7,5.0,1.8,0.1,0,2.79,3.72,0
V05046,tanker,230.1,36.1,9.3,157756,3608,2024-08-29 16:48:58.260788,2024-08-29 18:48:58.260788,2024-08-30 12:48:58.260788,18.0,2.0,high,0.43,12.6,9.8,1.7,2.4,0,7.36,1.35,1
V02171,bulk,107.7,15.2,7.3,57065,3129,2024-08-29 19:06:38.544008,2024-08-29 23:08:26.544008,2024-08-30 21:02:26.544008,21.9,4.03,low,0.78,28.2,9.3,2.6,0.0,1,4.23,1.74,0
V02693,tanker,290.7,46.1,11.6,262771,3979,2024-08-29 20:57:11.911933,2024-08-29 23:24:11.911933,2024-08-30 12:00:11.911933,12.6,2.45,high,0.89,15.9,9.3,1.7,1.4,0,2.21,3.86,0
V04325,bulk,230.2,33.0,10.5,151669,1488,2024-08-30 00:18:24.278443,2024-08-30 04:08:12.278443,2024-08-31 01:50:12.278443,21.7,3.83,low,0.85,28.8,7.9,3.2,0.2,1,4.26,3.1,0
V05483,tanker,127.7,17.0,9.0,87851,2666,2024-08-30 02:03:44.221357,2024-08-30 04:16:20.221357,2024-08-31 00:22:20.221357,20.1,2.21,normal,0.81,7.4,6.0,0.5,0.4,0,6.79,4.17,1
V04447,bulk,205.7,29.1,8.0,115393,2142,2024-08-30 03:11:10.871677,2024-08-30 05:38:46.871677,2024-08-30 17:44:46.871677,12.1,2.46,normal,0.8,16.2,6.7,1.4,1.0,0,7.81,7.61,1
V03730,container,368.0,54.0,14.3,384474,4960,2024-08-30 05:13:05.255880,2024-08-30 07:03:29.255880,2024-08-30 19:39:29.255880,12.6,1.84,normal,0.99,18.0,8.7,1.7,0.2,0,7.36,2.12,1
V03495,container,314.5,42.1,9.9,241282,1816,2024-08-30 07:44:01.843680,2024-08-30 09:08:01.843680,2024-08-31 02:08:01.843680,17.0,1.4,normal,0.71,6.5,5.3,0.1,0.1,0,3.91,4.26,0
V02056,roro,115.7,16.4,11.0,78503,523,2024-08-30 17:26:02.370285,2024-08-30 18:53:02.370285,2024-08-31 14:59:02.370285,20.1,1.45,normal,0.63,7.1,9.5,1.1,0.8,0,7.52,2.45,1
V05571,bulk,279.6,37.2,11.0,211281,1294,2024-08-30 17:34:36.400149,2024-08-30 19:56:12.400149,2024-08-31 09:32:12.400149,13.6,2.36,normal,0.78,15.6,6.4,1.8,1.4,0,7.39,3.86,1
V04635,container,353.5,58.8,9.5,222829,1608,2024-08-30 19:39:55.990862,2024-08-30 21:59:07.990862,2024-08-31 09:35:07.990862,11.6,2.32,normal,0.83,0.0,6.8,0.0,0.1,0,4.6,4.38,0
V04651,tanker,188.9,30.0,12.0,170255,2281,2024-08-31 01:13:11.779154,2024-08-31 04:23:59.779154,2024-09-01 00:11:59.779154,19.8,3.18,normal,0.66,21.9,8.3,2.4,0.3,1,4.43,8.2,0
V03025,container,276.2,45.4,14.5,268815,1323,2024-08-31 06:42:15.199341,2024-08-31 08:38:03.199341,2024-09-01 10:02:03.199341,25.4,1.93,normal,0.56,17.6,4.6,1.6,0.5,0,6.58,2.58,1
V03068,general,102.4,17.3,9.1,67786,1768,2024-08-31 17:34:30.807582,2024-08-31 21:39:18.807582,2024-09-01 04:57:18.807582,7.3,4.08,normal,0.83,25.8,8.6,2.2,1.6,1,7.91,0.87,1
V05502,general,118.4,16.5,9.0,81155,1068,2024-08-31 17:40:16.585487,2024-08-31 20:24:04.585487,2024-09-01 12:24:04.585487,16.0,2.73,normal,0.55,29.5,8.1,2.9,0.1,1,7.88,2.98,1
V02009,bulk,112.4,15.8,9.9,82683,4807,2024-08-31 18:32:30.408184,2024-08-31 23:06:42.408184,2024-09-02 11:48:42.408184,36.7,4.57,normal,1.0,22.5,8.3,2.4,0.4,1,7.23,3.29,1
V04214,tanker,205.0,32.8,9.6,130556,3228,2024-09-01 03:04:01.795085,2024-09-01 07:17:49.795085,2024-09-02 23:35:49.795085,40.3,4.23,normal,0.84,21.9,12.0,1.9,0.1,1,5.99,6.95,1
V04933,container,237.1,34.3,8.1,134115,2884,2024-09-01 10:53:02.026067,2024-09-01 15:08:38.026067,2024-09-02 18:44:38.026067,27.6,4.26,low,0.79,27.7,5.9,2.8,0.3,1,2.25,1.01,0
V02339,bulk,169.5,23.7,8.5,89320,4178,2024-09-01 16:53:45.782803,2024-09-01 19:28:33.782803,2024-09-02 16:58:33.782803,21.5,2.58,normal,0.6,15.0,6.6,1.0,0.0,0,7.62,1.1,1
V02071,container,362.3,57.5,11.7,263681,1711,2024-09-01 17:18:33.150344,2024-09-01 19:27:33.150344,2024-09-02 08:03:33.150344,12.6,2.15,normal,0.6,9.5,6.3,0.6,0.1,0,7.87,3.29,1
V05958,tanker,148.5,22.5,9.9,103019,2342,2024-09-02 03:44:53.660634,2024-09-02 05:20:53.660634,2024-09-02 17:32:53.660634,12.2,1.6,low,0.66,14.8,7.5,1.1,0.0,0,5.82,2.21,1
V04079,bulk,260.9,40.4,12.3,228202,3523,2024-09-02 06:03:22.491487,2024-09-02 07:48:22.491487,2024-09-03 08:06:22.491487,24.3,1.75,normal,1.0,19.3,10.1,1.7,0.1,0,7.98,3.51,1
V03945,general,214.9,33.7,7.8,129524,737,2024-09-02 08:57:17.126931,2024-09-02 10:50:05.126931,2024-09-03 03:02:05.126931,16.2,1.88,high,0.93,15.1,8.4,1.1,0.0,0,5.67,2.68,1
V01536,container,377.4,50.2,14.6,433465,2134,2024-09-02 10:51:29.433957,2024-09-02 13:53:53.433957,2024-09-03 06:05:53.433957,16.2,3.04,low,0.68,26.1,11.7,2.6,0.9,1,2.98,0.43,0
V02638,roro,162.5,23.1,6.2,74067,1108,2024-09-02 11:34:28.055278,2024-09-02 13:06:16.055278,2024-09-02 22:00:16.055278,8.9,1.53,normal,0.59,15.9,4.7,1.1,0.1,0,2.32,2.04,0
V05479,tanker,187.6,27.3,10.9,127992,4763,2024-09-02 16:01:18.750362,2024-09-02 17:51:42.750362,2024-09-03 16:21:42.750362,22.5,1.84,normal,0.72,14.4,8.2,1.1,1.8,0,5.64,0.04,1
V02821,bulk,170.7,26.8,7.4,82825,748,2024-09-02 22:18:29.989307,2024-09-03 00:46:05.989307,2024-09-03 18:46:05.989307,18.0,2.46,high,0.69,15.6,11.8,1.4,0.0,0,4.24,4.57,0
V01616,container,184.4,28.8,12.0,141381,2258,2024-09-03 03:26:20.747549,2024-09-03 06:54:32.747549,2024-09-04 11:54:32.747549,29.0,3.47,normal,0.54,23.7,9.0,3.1,0.8,1,4.16,4.94,0
V01592,container,322.1,54.2,13.3,261674,3186,2024-09-03 20:42:13.580502,2024-09-03 22:24:13.580502,2024-09-04 07:00:13.580502,8.6,1.7,normal,0.62,10.7,7.9,1.1,0.4,0,7.46,3.57,1
V03132,general,86.1,14.3,9.1,47900,2373,2024-09-03 20:46:22.160883,2024-09-03 22:32:34.160883,2024-09-04 06:02:34.160883,7.5,1.77,normal,0.86,18.7,9.6,1.9,1.2,0,7.4,1.21,1
V01979,tanker,151.2,21.5,13.3,138920,2868,2024-09-03 23:49:37.198043,2024-09-04 01:49:01.198043,2024-09-04 14:49:01.198043,13.0,1.99,normal,0.63,17.9,4.1,2.5,0.4,0,3.25,1.16,0
V02236,tanker,230.7,32.2,10.6,177247,2511,2024-09-04 01:06:55.441110,2024-09-04 07:00:19.441110,2024-09-05 02:54:19.441110,19.9,5.89,normal,0.67,24.1,2.3,1.9,0.9,2,2.13,6.16,0
V05000,container,206.5,31.7,14.0,207476,3033,2024-09-04 02:06:27.012638,2024-09-04 04:00:27.012638,2024-09-04 17:36:27.012638,13.6,1.9,normal,0.62,10.8,7.4,0.8,0.6,0,2.06,3.86,0
V04096,bulk,221.9,30.0,9.5,163070,2973,2024-09-04 02:49:01.255220,2024-09-04 05:44:13.255220,2024-09-04 23:44:13.255220,18.0,2.92,normal,0.78,16.0,5.6,1.6,0.2,0,2.47,3.91,0
V02311,container,271.2,37.4,8.8,186162,2736,2024-09-04 03:40:14.057443,2024-09-04 06:55:50.057443,2024-09-05 05:31:50.057443,22.6,3.26,normal,0.79,31.1,5.9,3.1,0.1,1,3.38,5.21,0
V02099,bulk,196.7,33.1,11.1,135902,4251,2024-09-04 07:12:06.835751,2024-09-04 10:13:18.835751,2024-09-05 03:43:18.835751,17.5,3.02,normal,1.0,8.2,8.1,0.8,0.2,0,7.81,3.73,1
V03646,container,216.2,31.0,14.0,239869,1710,2024-09-04 08:42:32.369397,2024-09-04 10:45:32.369397,2024-09-04 23:21:32.369397,12.6,2.05,normal,0.86,16.0,6.8,1.6,2.1,0,7.75,3.63,1
V05713,general,113.2,16.7,8.5,61868,3156,2024-09-04 09:39:59.240246,2024-09-04 11:05:11.240246,2024-09-05 07:35:11.240246,20.5,1.42,normal,0.86,16.0,6.3,1.3,0.6,0,6.88,4.75,1
V01049,general,127.9,18.6,6.3,57859,1706,2024-09-04 11:24:45.241570,2024-09-04 12:42:09.241570,2024-09-05 17:06:09.241570,28.4,1.29,normal,0.67,6.8,11.1,0.5,0.5,0,4.38,3.8,0
V03233,bulk,220.0,29.2,10.9,144731,4720,2024-09-04 22:54:04.592631,2024-09-05 01:31:16.592631,2024-09-05 23:37:16.592631,22.1,2.62,normal,0.68,11.0,4.7,0.8,0.7,0,5.75,4.42,1
V01754,container,246.8,32.3,13.8,211993,4958,2024-09-05 05:01:06.050026,2024-09-05 07:19:42.050026,2024-09-05 22:07:42.050026,14.8,2.31,normal,0.77,8.1,9.1,1.2,0.5,0,4.13,0.64,0
V05278,general,213.0,27.8,6.4,91454,3097,2024-09-05 15:41:58.813237,2024-09-05 17:27:34.813237,2024-09-06 06:09:34.813237,12.7,1.76,high,0.93,16.2,4.7,1.8,0.8,0,2.24,5.42,0
V02539,container,244.6,40.5,10.8,169886,3402,2024-09-05 17:14:55.057860,2024-09-05 20:09:31.057860,2024-09-06 11:33:31.057860,15.4,2.91,normal,0.73,30.9,10.2,2.9,0.3,1,3.89,3.85,0
V01904,roro,171.8,27.7,6.5,82572,2096,2024-09-06 01:08:51.669233,2024-09-06 03:14:51.669233,2024-09-07 01:20:51.669233,22.1,2.1,normal,0.72,31.0,9.0,3.0,0.3,1,3.61,3.39,0
V04716,general,217.7,31.8,9.1,123226,4434,2024-09-06 02:42:05.510471,2024-09-06 04:25:53.510471,2024-09-07 02:07:53.510471,21.7,1.73,normal,0.8,18.7,6.9,1.6,0.0,0,2.14,6.11,0
V03771,container,325.8,49.6,10.0,235126,1430,2024-09-06 14:37:49.447107,2024-09-06 16:36:37.447107,2024-09-07 13:42:37.447107,21.1,1.98,normal,0.89,12.0,7.0,0.7,0.0,0,2.43,1.48,0
V02122,container,196.4,31.1,13.3,171839,779,2024-09-06 16:13:16.541265,2024-09-06 18:59:28.541265,2024-09-07 10:11:28.541265,15.2,2.77,normal,1.0,23.6,7.7,1.8,1.4,1,2.1,1.61,0
V05535,container,325.0,50.1,12.4,312351,3154,2024-09-06 18:07:51.519064,2024-09-06 21:28:15.519064,2024-09-08 19:46:15.519064,46.3,3.34,normal,0.79,24.2,10.3,2.2,0.0,1,4.0,0.22,0
V01633,tanker,162.9,22.9,13.7,140594,905,2024-09-06 22:15:06.071758,2024-09-07 00:03:06.071758,2024-09-07 16:45:06.071758,16.7,1.8,normal,0.83,9.2,7.9,0.6,0.1,0,7.95,4.37,1
V05298,tanker,201.6,29.7,10.3,160382,4843,2024-09-07 00:05:23.101278,2024-09-07 02:01:47.101278,2024-09-07 14:07:47.101278,12.1,1.94,normal,0.65,12.8,5.7,0.8,0.5,0,6.34,4.72,1
V02777,container,328.2,47.7,9.8,220009,1871,2024-09-07 00:56:06.878916,2024-09-07 03:59:06.878916,2024-09-07 15:05:06.878916,11.1,3.05,normal,0.57,24.1,6.5,2.7,0.1,1,5.1,2.46,0
V02092,tanker,206.8,33.0,10.8,167117,3232,2024-09-07 04:25:47.869499,2024-09-07 06:39:35.869499,2024-09-08 06:15:35.869499,23.6,2.23,high,0.7,15.4,10.5,1.8,0.1,0,2.04,2.86,0
V04665,container,328.3,54.5,14.4,350483,2918,2024-09-07 05:20:33.247732,2024-09-07 07:22:21.247732,2024-09-08 00:10:21.247732,16.8,2.03,normal,0.49,17.7,10.7,1.3,0.2,0,2.58,3.35,0
V05741,bulk,121.0,19.1,9.1,75003,2404,2024-09-07 17:54:29.346644,2024-09-07 20:01:41.346644,2024-09-08 13:01:41.346644,17.0,2.12,normal,0.9,4.7,7.6,0.1,0.3,0,2.73,5.85,0
V02328,bulk,175.8,28.2,11.7,156251,4792,2024-09-07 19:01:29.849645,2024-09-08 00:04:29.849645,2024-09-08 20:22:29.849645,20.3,5.05,low,0.64,27.6,7.7,2.5,0.2,1,4.14,5.3,0
V01928,tanker,142.2,22.6,13.9,152217,717,2024-09-07 23:22:59.379848,2024-09-08 01:41:35.379848,2024-09-09 20:47:35.379848,43.1,2.31,low,0.69,17.4,11.6,2.0,1.0,0,7.82,0.33,1
V04431,container,229.4,36.1,13.3,221577,4972,2024-09-08 06:11:07.345070,2024-09-08 08:26:07.345070,2024-09-09 02:56:07.345070,18.5,2.25,low,0.65,18.6,3.4,2.3,2.3,0,2.61,0.27,0
V04941,general,181.5,23.8,5.0,67060,1754,2024-09-08 13:47:44.138079,2024-09-08 16:09:56.138079,2024-09-09 12:21:56.138079,20.2,2.37,normal,0.79,16.0,7.1,1.4,1.1,0,5.61,2.79,1
V05766,general,142.9,22.7,7.9,70546,4671,2024-09-08 15:38:45.706258,2024-09-08 18:53:45.706258,2024-09-09 05:53:45.706258,11.0,3.25,normal,0.85,30.3,8.5,3.0,0.3,1,2.99,8.65,0
V03974,general,145.2,20.1,8.7,76141,3065,2024-09-08 16:42:54.399613,2024-09-08 20:39:54.399613,2024-09-09 09:09:54.399613,12.5,3.95,high,0.9,27.4,3.9,2.7,0.4,1,2.13,3.97,0
V02320,bulk,206.3,29.6,11.2,141632,2774,2024-09-08 18:40:23.439665,2024-09-08 20:16:59.439665,2024-09-09 19:52:59.439665,23.6,1.61,low,0.69,16.5,8.7,1.8,0.2,0,2.7,4.26,0
V05292,bulk,252.9,32.9,10.8,170544,3987,2024-09-08 21:51:51.212149,2024-09-09 01:05:39.212149,2024-09-09 22:35:39.212149,21.5,3.23,normal,0.75,23.4,9.5,2.3,0.6,1,7.03,1.89,1
V05781,roro,148.8,22.0,7.3,77224,3608,2024-09-08 23:57:26.236741,2024-09-09 01:38:14.236741,2024-09-09 09:44:14.236741,8.1,1.68,normal,0.86,11.4,8.3,0.9,0.6,0,7.92,5.07,1
V02836,general,198.8,33.2,5.5,79256,4411,2024-09-09 03:07:46.682683,2024-09-09 06:23:22.682683,2024-09-09 15:41:22.682683,9.3,3.26,normal,0.71,22.0,6.0,1.9,0.7,1,4.2,4.34,0
V04352,container,272.8,44.5,8.1,148781,812,2024-09-09 03:40:54.297619,2024-09-09 05:43:54.297619,2024-09-09 16:55:54.297619,11.2,2.05,normal,0.87,9.2,6.6,1.1,0.5,0,3.44,2.32,0
V02913,container,307.9,47.0,10.1,224914,2378,2024-09-09 07:26:33.274260,2024-09-09 09:08:33.274260,2024-09-09 22:56:33.274260,13.8,1.7,normal,0.48,7.0,3.7,0.6,0.6,0,3.1,1.09,0
V01438,bulk,191.1,31.6,7.2,82913,4751,2024-09-09 13:00:16.085891,2024-09-09 16:07:28.085891,2024-09-10 02:19:28.085891,10.2,3.12,normal,0.62,15.8,10.3,2.1,0.1,0,7.54,2.02,1
V04190,tanker,168.3,27.1,12.5,152957,1731,2024-09-10 01:11:39.804710,2024-09-10 02:58:27.804710,2024-09-10 18:04:27.804710,15.1,1.78,normal,0.75,0.0,7.3,0.0,0.1,0,7.7,2.58,1
V01970,bulk,177.0,27.4,7.0,75078,2769,2024-09-10 01:30:09.049474,2024-09-10 05:16:21.049474,2024-09-11 07:34:21.049474,26.3,3.77,low,0.97,28.0,9.3,3.0,0.2,1,7.46,1.37,1
V03371,bulk,113.9,16.8,8.2,60476,2265,2024-09-10 03:40:27.074954,2024-09-10 06:08:03.074954,2024-09-10 23:02:03.074954,16.9,2.46,normal,0.52,7.1,5.3,0.9,0.1,0,4.58,6.16,0
V02483,tanker,167.9,28.0,12.2,143242,3801,2024-09-10 16:04:16.665884,2024-09-10 17:52:52.665884,2024-09-12 05:16:52.665884,35.4,1.81,normal,0.4,14.9,6.8,0.8,0.5,0,4.59,3.96,0
V04846,roro,234.1,37.6,8.6,138788,2571,2024-09-10 16:17:31.336503,2024-09-10 17:43:19.336503,2024-09-11 00:25:19.336503,6.7,1.43,normal,0.72,9.0,7.7,0.8,0.2,0,4.26,3.08,0
V03121,bulk,206.3,34.9,7.2,113628,3355,2024-09-10 19:07:40.434137,2024-09-10 21:52:04.434137,2024-09-11 14:04:04.434137,16.2,2.74,normal,0.96,2.8,8.3,0.4,0.6,0,2.02,3.8,0
V03879,general,111.8,16.2,9.4,72130,4875,2024-09-10 20:55:32.296976,2024-09-10 22:24:56.296976,2024-09-11 22:54:56.296976,24.5,1.49,normal,0.83,10.8,9.8,1.1,0.6,0,3.45,4.22,0
V05714,bulk,257.6,43.7,7.1,143362,4286,2024-09-10 21:14:24.944950,2024-09-11 01:09:36.944950,2024-09-12 15:09:36.944950,38.0,3.92,high,0.51,35.2,6.3,3.2,0.5,1,3.87,7.04,0
V02053,tanker,249.8,40.8,12.5,242160,3392,2024-09-10 23:31:05.896659,2024-09-11 01:41:53.896659,2024-09-11 11:47:53.896659,10.1,2.18,normal,0.73,17.7,9.6,2.1,0.2,0,7.09,2.05,1
V02885,container,159.9,21.6,14.2,136333,1305,2024-09-11 01:32:50.727899,2024-09-11 05:06:26.727899,2024-09-12 10:24:26.727899,29.3,3.56,normal,0.69,20.8,8.6,2.7,0.2,1,7.92,0.7,1
V02604,container,289.0,42.0,11.0,197525,1104,2024-09-11 12:16:46.454178,2024-09-11 15:34:46.454178,2024-09-12 13:34:46.454178,22.0,3.3,normal,0.8,22.4,9.9,2.5,0.1,1,7.44,5.73,1
V05541,bulk,240.6,33.8,11.3,212101,1061,2024-09-12 03:42:51.653400,2024-09-12 06:53:39.653400,2024-09-13 17:11:39.653400,34.3,3.18,low,0.8,22.7,7.9,2.3,0.0,1,6.82,2.59,1
V03030,container,266.2,43.3,12.2,252383,3308,2024-09-12 04:19:29.642566,2024-09-12 06:27:17.642566,2024-09-13 00:15:17.642566,17.8,2.13,normal,0.77,12.7,8.3,1.2,1.2,0,6.01,3.2,1
V05093,bulk,247.2,41.4,9.2,149545,3482,2024-09-12 06:15:48.505642,2024-09-12 08:32:00.505642,2024-09-13 06:56:00.505642,22.4,2.27,normal,0.56,12.7,8.9,1.5,1.0,0,3.21,4.12,0
V04314,container,375.0,52.6,9.4,245666,3472,2024-09-12 17:48:57.904508,2024-09-12 19:46:33.904508,2024-09-13 03:52:33.904508,8.1,1.96,normal,0.58,10.6,8.7,1.4,2.0,0,4.37,1.41,0
V02888,bulk,105.0,16.1,7.6,49857,1172,2024-09-12 23:53:02.845657,2024-09-13 03:48:50.845657,2024-09-14 12:06:50.845657,32.3,3.93,normal,0.92,23.5,8.6,2.4,0.8,1,5.43,6.87,0
V01074,bulk,155.4,25.9,10.6,105775,3303,2024-09-13 06:26:41.950377,2024-09-13 10:13:29.950377,2024-09-15 03:49:29.950377,41.6,3.78,normal,0.65,23.2,8.4,2.2,1.4,1,4.04,3.65,0
V02635,tanker,243.8,35.3,10.4,156702,4037,2024-09-13 15:12:22.962131,2024-09-13 20:27:22.962131,2024-09-14 15:57:22.962131,19.5,5.25,normal,0.68,26.4,5.1,2.2,0.3,1,8.0,0.36,1
V04711,tanker,131.5,19.1,11.8,116333,3159,2024-09-13 19:31:18.827834,2024-09-13 21:46:18.827834,2024-09-15 00:10:18.827834,26.4,2.25,high,0.71,10.5,8.7,1.0,0.3,0,3.14,1.84,0
V04820,container,318.7,42.4,12.7,315826,1923,2024-09-14 11:24:04.473332,2024-09-14 14:55:16.473332,2024-09-15 03:37:16.473332,12.7,3.52,normal,0.47,24.6,8.5,2.3,0.6,1,3.05,4.72,0
V01523,general,192.2,25.7,9.7,121746,2728,2024-09-14 23:00:53.909888,2024-09-15 00:39:53.909888,2024-09-15 15:09:53.909888,14.5,1.65,normal,0.68,17.1,10.0,1.5,0.8,0,2.32,0.96,0
V01132,container,272.8,35.6,9.0,168036,1828,2024-09-15 04:28:22.495699,2024-09-15 06:37:58.495699,2024-09-17 11:07:58.495699,52.5,2.16,normal,0.81,13.1,3.7,1.6,0.8,0,7.99,6.68,1
V05969,bulk,290.3,42.8,7.7,145437,1199,2024-09-15 10:01:22.184917,2024-09-15 14:05:34.184917,2024-09-16 19:05:34.184917,29.0,4.07,low,0.68,24.7,5.1,2.6,0.4,1,2.09,1.74,0
V03696,container,334.8,54.5,11.4,264504,3411,2024-09-15 19:05:42.384556,2024-09-15 20:45:54.384556,2024-09-17 03:21:54.384556,30.6,1.67,normal,0.91,11.0,9.3,0.8,0.1,0,6.05,4.0,1
V05202,container,279.3,47.1,8.2,152081,2844,2024-09-16 00:25:27.898250,2024-09-16 02:46:27.898250,2024-09-17 04:40:27.898250,25.9,2.35,normal,0.62,15.5,6.0,1.1,0.1,0,2.85,2.25,0
V04486,container,299.5,49.6,12.9,299636,4897,2024-09-16 02:38:19.677016,2024-09-16 03:54:31.677016,2024-09-16 16:42:31.677016,12.8,1.27,low,0.81,9.5,9.3,1.0,0.3,0,5.95,3.07,1
V03500,container,263.6,43.5,9.1,188650,2300,2024-09-16 13:13:49.040592,2024-09-16 15:25:13.040592,2024-09-17 03:01:13.040592,11.6,2.19,normal,0.6,9.3,8.4,0.9,1.3,0,3.32,2.51,0
V02737,container,373.5,61.7,13.7,402135,3890,2024-09-16 13:52:21.549887,2024-09-16 15:46:21.549887,2024-09-17 00:40:21.549887,8.9,1.9,high,0.81,14.6,10.4,1.6,0.4,0,4.21,6.0,0
V05060,roro,225.8,33.6,7.3,113188,2474,2024-09-16 15:53:17.008516,2024-09-16 17:14:53.008516,2024-09-17 04:44:53.008516,11.5,1.36,low,0.63,8.5,4.1,1.2,0.4,0,7.05,3.33,1
V01409,bulk,210.5,27.7,7.3,114338,2500,2024-09-16 19:53:11.591485,2024-09-16 22:06:59.591485,2024-09-18 02:06:59.591485,28.0,2.23,normal,0.77,10.9,6.4,0.4,0.7,0,6.06,2.89,1
V03632,general,113.0,18.8,6.2,53107,4020,2024-09-16 21:21:43.635536,2024-09-17 00:33:43.635536,2024-09-17 10:03:43.635536,9.5,3.2,normal,0.46,24.3,7.4,2.7,0.3,1,3.87,7.54,0
V02612,general,126.6,17.9,5.9,49786,3006,2024-09-17 05:11:45.518107,2024-09-17 06:49:33.518107,2024-09-17 19:19:33.518107,12.5,1.63,normal,0.83,12.8,7.0,0.9,1.1,0,7.81,4.26,1
V01583,bulk,193.0,28.9,13.0,159492,2809,2024-09-17 09:34:29.312228,2024-09-17 13:08:41.312228,2024-09-19 05:08:41.312228,40.0,3.57,normal,0.74,21.5,8.9,2.4,0.9,1,4.14,3.18,0
V05770,general,219.7,35.0,10.0,165948,2876,2024-09-17 09:44:15.683542,2024-09-17 11:08:51.683542,2024-09-18 05:08:51.683542,18.0,1.41,normal,0.86,12.4,9.3,1.8,0.8,0,3.9,0.9,0
V03166,general,192.2,25.5,7.2,101936,2185,2024-09-17 10:31:16.388238,2024-09-17 13:10:52.388238,2024-09-18 05:10:52.388238,16.0,2.66,normal,1.0,20.5,8.2,2.2,0.7,1,2.91,4.52,0
V05433,container,171.6,26.8,14.8,185864,4179,2024-09-17 16:38:20.670644,2024-09-17 18:22:44.670644,2024-09-19 07:22:44.670644,37.0,1.74,normal,0.6,2.1,5.0,0.2,1.8,0,7.0,4.83,1
V02301,container,261.1,37.3,14.4,298356,937,2024-09-17 23:16:28.338790,2024-09-18 01:07:28.338790,2024-09-18 20:37:28.338790,19.5,1.85,high,0.81,16.0,9.4,1.8,0.0,0,2.56,1.24,0
V05853,roro,213.6,29.8,7.2,101634,1222,2024-09-18 00:41:41.649295,2024-09-18 01:53:05.649295,2024-09-18 06:41:05.649295,4.8,1.19,low,0.61,12.5,6.1,1.6,0.6,0,2.01,3.64,0
V01937,general,207.3,31.3,6.1,97178,1000,2024-09-18 01:36:30.644488,2024-09-18 03:02:18.644488,2024-09-19 23:26:18.644488,44.4,1.43,normal,0.91,12.5,8.6,1.4,1.0,0,2.46,5.87,0
V02587,container,225.2,35.2,14.6,232306,1416,2024-09-18 06:53:17.850223,2024-09-18 08:42:29.850223,2024-09-18 22:36:29.850223,13.9,1.82,normal,1.0,13.4,8.6,1.2,0.2,0,7.99,5.46,1
V01455,container,193.9,29.7,11.1,164273,4947,2024-09-18 07:51:27.539005,2024-09-18 09:26:15.539005,2024-09-19 06:50:15.539005,21.4,1.58,normal,0.88,12.9,7.3,1.4,1.0,0,7.5,4.51,1
V03558,container,296.6,43.3,14.6,273802,808,2024-09-18 11:48:35.255125,2024-09-18 15:08:23.255125,2024-09-19 10:56:23.255125,19.8,3.33,normal,0.71,21.0,5.9,1.4,1.6,1,2.45,2.36,0
V05001,bulk,124.3,20.8,7.7,67548,2598,2024-09-18 21:42:25.529801,2024-09-19 00:01:37.529801,2024-09-19 14:55:37.529801,14.9,2.32,normal,0.8,17.1,9.6,1.9,0.4,0,5.74,3.12,1
V01117,container,376.2,51.9,9.0,215623,4523,2024-09-19 05:26:41.046880,2024-09-19 07:10:29.046880,2024-09-19 22:22:29.046880,15.2,1.73,normal,0.75,9.4,8.4,1.0,0.3,0,6.51,5.82,1
V03297,roro,164.0,23.3,11.0,108492,3954,2024-09-19 06:28:54.348073,2024-09-19 08:03:42.348073,2024-09-19 18:21:42.348073,10.3,1.58,normal,0.87,18.6,7.0,2.1,1.1,0,7.61,5.15,1
V03041,container,240.7,39.1,13.0,217642,1315,2024-09-19 06:40:46.786567,2024-09-19 08:22:10.786567,2024-09-19 23:28:10.786567,15.1,1.69,normal,0.74,12.5,4.4,1.1,0.3,0,7.74,2.08,1
V02676,bulk,193.1,25.9,11.7,170519,1593,2024-09-19 07:41:47.286064,2024-09-19 10:20:47.286064,2024-09-20 18:08:47.286064,31.8,2.65,normal,0.88,4.5,7.9,0.2,0.6,0,7.99,0.54,1
V01648,bulk,218.8,35.7,11.2,152989,4145,2024-09-19 08:21:40.829296,2024-09-19 09:45:04.829296,2024-09-19 17:33:04.829296,7.8,1.39,low,0.76,8.5,8.3,1.0,1.7,0,7.72,4.67,1
V04722,container,241.8,33.2,12.6,233674,3497,2024-09-19 18:29:49.399474,2024-09-19 20:13:37.399474,2024-09-21 02:43:37.399474,30.5,1.73,normal,0.68,10.0,9.4,0.5,0.0,0,7.27,4.3,1
V05655,general,127.1,18.2,5.5,52456,3250,2024-09-19 19:59:08.304410,2024-09-19 21:26:08.304410,2024-09-20 12:08:08.304410,14.7,1.45,normal,0.94,12.2,8.2,1.7,0.1,0,8.0,2.07,1
V02557,general,180.6,25.9,5.1,67833,1081,2024-09-19 22:58:57.716069,2024-09-20 02:21:45.716069,2024-09-20 09:45:45.716069,7.4,3.38,normal,0.7,27.8,5.7,2.5,0.1,1,5.03,7.42,0
V03267,container,159.0,23.1,12.8,153229,808,2024-09-20 06:35:50.996045,2024-09-20 08:28:38.996045,2024-09-20 20:22:38.996045,11.9,1.88,normal,0.78,6.2,6.4,0.2,0.8,0,6.95,3.86,1
V05689,tanker,267.8,41.0,9.8,208220,1452,2024-09-20 17:46:00.198046,2024-09-20 19:29:12.198046,2024-09-21 13:05:12.198046,17.6,1.72,normal,1.0,8.8,4.4,1.1,0.3,0,5.25,0.67,0
V01336,container,365.4,59.1,13.8,322813,4123,2024-09-20 23:57:55.739256,2024-09-21 02:51:19.739256,2024-09-21 17:51:19.739256,15.0,2.89,normal,0.77,23.2,7.9,2.5,0.5,1,4.75,1.07,0
V03168,container,204.5,26.9,14.4,215331,3378,2024-09-21 03:33:16.951727,2024-09-21 05:34:28.951727,2024-09-21 19:34:28.951727,14.0,2.02,normal,0.8,0.0,7.2,0.0,0.2,0,2.16,1.5,0
V01401,general,89.2,13.6,8.5,59253,1051,2024-09-21 08:26:21.465359,2024-09-21 11:13:45.465359,2024-09-21 19:13:45.465359,8.0,2.79,normal,0.81,25.3,7.8,2.5,0.3,1,7.83,2.69,1
V03631,container,181.2,26.2,8.9,112546,2577,2024-09-21 13:31:41.622615,2024-09-21 16:36:29.622615,2024-09-22 16:48:29.622615,24.2,3.08,normal,0.93,22.6,4.8,2.2,0.2,1,3.13,4.47,0
V01600,container,197.1,25.7,9.3,138277,4438,2024-09-22 05:33:42.960083,2024-09-22 08:06:42.960083,2024-09-22 19:12:42.960083,11.1,2.55,normal,0.61,20.5,7.2,2.3,1.9,1,3.24,2.2,0
V03778,bulk,273.1,43.9,8.0,135895,579,2024-09-22 08:01:56.312673,2024-09-22 10:50:32.312673,2024-09-23 23:14:32.312673,36.4,2.81,normal,0.79,16.2,7.4,1.4,0.6,0,6.75,1.18,1
V05350,roro,216.3,31.6,7.8,130572,1761,2024-09-22 12:15:22.915146,2024-09-22 14:18:58.915146,2024-09-23 01:24:58.915146,11.1,2.06,normal,1.0,14.7,10.1,1.6,0.9,0,6.1,1.95,1
V01770,general,102.9,14.5,9.4,59600,3456,2024-09-22 22:19:54.120151,2024-09-23 00:19:18.120151,2024-09-23 10:49:18.120151,10.5,1.99,normal,0.69,19.1,9.9,1.8,0.1,0,8.0,1.62,1
V01278,tanker,280.1,40.2,13.1,251986,4318,2024-09-22 22:56:01.934732,2024-09-23 01:15:49.934732,2024-09-24 09:27:49.934732,32.2,2.33,normal,0.81,12.6,7.9,1.4,0.8,0,7.85,2.75,1
V05911,tanker,179.1,23.9,12.5,143881,3850,2024-09-23 01:43:09.735278,2024-09-23 05:11:21.735278,2024-09-23 13:05:21.735278,7.9,3.47,normal,0.54,34.2,7.5,2.9,0.9,1,4.52,1.45,0
V02410,roro,134.1,21.1,7.0,64107,609,2024-09-23 07:24:23.655003,2024-09-23 09:18:23.655003,2024-09-24 00:48:23.655003,15.5,1.9,normal,0.81,12.6,7.5,0.8,0.4,0,4.71,2.97,0
V03409,container,337.2,48.3,11.8,245451,1271,2024-09-24 02:23:34.003580,2024-09-24 04:03:10.003580,2024-09-25 10:33:10.003580,30.5,1.66,high,0.74,19.4,9.6,1.9,0.2,0,4.71,4.77,0
V04925,general,169.9,25.2,8.0,85481,4005,2024-09-24 03:00:41.568274,2024-09-24 06:26:29.568274,2024-09-24 16:50:29.568274,10.4,3.43,normal,0.73,35.4,6.8,3.4,0.3,1,3.8,3.2,0
V03255,roro,228.2,30.3,8.7,122632,4535,2024-09-24 15:40:57.674393,2024-09-24 17:30:09.674393,2024-09-25 04:54:09.674393,11.4,1.82,normal,0.55,15.6,9.6,1.7,0.2,0,3.44,4.16,0
V04614,container,343.0,55.6,14.5,350856,3038,2024-09-24 23:22:57.248798,2024-09-25 02:36:45.248798,2024-09-25 22:12:45.248798,19.6,3.23,normal,0.85,30.7,10.4,3.2,0.2,1,7.9,0.04,1
V02457,bulk,131.5,20.2,10.8,85978,908,2024-09-24 23:47:00.243138,2024-09-25 02:12:48.243138,2024-09-25 15:00:48.243138,12.8,2.43,normal,0.62,14.5,4.3,1.7,0.3,0,7.99,3.12,1
V04845,roro,100.8,16.9,10.3,73211,2520,2024-09-25 00:26:24.163139,2024-09-25 02:03:36.163139,2024-09-25 10:51:36.163139,8.8,1.62,normal,0.83,13.1,9.3,0.7,0.6,0,7.89,0.95,1
V05919,general,191.2,30.5,8.3,98901,1981,2024-09-25 06:45:43.899945,2024-09-25 10:24:07.899945,2024-09-26 01:48:07.899945,15.4,3.64,normal,1.0,33.1,6.6,2.7,0.3,1,2.17,3.5,0
V02486,roro,122.7,16.2,7.9,67257,3889,2024-09-25 10:49:13.796627,2024-09-25 13:17:25.796627,2024-09-25 23:17:25.796627,10.0,2.47,normal,0.59,28.8,7.1,2.7,1.6,1,7.2,3.81,1
V02758,bulk,160.0,22.8,11.7,148385,4923,2024-09-25 15:53:08.552431,2024-09-25 17:37:32.552431,2024-09-26 11:19:32.552431,17.7,1.74,normal,0.63,19.6,7.8,2.0,1.1,0,4.27,4.81,0
V01692,container,291.0,48.1,14.9,343105,2042,2024-09-25 17:03:13.757729,2024-09-25 18:44:01.757729,2024-09-27 03:02:01.757729,32.3,1.68,normal,0.56,17.0,8.5,2.1,0.2,0,2.77,2.2,0
V02938,container,332.7,51.6,14.0,366481,3155,2024-09-26 05:11:47.345896,2024-09-26 07:11:11.345896,2024-09-26 20:29:11.345896,13.3,1.99,low,0.83,11.5,9.4,1.6,0.0,0,3.05,2.4,0
V02211,general,182.4,24.5,8.7,103808,801,2024-09-26 06:01:05.681896,2024-09-26 07:23:53.681896,2024-09-27 05:11:53.681896,21.8,1.38,normal,0.75,14.4,8.5,1.6,2.1,0,2.29,3.13,0
V01851,container,274.9,41.5,12.5,236007,1364,2024-09-26 13:55:34.940151,2024-09-26 15:43:34.940151,2024-09-27 06:49:34.940151,15.1,1.8,high,0.76,0.0,7.0,0.1,1.0,0,7.74,4.78,1
V02739,general,205.3,33.6,5.3,82258,4561,2024-09-26 19:57:26.349138,2024-09-26 22:36:26.349138,2024-09-27 06:30:26.349138,7.9,2.65,normal,0.44,21.6,7.1,2.7,0.3,1,2.16,4.35,0
V01015,bulk,200.3,31.2,11.8,174995,4081,2024-09-26 23:57:42.196263,2024-09-27 02:21:42.196263,2024-09-28 04:57:42.196263,26.6,2.4,high,1.0,14.5,9.1,1.2,0.3,0,7.13,0.73,1
V04053,general,166.0,23.1,7.6,95619,537,2024-09-27 00:49:10.251458,2024-09-27 03:41:22.251458,2024-09-27 15:41:22.251458,12.0,2.87,normal,0.7,26.0,7.4,2.7,0.6,1,7.82,3.27,1
V03955,tanker,279.7,43.8,11.8,231609,3834,2024-09-27 12:11:12.892271,2024-09-27 16:33:24.892271,2024-09-28 05:21:24.892271,12.8,4.37,normal,0.67,28.2,10.4,2.8,0.0,1,6.94,3.83,1
V05318,roro,186.9,27.7,6.8,87015,1842,2024-09-27 12:40:21.589858,2024-09-27 14:21:45.589858,2024-09-27 22:21:45.589858,8.0,1.69,low,0.66,10.9,11.3,0.9,2.3,0,7.44,2.68,1
V05155,general,150.6,24.5,7.4,84780,1746,2024-09-27 14:37:13.955455,2024-09-27 17:35:25.955455,2024-09-28 21:11:25.955455,27.6,2.97,normal,0.5,26.0,10.4,2.8,1.2,1,7.8,6.88,1
V03251,bulk,155.5,26.4,12.1,137284,1627,2024-09-27 14:39:37.960658,2024-09-27 16:54:01.960658,2024-09-28 21:36:01.960658,28.7,2.24,normal,0.62,16.7,5.8,1.8,0.7,0,7.78,1.29,1
V04940,container,337.1,50.4,9.7,245124,2781,2024-09-27 19:54:26.633375,2024-09-27 21:53:50.633375,2024-09-28 17:59:50.633375,20.1,1.99,normal,0.88,15.6,9.0,1.5,1.1,0,2.01,2.16,0
V05940,container,271.6,43.2,13.3,218866,1411,2024-09-27 22:35:04.605185,2024-09-28 02:57:52.605185,2024-09-28 21:57:52.605185,19.0,4.38,normal,0.64,24.8,5.9,2.2,0.8,1,4.08,3.39,0
V03359,bulk,186.4,31.4,7.5,86261,3970,2024-09-28 10:57:38.832691,2024-09-28 13:19:14.832691,2024-09-29 04:19:14.832691,15.0,2.36,normal,0.52,11.3,7.7,1.2,0.0,0,4.05,2.28,0
V03099,bulk,173.3,24.8,12.2,133352,3378,2024-09-28 11:01:07.732750,2024-09-28 13:29:55.732750,2024-09-29 11:59:55.732750,22.5,2.48,normal,1.0,16.0,6.7,1.5,1.0,0,4.13,5.23,0
V02423,bulk,230.7,33.8,7.2,126812,2244,2024-09-29 00:15:37.439104,2024-09-29 02:38:25.439104,2024-09-29 21:26:25.439104,18.8,2.38,normal,0.93,6.5,8.5,0.9,0.3,0,5.39,0.04,0
V01309,container,322.9,45.5,12.0,269255,2002,2024-09-29 00:47:14.582393,2024-09-29 04:28:02.582393,2024-09-30 14:40:02.582393,34.2,3.68,high,0.74,24.5,8.0,3.1,0.5,1,6.17,0.16,1
V04281,tanker,300.9,50.1,10.1,196121,1516,2024-09-29 02:05:40.633139,2024-09-29 04:24:52.633139,2024-09-29 17:30:52.633139,13.1,2.32,low,0.69,18.2,9.6,2.2,1.0,0,7.62,3.35,1
V03279,bulk,204.8,32.7,8.0,116663,2480,2024-09-29 11:55:04.902296,2024-09-29 15:55:04.902296,2024-09-30 05:07:04.902296,13.2,4.0,high,0.65,21.8,8.1,2.5,0.5,1,4.27,2.0,0
V02936,container,189.9,25.4,11.4,168626,951,2024-09-30 00:39:42.942431,2024-09-30 04:51:06.942431,2024-09-30 14:33:06.942431,9.7,4.19,normal,0.75,26.1,8.4,2.7,0.3,1,4.79,0.51,0
V03542,general,197.3,27.8,6.4,89907,2381,2024-09-30 01:46:35.920831,2024-09-30 03:16:35.920831,2024-09-30 13:58:35.920831,10.7,1.5,normal,0.48,17.1,8.7,1.7,0.1,0,6.42,7.67,1
V04027,roro,217.9,31.8,10.2,150772,4137,2024-09-30 10:09:00.584170,2024-09-30 11:57:00.584170,2024-09-30 23:51:00.584170,11.9,1.8,normal,0.93,19.9,8.1,2.4,0.1,0,2.0,0.77,0
V03171,container,237.2,40.1,11.7,196224,2515,2024-09-30 10:23:34.564636,2024-09-30 14:07:58.564636,2024-10-01 07:13:58.564636,17.1,3.74,normal,0.91,20.3,7.7,1.9,1.0,1,2.03,5.59,0
V02985,container,334.5,45.8,9.0,209371,2280,2024-09-30 16:14:59.969615,2024-09-30 19:18:35.969615,2024-10-02 01:54:35.969615,30.6,3.06,normal,1.0,22.7,7.6,2.1,0.6,1,8.0,0.89,1
V04509,bulk,199.5,26.5,9.1,126850,3985,2024-09-30 22:26:07.562849,2024-10-01 00:29:43.562849,2024-10-02 16:35:43.562849,40.1,2.06,normal,0.89,11.8,9.3,1.1,1.0,0,2.0,4.2,0
V05194,tanker,324.6,52.7,12.0,298696,3826,2024-10-01 00:29:35.015484,2024-10-01 03:35:35.015484,2024-10-01 17:47:35.015484,14.2,3.1,normal,0.76,31.2,4.9,3.5,0.6,1,3.4,3.8,0
V04204,roro,167.2,24.9,7.0,72563,2290,2024-10-01 01:58:41.450372,2024-10-01 02:51:29.450372,2024-10-01 13:39:29.450372,10.8,0.88,normal,0.75,13.6,7.9,1.3,0.0,0,5.57,1.11,1
V03859,container,214.7,30.7,11.1,169296,2577,2024-10-01 03:26:13.009117,2024-10-01 05:12:25.009117,2024-10-01 22:42:25.009117,17.5,1.77,low,0.91,14.2,7.2,1.4,0.1,0,7.41,4.28,1
V03032,general,161.1,26.7,9.6,121488,1498,2024-10-01 15:50:59.911974,2024-10-01 18:36:35.911974,2024-10-02 13:36:35.911974,19.0,2.76,normal,0.7,29.1,5.8,3.3,0.7,1,7.42,1.84,1
V03413,tanker,127.3,21.2,10.8,96237,3770,2024-10-02 03:31:58.408116,2024-10-02 06:34:58.408116,2024-10-03 04:46:58.408116,22.2,3.05,normal,0.76,26.5,8.2,3.0,2.8,1,6.63,4.26,1
V05688,roro,175.6,25.1,9.4,109195,2973,2024-10-02 05:31:52.368933,2024-10-02 07:31:52.368933,2024-10-02 18:49:52.368933,11.3,2.0,normal,0.94,25.8,11.6,2.4,1.0,1,8.0,2.93,1
V05531,general,138.1,21.4,9.6,92157,2888,2024-10-02 08:30:22.474521,2024-10-02 09:54:22.474521,2024-10-03 06:06:22.474521,20.2,1.4,normal,0.52,8.8,5.7,0.2,0.8,0,5.14,3.05,0
V04160,bulk,250.0,33.8,12.6,248666,3992,2024-10-02 17:34:54.031787,2024-10-02 20:37:18.031787,2024-10-03 09:43:18.031787,13.1,3.04,low,0.95,28.2,10.7,2.7,1.0,1,7.96,3.47,1
V02490,bulk,287.4,48.4,9.8,210527,4232,2024-10-02 20:06:39.784923,2024-10-02 21:42:03.784923,2024-10-03 23:42:03.784923,26.0,1.59,high,0.93,9.8,6.7,1.7,0.6,0,6.31,6.69,1
V04777,roro,224.0,31.2,8.5,137026,1386,2024-10-02 20:45:21.421244,2024-10-02 22:54:21.421244,2024-10-03 08:06:21.421244,9.2,2.15,normal,0.67,31.0,1.1,2.6,0.6,2,5.37,4.17,0
V04351,container,165.2,22.7,10.8,109254,3887,2024-10-03 09:43:42.384777,2024-10-03 11:12:30.384777,2024-10-04 02:36:30.384777,15.4,1.48,normal,0.83,11.7,7.8,1.1,0.4,0,4.5,4.53,0
V05312,general,202.5,27.5,6.0,95546,2319,2024-10-03 11:01:42.041686,2024-10-03 12:19:42.041686,2024-10-04 16:13:42.041686,27.9,1.3,high,0.66,10.7,9.5,0.7,1.9,0,2.8,2.09,0
V02869,bulk,112.7,17.3,8.4,58464,2407,2024-10-03 22:32:36.177776,2024-10-04 01:21:48.177776,2024-10-04 18:57:48.177776,17.6,2.82,normal,0.82,25.1,6.5,3.0,0.1,1,3.9,0.45,0
V03509,general,167.7,23.6,9.5,109026,886,2024-10-04 04:58:13.420948,2024-10-04 07:48:01.420948,2024-10-05 01:24:01.420948,17.6,2.83,normal,0.57,20.6,1.4,2.0,0.6,2,6.42,5.37,1
V01498,bulk,105.8,15.8,11.1,73383,1464,2024-10-04 12:35:27.650827,2024-10-04 15:01:51.650827,2024-10-05 16:13:51.650827,25.2,2.44,high,0.9,11.5,7.8,1.2,1.0,0,2.19,1.56,0
V05915,general,196.0,31.9,7.7,109492,2527,2024-10-04 17:15:20.928735,2024-10-04 18:59:08.928735,2024-10-05 11:47:08.928735,16.8,1.73,low,0.83,21.6,10.5,2.6,0.0,1,6.26,4.83,1
V03218,general,178.7,26.8,6.6,93044,604,2024-10-04 22:19:50.799445,2024-10-05 00:31:14.799445,2024-10-05 11:19:14.799445,10.8,2.19,normal,0.78,23.3,6.5,2.9,0.0,1,5.41,3.8,0
V02434,tanker,283.7,39.8,12.8,240412,2653,2024-10-04 22:48:32.453249,2024-10-05 00:11:56.453249,2024-10-05 13:41:56.453249,13.5,1.39,normal,0.94,16.5,7.4,1.7,0.8,0,4.68,0.57,0
V02304,bulk,227.9,31.9,7.0,104611,921,2024-10-05 03:41:32.042183,2024-10-05 05:31:20.042183,2024-10-05 21:55:20.042183,16.4,1.83,high,0.7,7.7,7.7,1.4,0.3,0,3.4,1.92,0
V01980,container,290.2,43.6,12.8,274449,1277,2024-10-05 04:59:34.620049,2024-10-05 06:36:46.620049,2024-10-05 20:06:46.620049,13.5,1.62,normal,1.0,15.7,11.6,1.7,1.7,0,5.29,8.39,0
V03328,general,165.4,22.5,8.3,95278,1854,2024-10-05 09:23:11.211214,2024-10-05 10:32:47.211214,2024-10-06 16:20:47.211214,29.8,1.16,normal,0.81,10.7,4.3,1.1,0.3,0,7.19,3.85,1
V04787,container,373.8,53.3,10.2,262777,3627,2024-10-05 13:47:38.111852,2024-10-05 15:14:02.111852,2024-10-06 11:26:02.111852,20.2,1.44,normal,0.79,13.1,6.2,1.4,2.0,0,2.04,0.19,0
V02529,tanker,271.5,37.3,10.7,189156,2899,2024-10-05 19:05:58.373797,2024-10-05 20:34:10.373797,2024-10-06 08:10:10.373797,11.6,1.47,normal,0.78,19.7,4.1,2.1,0.7,0,7.46,1.97,1
V02593,bulk,245.8,33.5,9.3,163971,1384,2024-10-06 01:07:04.612748,2024-10-06 04:23:52.612748,2024-10-07 00:53:52.612748,20.5,3.28,normal,0.48,25.5,7.4,2.4,0.1,1,2.71,0.09,0
V05447,bulk,296.6,39.4,8.8,186619,4205,2024-10-06 02:01:19.429636,2024-10-06 04:03:43.429636,2024-10-07 20:57:43.429636,40.9,2.04,normal,0.9,7.4,6.8,0.5,0.8,0,2.09,3.29,0
V03720,bulk,285.7,47.3,9.1,196880,4828,2024-10-06 03:17:25.395612,2024-10-06 06:51:37.395612,2024-10-07 01:21:37.395612,18.5,3.57,normal,0.68,25.4,8.2,2.5,0.1,1,2.24,4.06,0
V02024,bulk,174.4,28.5,9.8,125090,767,2024-10-06 08:50:42.147284,2024-10-06 11:52:30.147284,2024-10-07 20:04:30.147284,32.2,3.03,normal,0.61,27.6,6.7,3.3,1.2,1,7.99,2.68,1
V01664,tanker,211.6,34.4,12.9,179637,2029,2024-10-06 17:36:40.445686,2024-10-06 19:25:52.445686,2024-10-07 14:55:52.445686,19.5,1.82,normal,0.76,12.4,8.8,1.0,1.5,0,4.41,2.6,0
V05824,bulk,299.7,49.8,11.7,230219,816,2024-10-06 23:25:28.606820,2024-10-07 00:55:28.606820,2024-10-07 12:55:28.606820,12.0,1.5,normal,1.0,11.0,6.8,0.8,1.6,0,6.15,0.82,1
V04900,bulk,295.2,45.3,11.3,246398,2121,2024-10-07 00:20:03.789792,2024-10-07 01:56:03.789792,2024-10-09 03:44:03.789792,49.8,1.6,normal,0.81,4.2,9.8,0.3,0.2,0,4.8,1.35,0
V02849,tanker,230.6,30.5,11.2,200543,1926,2024-10-07 05:57:38.459568,2024-10-07 08:20:26.459568,2024-10-08 08:26:26.459568,24.1,2.38,normal,0.97,26.8,10.8,2.7,0.5,1,4.34,3.25,0
V05556,bulk,240.5,40.8,11.0,161166,2549,2024-10-07 23:00:08.256844,2024-10-08 00:42:08.256844,2024-10-08 23:30:08.256844,22.8,1.7,normal,0.86,16.6,6.3,1.7,0.3,0,7.54,4.09,1
V01344,bulk,153.9,24.1,11.2,137520,1693,2024-10-07 23:57:23.876086,2024-10-08 02:09:23.876086,2024-10-08 22:45:23.876086,20.6,2.2,normal,0.64,18.2,7.7,1.7,0.2,0,6.51,3.5,1
V04468,container,259.8,34.3,8.2,130109,2713,2024-10-08 00:50:58.900385,2024-10-08 03:05:58.900385,2024-10-08 19:53:58.900385,16.8,2.25,normal,0.81,35.4,8.2,3.2,0.6,1,5.23,5.87,0
V05230,bulk,198.8,32.7,10.4,127259,1674,2024-10-08 11:04:06.397409,2024-10-08 13:32:18.397409,2024-10-09 02:50:18.397409,13.3,2.47,high,0.71,32.8,6.3,3.3,2.0,1,7.78,5.25,1
V05820,general,176.4,25.4,9.1,104183,1059,2024-10-08 13:21:34.304198,2024-10-08 14:56:58.304198,2024-10-08 20:38:58.304198,5.7,1.59,normal,0.64,12.7,5.0,1.1,0.2,0,5.06,1.32,0
V03021,tanker,254.9,34.3,12.9,231680,4817,2024-10-08 14:55:05.964238,2024-10-08 16:38:17.964238,2024-10-09 00:38:17.964238,8.0,1.72,low,1.0,5.9,5.7,0.1,0.6,0,2.91,5.86,0
V05319,general,86.2,12.2,6.4,36161,2414,2024-10-08 18:12:55.453380,2024-10-08 20:56:07.453380,2024-10-09 14:44:07.453380,17.8,2.72,low,0.5,30.0,7.6,2.5,0.2,1,3.06,2.64,0
V03995,tanker,256.1,36.5,12.3,222426,3335,2024-10-08 19:23:22.781464,2024-10-08 22:43:46.781464,2024-10-09 16:49:46.781464,18.1,3.34,normal,0.56,24.9,6.3,2.4,0.2,1,4.68,3.36,0
V01619,tanker,315.6,53.1,11.0,257092,689,2024-10-08 20:45:53.003280,2024-10-08 22:08:05.003280,2024-10-09 15:26:05.003280,17.3,1.37,normal,0.99,16.7,9.4,1.7,0.4,0,6.67,1.82,1
V03193,bulk,223.5,36.8,8.6,116263,3008,2024-10-08 23:04:15.800905,2024-10-09 02:52:51.800905,2024-10-10 04:10:51.800905,25.3,3.81,normal,0.75,28.5,4.4,2.7,0.3,1,7.95,1.66,1
V03243,container,248.4,35.8,11.0,164431,4172,2024-10-09 00:58:12.849671,2024-10-09 02:58:48.849671,2024-10-09 22:58:48.849671,20.0,2.01,normal,0.69,20.4,10.5,2.1,0.1,1,6.22,5.24,1
V05907,general,125.7,18.9,6.8,52988,3606,2024-10-09 06:56:21.797749,2024-10-09 08:14:57.797749,2024-10-10 05:26:57.797749,21.2,1.31,normal,0.89,4.3,9.5,0.3,0.6,0,3.46,2.52,0
V02086,bulk,275.3,41.2,7.7,146565,537,2024-10-09 11:39:46.967997,2024-10-09 13:30:46.967997,2024-10-10 00:06:46.967997,10.6,1.85,normal,0.46,9.9,8.5,0.8,0.1,0,7.88,2.39,1
V01010,general,116.1,18.9,8.3,68518,2883,2024-10-09 12:56:53.838098,2024-10-09 14:32:17.838098,2024-10-10 02:50:17.838098,12.3,1.59,normal,0.79,15.4,4.7,1.7,0.3,0,6.78,4.24,1
V03854,tanker,131.2,21.9,13.3,132396,2418,2024-10-09 16:15:15.218769,2024-10-09 17:52:27.218769,2024-10-10 05:52:27.218769,12.0,1.62,normal,0.93,18.1,9.1,1.6,0.9,0,2.41,2.19,0
V05972,container,352.6,59.6,8.2,174124,576,2024-10-09 21:29:23.575539,2024-10-09 22:37:11.575539,2024-10-11 16:13:11.575539,41.6,1.13,low,0.78,17.9,10.0,1.9,1.1,0,6.57,3.9,1
V04732,bulk,226.0,38.4,11.1,171949,2301,2024-10-10 12:56:31.542568,2024-10-10 14:49:55.542568,2024-10-11 05:07:55.542568,14.3,1.89,normal,0.91,17.4,7.3,1.7,0.9,0,7.59,2.03,1
V04280,container,229.5,33.4,10.7,176837,2272,2024-10-11 02:43:37.875028,2024-10-11 04:48:25.875028,2024-10-11 21:30:25.875028,16.7,2.08,normal,0.7,33.3,8.3,3.1,0.0,1,6.0,4.78,1
V01368,container,167.3,26.2,9.8,127500,2570,2024-10-11 04:21:06.058715,2024-10-11 06:20:30.058715,2024-10-11 17:20:30.058715,11.0,1.99,low,1.0,20.4,7.5,2.1,0.1,1,3.61,0.86,0
V04185,tanker,294.2,41.6,10.6,190175,2764,2024-10-11 04:51:46.147628,2024-10-11 06:20:34.147628,2024-10-12 02:08:34.147628,19.8,1.48,normal,0.86,0.0,6.1,0.0,0.1,0,2.97,1.47,0
V04648,tanker,240.9,34.1,11.1,188787,2147,2024-10-11 08:51:33.903577,2024-10-11 10:22:09.903577,2024-10-12 19:16:09.903577,32.9,1.51,normal,0.82,17.9,7.8,1.8,0.2,0,3.9,6.12,0
V03281,bulk,216.5,36.7,8.4,119239,4025,2024-10-11 11:07:00.828927,2024-10-11 12:29:48.828927,2024-10-12 13:23:48.828927,24.9,1.38,low,0.64,8.0,5.3,0.9,0.1,0,7.09,1.37,1
V05840,container,309.7,46.5,14.0,325666,4891,2024-10-11 13:11:26.128999,2024-10-11 15:47:26.128999,2024-10-12 10:47:26.128999,19.0,2.6,normal,0.64,35.0,8.6,3.8,1.1,1,7.91,1.66,1
V05332,tanker,304.3,51.5,9.1,176721,4389,2024-10-11 18:45:49.795747,2024-10-11 21:22:25.795747,2024-10-12 16:52:25.795747,19.5,2.61,low,0.83,29.3,9.3,3.0,0.4,1,2.01,1.31,0
V04513,container,304.1,47.2,11.3,206291,1052,2024-10-11 21:13:18.112310,2024-10-11 22:53:30.112310,2024-10-12 10:17:30.112310,11.4,1.67,normal,0.39,19.3,7.2,2.0,0.0,0,3.85,2.34,0
V04021,bulk,292.4,49.2,8.2,187154,798,2024-10-12 08:29:19.233748,2024-10-12 10:28:07.233748,2024-10-13 06:04:07.233748,19.6,1.98,normal,0.94,37.9,11.5,4.3,0.0,1,2.53,0.47,0
V04483,tanker,186.5,27.0,10.4,123378,3514,2024-10-12 10:08:37.172820,2024-10-12 12:28:25.172820,2024-10-13 10:10:25.172820,21.7,2.33,normal,0.38,29.3,7.9,2.8,0.1,1,4.61,0.11,0
V04637,bulk,295.0,41.0,11.9,251781,4918,2024-10-12 13:35:46.969850,2024-10-12 15:26:46.969850,2024-10-13 10:14:46.969850,18.8,1.85,low,0.93,13.9,9.6,1.8,0.2,0,8.0,0.48,1
V03087,tanker,298.4,49.8,13.2,241658,3127,2024-10-12 16:25:49.164766,2024-10-12 19:10:49.164766,2024-10-14 08:28:49.164766,37.3,2.75,normal,0.65,9.4,1.3,1.2,0.4,1,5.26,1.46,0
V03718,tanker,219.4,36.0,9.5,129571,3250,2024-10-12 17:34:28.140679,2024-10-12 21:07:28.140679,2024-10-13 10:31:28.140679,13.4,3.55,normal,0.78,30.3,8.0,3.0,0.6,1,3.58,3.72,0
V04841,container,284.3,38.4,12.5,237836,1467,2024-10-12 21:51:40.229596,2024-10-12 23:38:28.229596,2024-10-13 20:26:28.229596,20.8,1.78,normal,1.0,17.2,8.3,2.1,0.2,0,3.63,0.91,0
V03813,bulk,298.9,44.6,9.6,210841,1336,2024-10-13 04:15:51.430685,2024-10-13 06:05:39.430685,2024-10-14 00:11:39.430685,18.1,1.83,normal,0.75,19.3,9.5,2.5,1.3,0,6.09,2.82,1
V05732,tanker,244.3,34.2,12.5,213054,2912,2024-10-13 07:44:03.722920,2024-10-13 08:57:15.722920,2024-10-14 13:57:15.722920,29.0,1.22,normal,1.0,16.2,4.7,1.8,0.2,0,2.05,6.81,0
V03967,bulk,200.4,31.7,9.2,125084,3147,2024-10-13 10:16:41.190476,2024-10-13 13:56:53.190476,2024-10-13 20:32:53.190476,6.6,3.67,normal,0.78,28.2,2.5,2.7,1.1,2,3.65,3.77,0
V01394,tanker,260.1,37.4,13.6,256212,675,2024-10-13 17:11:01.395897,2024-10-13 19:08:01.395897,2024-10-14 19:02:01.395897,23.9,1.95,normal,0.65,13.7,6.2,1.1,0.3,0,5.33,1.76,0
V03294,container,208.1,34.5,10.5,153287,3570,2024-10-13 20:42:19.950096,2024-10-13 22:22:31.950096,2024-10-14 20:16:31.950096,21.9,1.67,normal,0.87,12.6,6.0,1.0,0.2,0,2.02,4.35,0
V05177,tanker,181.9,26.1,10.8,124958,1152,2024-10-14 04:44:53.822641,2024-10-14 06:25:41.822641,2024-10-14 15:19:41.822641,8.9,1.68,normal,0.84,3.0,7.3,0.0,0.1,0,6.52,0.31,1
V02070,bulk,296.7,41.4,8.8,189976,2202,2024-10-14 12:39:41.373323,2024-10-14 16:16:17.373323,2024-10-15 05:34:17.373323,13.3,3.61,low,1.0,24.6,4.7,2.6,0.0,1,5.99,1.8,1
V05138,container,322.6,47.9,9.2,234685,3115,2024-10-14 12:53:05.764168,2024-10-14 14:35:05.764168,2024-10-15 04:05:05.764168,13.5,1.7,low,0.68,17.3,8.3,2.1,0.1,0,6.3,3.47,1
V05552,tanker,222.5,37.8,12.8,175574,3432,2024-10-14 19:38:47.546346,2024-10-14 22:22:35.546346,2024-10-16 20:46:35.546346,46.4,2.73,high,0.93,25.6,7.1,2.8,0.2,1,2.99,2.1,0
V02214,tanker,179.8,24.8,10.9,155652,2828,2024-10-15 00:27:00.953740,2024-10-15 03:08:24.953740,2024-10-15 20:56:24.953740,17.8,2.69,normal,0.84,23.0,10.1,2.2,0.8,1,5.08,3.71,0
V01006,general,168.7,27.4,9.4,101064,4517,2024-10-15 00:27:15.492826,2024-10-15 01:56:39.492826,2024-10-16 02:08:39.492826,24.2,1.49,normal,0.53,18.4,7.0,1.7,0.1,0,5.08,2.31,0
V05197,container,348.4,50.6,13.4,303830,3915,2024-10-15 09:36:21.358237,2024-10-15 11:12:57.358237,2024-10-16 02:18:57.358237,15.1,1.61,normal,0.99,5.1,8.8,0.6,1.3,0,2.0,6.06,0
V03009,container,227.2,29.6,9.6,161078,3157,2024-10-15 09:52:36.457630,2024-10-15 11:26:48.457630,2024-10-16 06:20:48.457630,18.9,1.57,normal,0.65,15.3,8.7,1.4,1.5,0,2.01,2.56,0
V03035,container,309.9,41.8,14.8,311808,1508,2024-10-15 12:24:53.514287,2024-10-15 14:06:17.514287,2024-10-16 04:06:17.514287,14.0,1.69,normal,0.68,13.9,7.0,1.7,0.6,0,4.42,1.29,0
V05858,bulk,238.7,33.6,10.8,182287,2345,2024-10-16 04:29:12.282247,2024-10-16 05:59:48.282247,2024-10-17 17:17:48.282247,35.3,1.51,high,0.54,14.3,7.1,1.6,0.0,0,7.99,4.18,1
V05657,container,308.9,41.8,8.8,190632,608,2024-10-16 06:07:38.215699,2024-10-16 07:30:26.215699,2024-10-17 17:36:26.215699,34.1,1.38,normal,0.59,14.8,7.6,1.4,0.6,0,6.8,1.22,1
V05016,container,358.9,56.9,11.8,279371,1282,2024-10-16 08:20:18.233395,2024-10-16 11:01:42.233395,2024-10-17 04:25:42.233395,17.4,2.69,normal,0.62,22.1,8.3,2.3,0.2,1,3.63,5.21,0
V04916,container,192.8,26.1,11.8,140721,3499,2024-10-16 20:13:25.341663,2024-10-16 23:15:49.341663,2024-10-17 23:27:49.341663,24.2,3.04,normal,0.72,20.9,7.4,2.3,2.3,1,4.36,2.02,0
V05469,tanker,289.6,45.0,11.9,222011,4595,2024-10-17 01:03:18.794979,2024-10-17 02:39:18.794979,2024-10-18 00:15:18.794979,21.6,1.6,normal,0.88,9.0,11.2,1.1,1.3,0,3.62,3.17,0
V02094,bulk,238.8,38.2,7.4,117973,2081,2024-10-17 01:51:38.596781,2024-10-17 03:52:50.596781,2024-10-17 23:04:50.596781,19.2,2.02,normal,0.63,8.9,7.0,0.9,0.8,0,4.79,6.02,0
V04695,bulk,194.1,26.3,12.6,182693,1846,2024-10-17 04:19:01.208963,2024-10-17 07:49:01.208963,2024-10-17 22:25:01.208963,14.6,3.5,normal,0.7,24.7,6.0,2.4,1.5,1,7.77,1.43,1
V01844,bulk,108.6,14.5,9.1,67062,3515,2024-10-17 07:24:10.480985,2024-10-17 09:04:22.480985,2024-10-17 18:34:22.480985,9.5,1.67,normal,0.79,12.2,6.9,1.1,0.1,0,6.18,0.65,1
V01909,bulk,246.9,38.1,10.0,163091,1402,2024-10-17 16:22:41.974876,2024-10-17 18:30:29.974876,2024-10-18 19:48:29.974876,25.3,2.13,high,0.61,0.0,10.8,0.3,0.3,0,7.53,0.51,1
V01794,general,124.7,16.6,7.9,64189,924,2024-10-17 19:59:55.696801,2024-10-17 20:56:55.696801,2024-10-18 15:56:55.696801,19.0,0.95,normal,0.74,14.0,9.2,1.5,0.3,0,5.9,0.67,1
V01406,roro,155.4,23.4,6.7,64816,4703,2024-10-18 00:37:39.906324,2024-10-18 01:34:39.906324,2024-10-18 09:28:39.906324,7.9,0.95,normal,0.72,11.1,4.2,0.7,0.9,0,2.33,0.64,0
V01289,tanker,146.5,23.5,11.9,118772,4459,2024-10-18 03:51:11.177254,2024-10-18 06:38:35.177254,2024-10-18 22:44:35.177254,16.1,2.79,normal,0.78,23.0,8.2,2.1,0.6,1,6.53,3.59,1
V05330,general,98.6,14.7,8.9,63336,4960,2024-10-18 04:58:42.752778,2024-10-18 06:14:54.752778,2024-10-18 14:20:54.752778,8.1,1.27,normal,0.75,6.8,6.4,0.9,0.1,0,7.68,3.5,1
V03345,container,301.0,46.8,12.2,284886,1832,2024-10-18 05:53:26.855510,2024-10-18 09:03:38.855510,2024-10-19 06:33:38.855510,21.5,3.17,normal,0.46,21.6,10.5,2.1,0.0,1,8.0,2.99,1
V01256,container,185.4,27.5,14.2,187689,3484,2024-10-18 08:44:50.058618,2024-10-18 10:10:02.058618,2024-10-19 07:58:02.058618,21.8,1.42,normal,0.72,18.6,8.9,2.0,0.0,0,5.38,2.05,0
V01952,tanker,314.9,48.6,13.0,255107,1812,2024-10-18 10:17:59.112306,2024-10-18 12:11:59.112306,2024-10-19 10:29:59.112306,22.3,1.9,normal,0.75,12.7,5.8,1.1,0.2,0,3.16,4.69,0
V05425,general,157.7,26.8,8.2,90969,4418,2024-10-18 12:45:29.154611,2024-10-18 14:10:41.154611,2024-10-18 23:34:41.154611,9.4,1.42,normal,0.72,11.9,7.6,1.0,1.6,0,2.17,0.79,0
V03047,container,233.8,32.6,10.3,192322,2243,2024-10-18 12:51:19.253923,2024-10-18 14:00:55.253923,2024-10-20 06:30:55.253923,40.5,1.16,normal,0.71,15.8,8.8,1.4,0.1,0,2.22,5.45,0
V05660,bulk,179.2,28.9,8.5,91628,978,2024-10-18 17:58:33.895239,2024-10-18 20:00:57.895239,2024-10-20 01:24:57.895239,29.4,2.04,normal,0.97,16.7,9.6,1.1,1.4,0,7.96,3.83,1
V01208,container,290.6,41.5,12.7,284038,4762,2024-10-18 20:37:46.942732,2024-10-18 22:55:46.942732,2024-10-19 19:31:46.942732,20.6,2.3,normal,0.97,21.3,5.7,2.4,2.0,1,6.14,0.82,1
V03513,bulk,170.4,28.3,9.9,134281,4871,2024-10-18 22:42:26.063858,2024-10-19 00:25:02.063858,2024-10-20 07:07:02.063858,30.7,1.71,low,0.5,16.9,4.5,1.7,0.2,0,3.15,0.48,0
V02622,container,185.1,28.6,10.9,121386,3737,2024-10-19 02:42:48.957142,2024-10-19 04:20:36.957142,2024-10-19 17:44:36.957142,13.4,1.63,normal,0.66,39.5,8.9,3.9,0.1,1,3.7,1.85,0
V01752,container,342.4,56.4,12.8,332816,2059,2024-10-19 03:39:53.900575,2024-10-19 06:14:05.900575,2024-10-19 19:38:05.900575,13.4,2.57,normal,0.47,23.8,6.2,2.4,1.6,1,5.1,2.8,0
V01957,tanker,168.6,22.2,10.7,138240,4323,2024-10-19 08:31:13.055986,2024-10-19 10:22:49.055986,2024-10-20 03:16:49.055986,16.9,1.86,normal,0.87,5.6,10.2,0.8,0.0,0,6.81,4.08,1
V03679,bulk,170.6,26.8,12.4,143354,758,2024-10-19 08:33:47.840702,2024-10-19 09:55:59.840702,2024-10-20 00:25:59.840702,14.5,1.37,normal,1.0,10.0,10.2,1.3,0.0,0,6.76,2.65,1
V04743,container,263.4,38.0,15.0,286028,3457,2024-10-19 09:19:54.025675,2024-10-19 11:19:54.025675,2024-10-20 03:31:54.025675,16.2,2.0,normal,0.83,20.0,6.8,2.0,0.3,0,5.71,0.9,1
V03989,tanker,258.6,40.6,9.1,159474,2571,2024-10-19 12:43:03.354808,2024-10-19 14:31:39.354808,2024-10-19 22:19:39.354808,7.8,1.81,normal,0.66,17.9,10.4,2.0,2.6,0,2.01,2.77,0
V01887,bulk,173.1,26.6,7.3,94063,3981,2024-10-19 14:43:10.396482,2024-10-19 16:15:34.396482,2024-10-21 03:03:34.396482,34.8,1.54,normal,0.64,15.5,5.3,1.7,0.1,0,3.19,1.04,0
V04772,general,207.3,27.3,7.5,94897,1708,2024-10-20 06:39:23.697639,2024-10-20 08:59:47.697639,2024-10-20 16:29:47.697639,7.5,2.34,normal,0.75,25.7,8.1,1.9,2.5,1,7.73,1.89,1
V02427,bulk,192.0,30.3,9.6,127264,1079,2024-10-20 13:01:45.476526,2024-10-20 15:24:33.476526,2024-10-21 22:54:33.476526,31.5,2.38,normal,0.84,15.5,9.6,1.7,0.0,0,2.17,5.12,0
V04856,container,183.2,25.3,14.6,161601,4408,2024-10-20 16:46:27.159421,2024-10-20 18:15:51.159421,2024-10-21 06:27:51.159421,12.2,1.49,low,1.0,8.5,7.7,0.5,0.9,0,4.96,3.23,0
V02051,roro,165.0,26.6,9.0,110971,4855,2024-10-20 17:04:43.201351,2024-10-20 18:16:43.201351,2024-10-21 05:58:43.201351,11.7,1.2,normal,0.48,18.6,5.7,2.0,0.7,0,5.42,0.4,0
V01864,tanker,248.4,40.9,9.3,151796,3268,2024-10-20 20:57:41.332134,2024-10-20 23:01:53.332134,2024-10-21 19:31:53.332134,20.5,2.07,normal,0.76,19.4,6.8,1.9,0.0,0,7.58,1.01,1
V01946,general,120.0,17.8,5.8,46713,3570,2024-10-21 05:50:44.923407,2024-10-21 07:13:32.923407,2024-10-21 20:43:32.923407,13.5,1.38,normal,0.66,19.6,8.5,2.0,0.1,0,5.96,3.59,1
V02472,bulk,194.8,27.5,9.5,144163,1995,2024-10-21 09:29:57.775216,2024-10-21 13:04:09.775216,2024-10-22 02:16:09.775216,13.2,3.57,normal,0.91,20.6,8.8,2.4,0.2,1,7.46,5.8,1
V03603,tanker,263.2,43.3,9.1,181708,1845,2024-10-21 14:56:41.351579,2024-10-21 16:20:41.351579,2024-10-23 08:32:41.351579,40.2,1.4,normal,0.68,15.2,7.4,1.7,0.0,0,2.08,4.97,0
V02140,bulk,100.5,13.5,9.3,63859,4055,2024-10-21 17:09:33.454534,2024-10-21 19:20:57.454534,2024-10-22 06:26:57.454534,11.1,2.19,normal,0.67,3.1,11.8,0.6,1.2,0,4.34,0.86,0
V04269,general,186.9,28.2,8.8,104260,1785,2024-10-21 18:18:51.206013,2024-10-21 19:29:03.206013,2024-10-22 03:47:03.206013,8.3,1.17,normal,0.59,2.9,9.1,0.2,0.9,0,6.06,4.69,1
V02442,container,332.2,54.9,8.4,205053,2166,2024-10-21 20:20:22.229978,2024-10-21 22:07:10.229978,2024-10-22 20:07:10.229978,22.0,1.78,high,0.9,13.1,4.3,1.2,0.4,0,7.95,2.58,1
V05201,general,172.4,23.9,8.4,104349,2973,2024-10-22 01:24:57.873559,2024-10-22 02:48:57.873559,2024-10-22 22:18:57.873559,19.5,1.4,normal,0.94,17.6,3.4,1.7,1.6,0,2.81,7.39,0
V05986,bulk,277.6,42.3,12.9,225396,4439,2024-10-22 08:23:24.336378,2024-10-22 10:14:24.336378,2024-10-24 01:38:24.336378,39.4,1.85,normal,0.78,8.2,9.7,1.0,0.2,0,7.81,1.41,1
V03782,container,337.0,44.2,8.0,179425,3958,2024-10-22 19:29:26.077146,2024-10-22 20:53:26.077146,2024-10-23 13:11:26.077146,16.3,1.4,normal,0.65,10.3,6.9,0.7,0.4,0,6.57,1.63,1
V04888,container,338.7,45.7,14.0,346730,3660,2024-10-23 06:20:31.856841,2024-10-23 09:35:31.856841,2024-10-24 04:59:31.856841,19.4,3.25,high,0.73,41.4,9.9,4.5,0.2,2,4.31,0.07,0
V04223,container,348.2,50.4,13.9,318644,3044,2024-10-23 10:23:45.978538,2024-10-23 11:10:33.978538,2024-10-24 02:34:33.978538,15.4,0.78,low,1.0,11.4,6.7,0.8,1.8,0,7.91,3.06,1
V01103,container,187.9,29.9,8.9,127690,1461,2024-10-23 10:33:30.195159,2024-10-23 14:11:18.195159,2024-10-24 08:23:18.195159,18.2,3.63,normal,0.83,26.9,7.6,3.0,0.8,1,7.83,0.52,1
V03910,tanker,208.7,27.2,11.8,191829,2895,2024-10-23 11:38:24.798930,2024-10-23 13:36:00.798930,2024-10-24 15:54:00.798930,26.3,1.96,normal,0.82,16.4,5.9,2.2,1.7,0,6.91,0.15,1
V05717,general,140.7,22.5,8.2,70866,3532,2024-10-23 15:20:08.710188,2024-10-23 16:45:56.710188,2024-10-24 15:21:56.710188,22.6,1.43,normal,0.92,14.7,6.9,1.6,0.4,0,2.22,1.44,0
V05600,tanker,128.7,18.5,11.3,103859,2427,2024-10-23 17:17:57.493917,2024-10-23 18:50:21.493917,2024-10-24 23:44:21.493917,28.9,1.54,normal,0.76,6.9,9.3,1.1,0.2,0,2.54,0.59,0
V01610,container,265.2,41.1,10.6,213285,1763,2024-10-23 22:05:56.399135,2024-10-24 00:40:44.399135,2024-10-25 13:10:44.399135,36.5,2.58,low,0.81,20.8,8.1,2.0,0.6,1,7.98,1.27,1
V05910,roro,164.2,24.3,8.1,99243,2975,2024-10-24 05:08:02.048296,2024-10-24 06:25:26.048296,2024-10-24 21:07:26.048296,14.7,1.29,high,0.87,10.9,8.2,0.8,0.1,0,2.15,1.79,0
V05227,bulk,271.8,37.8,13.0,230769,2848,2024-10-24 05:28:33.240472,2024-10-24 07:19:33.240472,2024-10-26 19:31:33.240472,60.2,1.85,low,0.91,19.1,5.0,1.8,0.7,0,2.36,1.23,0
V01292,container,226.4,36.4,12.9,229521,1422,2024-10-24 07:24:04.370219,2024-10-24 09:51:04.370219,2024-10-25 09:09:04.370219,23.3,2.45,normal,0.88,23.5,7.3,2.8,0.2,1,4.7,5.42,0
V05467,tanker,221.9,31.1,12.8,181327,2476,2024-10-24 13:53:09.925369,2024-10-24 16:12:57.925369,2024-10-27 02:00:57.925369,57.8,2.33,high,0.7,30.7,4.1,2.7,0.5,1,4.87,3.86,0
V01477,container,374.9,57.1,15.0,356546,1922,2024-10-24 17:50:10.090755,2024-10-24 19:30:22.090755,2024-10-25 07:00:22.090755,11.5,1.67,normal,0.83,3.0,6.2,0.4,0.2,0,2.33,0.84,0
V04418,tanker,136.3,21.7,9.3,97604,3629,2024-10-25 00:20:01.694103,2024-10-25 02:03:13.694103,2024-10-25 15:57:13.694103,13.9,1.72,normal,0.88,11.1,4.9,0.7,0.3,0,7.43,1.79,1
V02287,roro,179.0,28.9,7.4,83696,1634,2024-10-25 01:29:42.109212,2024-10-25 02:55:30.109212,2024-10-25 16:25:30.109212,13.5,1.43,low,0.61,14.3,10.5,1.7,0.1,0,6.05,1.55,1
V05883,container,340.7,56.1,10.4,277752,3652,2024-10-25 21:24:50.096670,2024-10-25 23:14:38.096670,2024-10-27 02:50:38.096670,27.6,1.83,normal,0.96,12.0,3.4,1.1,0.5,0,5.92,0.75,1
V02524,bulk,199.3,25.9,8.5,132113,868,2024-10-26 01:29:44.995721,2024-10-26 03:21:20.995721,2024-10-27 01:15:20.995721,21.9,1.86,normal,0.9,8.4,6.6,0.3,0.2,0,7.07,3.67,1
V02436,container,346.2,51.3,11.4,298759,919,2024-10-26 03:24:52.559031,2024-10-26 06:08:04.559031,2024-10-27 02:44:04.559031,20.6,2.72,normal,0.7,23.1,5.8,2.1,0.1,1,4.37,1.26,0
V03838,roro,240.6,35.5,9.6,166210,4174,2024-10-26 04:31:36.176988,2024-10-26 06:34:36.176988,2024-10-26 17:52:36.176988,11.3,2.05,low,0.71,30.7,11.9,3.4,1.0,1,2.9,1.67,0
V03709,roro,145.7,19.5,7.3,83066,3141,2024-10-26 07:43:20.773252,2024-10-26 10:02:32.773252,2024-10-26 20:08:32.773252,10.1,2.32,normal,0.7,23.8,8.1,2.6,1.5,1,2.96,4.8,0
V05329,tanker,296.3,46.5,11.8,249483,3089,2024-10-27 03:38:42.899183,2024-10-27 05:23:42.899183,2024-10-27 17:29:42.899183,12.1,1.75,normal,0.93,11.9,10.6,1.4,1.4,0,5.23,2.38,0
V01468,bulk,192.5,31.4,11.7,160112,1309,2024-10-27 08:34:51.256231,2024-10-27 10:32:27.256231,2024-10-28 15:56:27.256231,29.4,1.96,normal,0.68,16.7,9.1,2.3,0.0,0,3.02,0.24,0
V04580,container,232.1,31.9,15.0,240141,1912,2024-10-27 19:36:27.820146,2024-10-27 21:57:27.820146,2024-10-28 12:09:27.820146,14.2,2.35,high,0.67,24.5,9.9,2.6,0.2,1,2.04,5.24,0
V05582,bulk,231.9,33.7,11.9,176828,4527,2024-10-28 03:36:47.032717,2024-10-28 05:27:47.032717,2024-10-29 02:57:47.032717,21.5,1.85,normal,0.81,10.6,10.4,1.9,1.2,0,6.44,7.94,1
V01194,container,265.1,41.9,12.8,247617,1739,2024-10-28 03:39:55.473743,2024-10-28 05:14:43.473743,2024-10-29 02:26:43.473743,21.2,1.58,normal,0.67,8.8,5.2,1.5,0.7,0,6.37,4.05,1
V03546,tanker,286.8,40.5,12.5,226194,3879,2024-10-28 03:57:30.168297,2024-10-28 05:45:30.168297,2024-10-28 20:27:30.168297,14.7,1.8,normal,0.8,10.6,10.0,1.0,0.5,0,5.96,5.15,1
V01813,general,109.2,15.7,7.5,55690,2124,2024-10-28 09:24:32.827309,2024-10-28 11:04:08.827309,2024-10-28 23:22:08.827309,12.3,1.66,low,0.54,15.5,10.2,1.5,0.4,0,3.06,4.19,0
V01264,container,328.4,44.5,10.8,213563,2949,2024-10-28 13:17:24.029377,2024-10-28 14:30:36.029377,2024-10-29 08:06:36.029377,17.6,1.22,normal,0.73,18.8,4.9,2.2,0.4,0,7.86,0.72,1
V05079,tanker,167.5,27.7,9.5,98627,1180,2024-10-28 22:11:03.078575,2024-10-29 00:04:27.078575,2024-10-29 15:58:27.078575,15.9,1.89,normal,0.98,7.0,8.4,0.5,0.2,0,3.52,3.22,0
V03262,tanker,307.6,43.6,10.0,190990,1871,2024-10-29 04:59:52.487539,2024-10-29 08:37:04.487539,2024-10-30 05:43:04.487539,21.1,3.62,normal,0.76,29.8,8.2,3.7,0.0,1,5.61,1.69,1
V05568,roro,128.5,18.1,8.2,79886,4335,2024-10-29 07:58:27.345516,2024-10-29 09:18:15.345516,2024-10-30 07:36:15.345516,22.3,1.33,normal,0.82,14.2,8.4,1.2,0.1,0,2.11,2.13,0
V02368,container,365.4,58.2,13.6,376372,3224,2024-10-29 16:52:48.070866,2024-10-29 18:31:48.070866,2024-10-30 08:01:48.070866,13.5,1.65,low,1.0,12.3,8.4,0.9,0.1,0,6.35,0.58,1
V01388,roro,131.0,17.8,7.8,71730,2573,2024-10-29 19:11:12.947798,2024-10-29 20:18:24.947798,2024-10-30 05:36:24.947798,9.3,1.12,normal,0.7,0.0,4.7,0.0,0.1,0,3.06,3.84,0
V04144,bulk,103.9,13.8,11.2,86605,3657,2024-10-29 23:24:09.993766,2024-10-30 01:03:09.993766,2024-10-31 12:33:09.993766,35.5,1.65,normal,0.81,12.1,5.7,1.3,0.7,0,4.11,0.78,0
V05108,bulk,275.4,45.9,7.1,150623,1059,2024-10-30 02:34:54.916918,2024-10-30 05:48:06.916918,2024-10-30 23:36:06.916918,17.8,3.22,high,0.83,28.1,6.1,2.8,0.1,1,7.9,3.4,1
V04792,container,348.2,50.0,10.7,270156,4544,2024-10-30 12:33:02.620781,2024-10-30 14:00:38.620781,2024-10-31 19:24:38.620781,29.4,1.46,normal,0.76,11.3,7.7,1.3,0.6,0,5.23,1.87,0
V04292,tanker,129.6,19.1,10.0,102618,926,2024-10-30 20:43:49.075298,2024-10-30 23:43:13.075298,2024-10-31 15:31:13.075298,15.8,2.99,normal,0.83,21.4,10.8,2.3,0.7,1,2.35,5.25,0
V02569,container,313.8,49.8,10.9,251416,546,2024-10-31 02:30:02.924092,2024-10-31 03:48:02.924092,2024-11-02 03:30:02.924092,47.7,1.3,normal,0.82,10.0,6.4,1.2,0.1,0,7.28,0.03,1
V02887,bulk,220.6,36.7,11.5,174434,2122,2024-10-31 05:15:03.497907,2024-10-31 07:18:03.497907,2024-11-02 02:06:03.497907,42.8,2.05,low,0.92,2.4,6.1,0.3,0.6,0,7.32,2.96,1
V04582,container,194.4,29.0,9.0,108198,2106,2024-10-31 22:11:12.637923,2024-11-01 00:38:12.637923,2024-11-01 17:44:12.637923,17.1,2.45,normal,0.65,24.3,8.0,3.1,1.9,1,2.04,6.6,0
V03468,container,174.8,24.2,14.5,190052,1417,2024-10-31 23:30:56.774352,2024-11-01 01:08:08.774352,2024-11-01 18:14:08.774352,17.1,1.62,normal,0.76,10.4,9.9,1.0,0.2,0,2.39,8.54,0
V04309,bulk,249.3,33.4,12.7,223477,550,2024-11-01 03:53:29.973039,2024-11-01 05:58:17.973039,2024-11-01 22:28:17.973039,16.5,2.08,normal,0.8,12.6,9.3,1.5,0.2,0,7.75,3.23,1
V03804,bulk,216.4,34.3,7.4,114789,727,2024-11-01 22:40:44.617728,2024-11-02 00:12:32.617728,2024-11-02 19:18:32.617728,19.1,1.53,normal,0.99,12.4,8.6,1.2,1.6,0,2.15,5.9,0
V01901,container,286.9,41.8,12.8,284951,4909,2024-11-02 01:26:41.863373,2024-11-02 03:02:05.863373,2024-11-03 04:44:05.863373,25.7,1.59,high,0.7,0.0,7.3,0.3,0.4,0,3.6,3.06,0
V05449,container,297.8,47.7,9.8,194439,2429,2024-11-02 02:49:38.294776,2024-11-02 04:09:26.294776,2024-11-02 22:33:26.294776,18.4,1.33,normal,0.49,19.6,8.0,1.5,0.1,0,5.64,0.09,1
V02407,tanker,260.2,35.3,9.6,173080,4781,2024-11-02 04:40:59.048840,2024-11-02 08:16:59.048840,2024-11-02 22:04:59.048840,13.8,3.6,normal,1.0,24.0,7.0,2.9,0.1,1,7.75,7.78,1
V01423,bulk,165.4,27.7,10.6,134541,4980,2024-11-02 06:49:51.636929,2024-11-02 10:25:51.636929,2024-11-03 02:07:51.636929,15.7,3.6,high,0.77,26.4,8.4,2.4,0.2,1,7.34,1.63,1
V04005,container,305.9,42.0,14.4,285187,2420,2024-11-02 09:02:41.224712,2024-11-02 11:35:05.224712,2024-11-03 03:41:05.224712,16.1,2.54,normal,1.0,25.1,6.0,2.4,0.2,1,4.33,6.12,0
V05795,tanker,230.9,38.1,12.4,204129,2329,2024-11-02 10:22:34.218753,2024-11-02 12:54:22.218753,2024-11-03 07:06:22.218753,18.2,2.53,normal,0.76,26.8,10.7,3.0,0.2,1,2.65,1.6,0
V03270,bulk,170.0,27.6,9.7,129206,2110,2024-11-02 13:04:48.116719,2024-11-02 14:39:36.116719,2024-11-04 01:39:36.116719,35.0,1.58,normal,0.68,16.3,3.3,2.1,0.4,0,2.7,5.55,0
V04783,container,318.4,46.1,10.1,215364,2111,2024-11-02 15:17:03.684866,2024-11-02 16:53:03.684866,2024-11-04 04:23:03.684866,35.5,1.6,normal,0.77,14.1,7.5,1.8,1.1,0,5.73,7.85,1
V01673,container,185.8,24.4,14.7,217279,521,2024-11-02 17:40:19.227220,2024-11-02 19:25:19.227220,2024-11-03 09:31:19.227220,14.1,1.75,high,0.87,13.9,9.1,1.0,1.7,0,7.98,1.54,1
V04179,roro,179.7,27.5,9.0,112110,1185,2024-11-02 20:55:52.288795,2024-11-02 22:10:52.288795,2024-11-03 08:16:52.288795,10.1,1.25,normal,0.77,16.2,6.2,1.8,0.1,0,5.1,2.02,0
V02045,tanker,287.5,45.7,9.9,205958,912,2024-11-02 23:59:06.400132,2024-11-03 01:48:54.400132,2024-11-03 21:54:54.400132,20.1,1.83,normal,0.78,11.4,8.5,0.5,0.4,0,2.01,6.97,0
V04242,container,205.3,32.0,14.3,179305,3533,2024-11-03 04:21:20.261388,2024-11-03 06:51:56.261388,2024-11-03 21:09:56.261388,14.3,2.51,normal,0.78,23.5,5.1,2.2,0.6,1,6.66,2.49,1
V02159,general,217.6,31.6,8.5,121366,3485,2024-11-03 08:03:21.950938,2024-11-03 09:12:57.950938,2024-11-04 02:36:57.950938,17.4,1.16,normal,0.71,17.3,7.9,1.2,1.3,0,6.89,6.0,1
V03774,general,123.7,17.6,9.8,83476,3898,2024-11-03 08:58:39.865863,2024-11-03 09:50:15.865863,2024-11-03 18:50:15.865863,9.0,0.86,normal,0.71,7.5,5.9,0.5,0.1,0,5.64,1.23,1
V05477,bulk,273.9,42.3,8.6,177289,2397,2024-11-03 09:55:43.771617,2024-11-03 13:41:19.771617,2024-11-04 06:17:19.771617,16.6,3.76,normal,0.45,24.8,8.3,2.3,0.1,1,4.21,6.59,0
V03881,container,378.0,58.6,12.9,324201,1099,2024-11-03 10:10:28.740450,2024-11-03 13:12:52.740450,2024-11-04 07:30:52.740450,18.3,3.04,normal,0.82,30.9,3.7,2.9,1.6,1,3.85,2.23,0
V03339,bulk,100.7,13.1,12.6,92936,1953,2024-11-03 14:26:40.232035,2024-11-03 17:40:28.232035,2024-11-04 04:58:28.232035,11.3,3.23,low,0.51,37.1,4.5,3.9,0.3,1,3.34,3.95,0
V04336,general,108.3,18.0,6.0,44159,4088,2024-11-03 18:37:54.175862,2024-11-03 20:54:42.175862,2024-11-04 18:30:42.175862,21.6,2.28,normal,0.73,23.2,7.5,2.9,1.2,1,8.0,2.83,1
V04561,container,178.4,29.4,8.0,87655,986,2024-11-03 18:59:58.043947,2024-11-03 20:47:22.043947,2024-11-04 13:17:22.043947,16.5,1.79,normal,0.72,17.8,7.5,1.9,0.7,0,7.97,3.25,1
V02054,container,366.6,60.6,14.7,384094,3411,2024-11-03 20:18:57.177236,2024-11-03 23:01:33.177236,2024-11-04 19:37:33.177236,20.6,2.71,normal,0.58,20.6,7.7,2.0,0.7,1,7.05,1.92,1
V01544,container,266.7,40.1,10.3,166138,1909,2024-11-04 02:50:24.889538,2024-11-04 05:22:48.889538,2024-11-05 00:58:48.889538,19.6,2.54,normal,0.69,27.4,4.1,3.1,0.2,1,3.34,1.11,0
V02143,general,125.0,20.3,7.0,62915,2966,2024-11-04 05:43:06.657361,2024-11-04 06:53:54.657361,2024-11-04 17:53:54.657361,11.0,1.18,normal,0.98,17.5,9.2,1.0,0.4,0,7.29,6.06,1
V02364,container,305.3,41.8,12.0,224652,4096,2024-11-04 17:28:30.943582,2024-11-04 18:38:06.943582,2024-11-05 10:08:06.943582,15.5,1.16,normal,0.86,13.8,8.7,1.5,0.5,0,6.55,4.16,1
V05391,bulk,259.3,38.7,7.4,137644,1010,2024-11-05 02:57:04.143865,2024-11-05 06:00:04.143865,2024-11-05 13:42:04.143865,7.7,3.05,normal,0.86,25.5,5.8,2.3,0.1,1,2.58,4.43,0
V02765,tanker,272.2,36.9,12.0,229936,1637,2024-11-05 05:13:26.854928,2024-11-05 08:09:50.854928,2024-11-06 07:27:50.854928,23.3,2.94,low,0.5,21.8,5.0,2.6,0.4,1,5.64,2.53,1
V05551,general,206.6,31.1,6.4,100366,2867,2024-11-05 15:26:03.355800,2024-11-05 18:42:51.355800,2024-11-06 10:12:51.355800,15.5,3.28,normal,0.94,22.1,8.0,2.6,0.2,1,2.66,1.74,0
V01658,roro,156.3,25.7,9.0,87707,3603,2024-11-05 16:44:23.805979,2024-11-05 17:54:35.805979,2024-11-05 23:48:35.805979,5.9,1.17,low,0.59,13.7,6.1,1.1,0.7,0,4.31,2.96,0
V04848,container,251.6,37.4,14.5,254473,4741,2024-11-05 17:36:25.665666,2024-11-05 20:13:01.665666,2024-11-06 17:07:01.665666,20.9,2.61,normal,0.73,30.4,9.0,3.2,0.0,1,5.61,4.19,1
V03226,bulk,222.4,34.5,12.4,185443,4959,2024-11-05 23:18:27.887346,2024-11-06 01:21:27.887346,2024-11-07 02:21:27.887346,25.0,2.05,low,0.79,6.1,5.5,0.5,0.1,0,5.14,5.37,0
V03851,general,96.6,12.6,8.3,58259,2590,2024-11-06 00:07:54.117434,2024-11-06 02:49:54.117434,2024-11-06 12:49:54.117434,10.0,2.7,high,0.91,37.9,7.1,3.9,0.8,1,3.91,1.72,0
V05195,roro,225.2,31.6,6.2,87915,4671,2024-11-06 07:13:01.113307,2024-11-06 08:31:01.113307,2024-11-06 15:49:01.113307,7.3,1.3,normal,0.72,18.7,10.9,1.5,2.3,0,7.19,1.25,1
V01160,tanker,211.7,31.9,11.9,189384,1771,2024-11-06 18:04:01.209788,2024-11-06 19:37:01.209788,2024-11-07 22:55:01.209788,27.3,1.55,normal,0.75,14.7,10.4,1.0,0.4,0,5.1,1.9,0
V04575,tanker,143.2,19.0,12.6,126393,2871,2024-11-06 19:22:54.778500,2024-11-06 20:52:18.778500,2024-11-07 22:10:18.778500,25.3,1.49,high,0.78,19.9,9.2,2.1,0.0,0,6.93,0.8,1
V04604,tanker,210.5,30.2,10.4,143516,657,2024-11-06 22:46:46.847162,2024-11-07 00:46:46.847162,2024-11-08 03:28:46.847162,26.7,2.0,high,0.51,12.9,9.1,1.4,1.4,0,6.98,2.74,1
V04960,roro,237.1,32.5,10.6,195836,1455,2024-11-07 03:03:01.034894,2024-11-07 04:45:01.034894,2024-11-07 15:21:01.034894,10.6,1.7,normal,0.97,26.8,6.5,2.9,0.3,1,2.02,5.94,0
V05743,bulk,118.6,19.7,12.1,107054,3334,2024-11-07 05:07:19.072280,2024-11-07 07:23:31.072280,2024-11-08 14:41:31.072280,31.3,2.27,normal,0.97,18.5,8.9,1.8,0.9,0,3.19,1.43,0
V01159,tanker,195.0,27.3,12.9,179309,2114,2024-11-07 06:24:12.468697,2024-11-07 07:40:24.468697,2024-11-08 04:52:24.468697,21.2,1.27,high,0.69,7.3,9.1,0.7,0.1,0,5.01,4.37,0
V05015,tanker,191.5,27.0,13.2,166372,627,2024-11-08 01:53:43.462876,2024-11-08 03:48:55.462876,2024-11-09 13:06:55.462876,33.3,1.92,normal,0.61,10.2,5.8,0.5,0.2,0,3.69,3.69,0
V04621,container,153.3,25.1,11.5,114515,3620,2024-11-08 03:51:58.611360,2024-11-08 05:22:34.611360,2024-11-09 05:10:34.611360,23.8,1.51,normal,0.77,2.6,8.4,0.0,0.2,0,2.02,5.67,0
V02456,tanker,278.5,36.9,12.8,228376,2711,2024-11-08 11:11:52.814459,2024-11-08 12:41:16.814459,2024-11-09 01:05:16.814459,12.4,1.49,normal,0.58,2.8,7.3,0.3,1.1,0,7.69,3.14,1
V03414,general,101.3,14.6,5.8,38354,2477,2024-11-08 11:55:58.746702,2024-11-08 14:16:22.746702,2024-11-08 22:46:22.746702,8.5,2.34,normal,0.82,33.2,9.9,3.2,0.0,1,7.03,4.32,1
V01332,bulk,226.3,30.6,10.3,157373,946,2024-11-08 17:29:53.886973,2024-11-08 21:04:05.886973,2024-11-09 13:46:05.886973,16.7,3.57,normal,0.73,33.9,6.2,3.6,0.1,1,2.38,4.12,0
V02753,bulk,189.9,25.4,8.5,114545,1917,2024-11-09 00:16:09.588838,2024-11-09 01:51:33.588838,2024-11-11 05:27:33.588838,51.6,1.59,normal,0.9,5.4,7.8,0.8,1.1,0,7.1,4.75,1
V02117,tanker,247.2,42.0,9.6,179068,4447,2024-11-09 07:42:16.231033,2024-11-09 10:56:40.231033,2024-11-09 17:44:40.231033,6.8,3.24,normal,0.62,17.5,2.3,1.5,0.4,1,4.55,4.87,0
V02770,bulk,206.0,32.7,11.8,175971,2376,2024-11-09 11:13:15.241448,2024-11-09 13:15:39.241448,2024-11-10 13:27:39.241448,24.2,2.04,normal,0.82,16.0,8.3,1.7,1.0,0,7.99,3.67,1
V03148,general,113.7,15.1,7.4,66525,3077,2024-11-09 11:42:40.482319,2024-11-09 13:06:04.482319,2024-11-09 23:12:04.482319,10.1,1.39,high,0.75,9.0,7.7,0.6,0.3,0,7.86,3.67,1
V02883,bulk,136.5,20.7,7.6,70029,1366,2024-11-09 12:55:53.500365,2024-11-09 14:48:41.500365,2024-11-11 00:42:41.500365,33.9,1.88,normal,0.67,17.5,6.7,1.4,0.5,0,6.8,4.19,1
V04954,general,194.7,28.5,6.3,92249,1032,2024-11-09 16:51:01.664144,2024-11-09 18:13:49.664144,2024-11-10 07:07:49.664144,12.9,1.38,normal,0.92,19.3,5.7,2.5,0.1,0,2.08,3.26,0
V03113,container,375.1,56.6,8.2,232156,4057,2024-11-09 18:09:02.266674,2024-11-09 19:38:26.266674,2024-11-10 09:44:26.266674,14.1,1.49,normal,0.68,18.7,11.0,2.4,0.6,0,2.27,4.72,0
V02797,container,262.1,43.5,10.8,173911,3048,2024-11-09 18:55:44.329626,2024-11-09 20:41:20.329626,2024-11-10 06:17:20.329626,9.6,1.76,normal,0.7,9.8,10.6,0.5,0.3,0,2.97,5.49,0
V05938,roro,164.2,22.4,9.6,96966,4195,2024-11-09 22:11:08.153847,2024-11-09 23:30:20.153847,2024-11-10 12:06:20.153847,12.6,1.32,high,0.65,19.2,7.1,2.5,0.2,0,7.36,2.23,1
V05487,tanker,270.4,37.3,9.5,195737,3055,2024-11-09 23:08:04.667136,2024-11-10 00:51:16.667136,2024-11-10 16:39:16.667136,15.8,1.72,low,0.82,17.7,6.5,1.4,0.4,0,7.95,5.38,1
V05788,bulk,100.0,16.6,9.9,72567,3665,2024-11-09 23:38:47.094549,2024-11-10 01:32:11.094549,2024-11-11 03:56:11.094549,26.4,1.89,normal,0.85,9.1,8.1,0.8,0.2,0,7.99,3.23,1
V03317,container,217.9,30.5,8.3,123669,2163,2024-11-10 03:33:13.290993,2024-11-10 05:50:37.290993,2024-11-11 02:14:37.290993,20.4,2.29,normal,0.89,25.0,6.2,2.2,0.3,1,3.61,0.12,0
V05638,general,112.1,16.4,6.8,54676,3213,2024-11-10 05:02:04.085568,2024-11-10 06:17:40.085568,2024-11-10 22:59:40.085568,16.7,1.26,normal,0.72,19.9,7.1,2.0,0.3,0,2.17,1.12,0
V05096,bulk,249.5,39.7,8.4,135479,3370,2024-11-10 05:47:18.721102,2024-11-10 07:37:06.721102,2024-11-12 01:19:06.721102,41.7,1.83,normal,0.6,14.8,8.0,1.1,0.3,0,2.0,1.27,0
V02941,bulk,195.0,32.3,11.2,152605,990,2024-11-10 07:12:53.630902,2024-11-10 10:34:29.630902,2024-11-11 07:58:29.630902,21.4,3.36,normal,0.85,23.5,3.4,2.5,0.3,1,2.84,0.22,0
V05896,container,312.9,41.1,9.3,194082,3082,2024-11-10 08:20:39.362288,2024-11-10 09:31:27.362288,2024-11-11 00:01:27.362288,14.5,1.18,normal,0.52,18.0,6.9,1.8,1.7,0,4.31,0.53,0
V05994,roro,125.0,20.2,8.7,66441,1056,2024-11-10 11:46:10.476212,2024-11-10 13:04:10.476212,2024-11-10 21:22:10.476212,8.3,1.3,normal,0.87,17.4,9.1,1.9,0.7,0,7.99,0.75,1
V04818,tanker,323.7,44.0,11.9,260734,4065,2024-11-10 15:19:19.528003,2024-11-10 16:53:31.528003,2024-11-11 06:53:31.528003,14.0,1.57,normal,0.94,15.6,7.2,1.6,0.5,0,4.51,3.72,0
V01671,bulk,282.8,46.3,12.8,239616,1383,2024-11-10 15:32:07.196108,2024-11-10 17:15:55.196108,2024-11-12 03:27:55.196108,34.2,1.73,normal,0.71,1.2,11.7,0.0,1.3,0,4.2,1.73,0
V02818,container,220.1,32.1,8.3,140106,4621,2024-11-10 16:53:42.882241,2024-11-10 18:07:30.882241,2024-11-11 07:13:30.882241,13.1,1.23,normal,0.84,9.9,6.3,1.3,1.0,0,2.54,1.32,0
V04286,general,177.2,24.2,9.6,114858,4293,2024-11-10 22:23:31.980936,2024-11-11 00:40:19.980936,2024-11-11 12:34:19.980936,11.9,2.28,normal,0.71,29.8,5.8,3.3,0.1,1,6.7,0.83,1
V02588,container,151.4,22.8,12.2,128470,778,2024-11-10 23:40:23.656938,2024-11-11 01:00:47.656938,2024-11-11 09:48:47.656938,8.8,1.34,normal,0.59,13.9,5.8,1.0,0.2,0,7.85,3.24,1
V05672,container,239.0,38.8,10.3,172397,1261,2024-11-11 00:04:30.972797,2024-11-11 01:29:42.972797,2024-11-11 10:59:42.972797,9.5,1.42,normal,0.67,17.4,7.7,1.5,0.3,0,7.98,3.74,1
V03515,tanker,135.2,20.5,12.5,120753,4973,2024-11-11 04:59:18.501271,2024-11-11 08:22:06.501271,2024-11-12 15:22:06.501271,31.0,3.38,normal,0.47,20.4,5.7,1.7,0.4,1,2.84,4.33,0
V04534,roro,128.6,20.9,8.7,85528,3582,2024-11-11 10:56:46.749322,2024-11-11 12:15:58.749322,2024-11-11 16:03:58.749322,3.8,1.32,normal,0.79,11.2,6.4,1.5,0.3,0,6.89,0.48,1
V03026,container,333.6,49.0,9.4,218908,2753,2024-11-11 13:43:42.601951,2024-11-11 17:21:30.601951,2024-11-12 03:03:30.601951,9.7,3.63,low,0.86,17.7,2.4,1.9,0.1,1,7.6,5.54,1
V02724,container,328.5,52.7,8.2,212153,2252,2024-11-12 07:20:43.067539,2024-11-12 08:50:07.067539,2024-11-12 22:02:07.067539,13.2,1.49,normal,0.59,11.2,5.0,0.7,0.7,0,2.0,0.73,0
V03675,general,185.6,30.6,8.5,116242,1349,2024-11-12 17:28:59.300443,2024-11-12 18:43:23.300443,2024-11-13 10:25:23.300443,15.7,1.24,normal,0.74,18.8,12.0,1.9,2.4,0,3.7,3.1,0
V05414,container,361.6,48.5,11.9,271328,3602,2024-11-13 10:14:42.554351,2024-11-13 12:01:30.554351,2024-11-13 23:25:30.554351,11.4,1.78,normal,0.84,20.0,13.8,1.6,1.2,0,3.6,2.11,0
V03301,roro,147.5,22.5,8.5,89754,2184,2024-11-13 10:53:28.046522,2024-11-13 12:19:52.046522,2024-11-14 04:55:52.046522,16.6,1.44,high,0.4,13.9,7.2,1.9,0.6,0,4.53,0.12,0
V02461,bulk,235.4,39.5,10.1,161609,1534,2024-11-13 11:03:00.503499,2024-11-13 14:36:00.503499,2024-11-15 10:30:00.503499,43.9,3.55,low,0.98,24.0,6.7,1.8,0.4,1,4.77,4.54,0
V01148,bulk,186.5,25.8,9.7,121883,2164,2024-11-13 16:41:56.943337,2024-11-13 18:37:44.943337,2024-11-15 09:55:44.943337,39.3,1.93,normal,0.74,14.4,6.8,1.8,0.6,0,6.04,4.94,1
V05013,container,302.5,44.8,12.6,266068,2554,2024-11-13 17:16:57.361514,2024-11-13 18:38:33.361514,2024-11-14 03:50:33.361514,9.2,1.36,normal,0.53,7.5,7.7,0.6,1.0,0,5.18,3.1,0
V02789,container,242.3,38.2,9.1,135771,2961,2024-11-14 10:10:02.071791,2024-11-14 11:28:38.071791,2024-11-15 03:58:38.071791,16.5,1.31,normal,0.96,12.2,8.2,1.4,0.1,0,2.6,4.37,0
V04570,bulk,203.7,33.3,9.3,124563,562,2024-11-14 11:51:10.272732,2024-11-14 13:24:10.272732,2024-11-15 22:30:10.272732,33.1,1.55,normal,0.97,17.0,5.7,1.6,0.8,0,4.78,2.12,0
V02501,container,260.3,40.3,8.4,156616,1419,2024-11-14 12:08:11.246506,2024-11-14 13:24:59.246506,2024-11-15 06:00:59.246506,16.6,1.28,normal,0.98,12.1,8.1,1.5,0.2,0,5.21,0.28,0
V01173,bulk,268.0,42.0,8.1,172666,959,2024-11-14 13:13:44.675050,2024-11-14 15:07:08.675050,2024-11-15 03:37:08.675050,12.5,1.89,normal,0.68,16.8,7.3,1.7,0.1,0,6.75,0.21,1
V01234,tanker,228.0,34.6,9.4,144879,3232,2024-11-14 14:33:34.790557,2024-11-14 16:03:34.790557,2024-11-15 03:33:34.790557,11.5,1.5,normal,0.38,12.2,7.0,1.6,0.1,0,7.89,1.88,1
V01153,roro,217.8,33.1,11.0,189880,840,2024-11-14 18:42:57.491892,2024-11-14 19:58:33.491892,2024-11-15 05:46:33.491892,9.8,1.26,normal,0.58,6.9,6.4,0.4,0.1,0,4.22,3.49,0
V02781,tanker,130.5,17.8,13.9,134888,2896,2024-11-14 18:58:23.757361,2024-11-14 20:22:59.757361,2024-11-15 08:16:59.757361,11.9,1.41,normal,0.33,10.0,6.5,1.0,0.1,0,3.85,1.8,0
V02728,container,344.7,56.0,10.3,273782,1722,2024-11-14 20:22:29.789218,2024-11-14 21:47:05.789218,2024-11-16 07:35:05.789218,33.8,1.41,normal,0.81,11.9,8.1,1.1,0.1,0,2.32,2.31,0
V01387,bulk,116.6,16.7,10.7,96215,2456,2024-11-14 23:41:50.652171,2024-11-15 01:44:14.652171,2024-11-15 16:14:14.652171,14.5,2.04,normal,0.69,12.8,6.6,1.0,0.9,0,3.95,0.95,0
V03825,general,144.7,22.2,6.6,68918,3087,2024-11-15 01:42:20.197907,2024-11-15 04:21:20.197907,2024-11-15 18:21:20.197907,14.0,2.65,normal,0.88,25.3,9.7,2.4,0.1,1,6.84,2.12,1
V04207,tanker,244.2,33.2,10.1,177941,1503,2024-11-15 03:19:52.525062,2024-11-15 05:07:52.525062,2024-11-15 20:01:52.525062,14.9,1.8,normal,0.86,11.8,8.3,1.3,0.2,0,7.99,4.2,1
V01730,tanker,297.9,43.7,11.7,277244,3120,2024-11-16 02:42:22.464610,2024-11-16 05:26:46.464610,2024-11-17 06:14:46.464610,24.8,2.74,normal,0.54,32.5,6.5,3.0,0.2,1,7.07,3.85,1
V05729,general,111.7,18.1,6.3,48501,1840,2024-11-16 03:27:42.803571,2024-11-16 06:25:54.803571,2024-11-16 19:13:54.803571,12.8,2.97,normal,0.79,22.1,4.2,2.6,1.4,1,7.73,3.37,1
V03316,tanker,203.8,28.4,10.4,156030,4531,2024-11-16 18:57:07.170377,2024-11-16 22:13:19.170377,2024-11-18 00:19:19.170377,26.1,3.27,normal,0.62,21.0,6.1,1.7,0.9,1,6.25,1.47,1
V03250,container,186.9,30.9,11.4,162546,4840,2024-11-17 05:39:10.547019,2024-11-17 08:26:34.547019,2024-11-17 18:38:34.547019,10.2,2.79,normal,0.89,22.5,8.7,2.2,0.2,1,7.88,2.79,1
V02935,tanker,215.9,28.3,13.2,178346,4305,2024-11-17 19:41:24.213324,2024-11-17 21:39:36.213324,2024-11-18 15:03:36.213324,17.4,1.97,normal,0.66,12.4,10.8,0.8,1.3,0,6.33,1.29,1
V05669,tanker,124.3,18.3,11.2,109569,3855,2024-11-17 19:56:46.457746,2024-11-17 23:07:34.457746,2024-11-18 15:37:34.457746,16.5,3.18,normal,0.77,21.1,11.0,2.7,0.6,1,5.98,6.07,1
V04868,bulk,189.3,30.9,9.1,115509,2103,2024-11-17 20:12:27.756956,2024-11-17 22:03:27.756956,2024-11-18 22:39:27.756956,24.6,1.85,normal,1.0,8.5,7.6,1.4,0.9,0,5.59,4.46,1
V03422,tanker,191.3,28.5,10.6,132184,2194,2024-11-17 20:32:53.025928,2024-11-17 22:38:53.025928,2024-11-18 19:38:53.025928,21.0,2.1,normal,0.83,17.9,10.0,2.1,0.3,0,5.08,1.95,0
V01156,container,368.8,58.4,15.0,440474,3063,2024-11-17 21:16:36.899353,2024-11-17 22:49:00.899353,2024-11-18 14:01:00.899353,15.2,1.54,normal,0.75,4.1,6.2,0.5,0.6,0,3.99,2.83,0
V03338,bulk,101.5,13.2,9.3,61127,2546,2024-11-18 00:35:35.618663,2024-11-18 02:07:23.618663,2024-11-19 01:37:23.618663,23.5,1.53,low,0.65,16.8,7.9,2.1,0.7,0,2.3,1.41,0
V05135,container,366.8,58.8,9.6,259261,735,2024-11-18 05:09:27.925307,2024-11-18 08:16:39.925307,2024-11-19 00:28:39.925307,16.2,3.12,high,0.68,21.0,8.2,2.3,1.6,1,7.79,1.57,1
V01803,tanker,327.4,48.6,10.9,237286,1323,2024-11-18 22:17:43.292050,2024-11-18 23:42:55.292050,2024-11-19 12:48:55.292050,13.1,1.42,normal,0.62,15.0,5.3,1.4,0.1,0,3.69,0.38,0
V03269,roro,219.6,32.1,6.3,102268,633,2024-11-19 17:24:10.276486,2024-11-19 19:35:34.276486,2024-11-20 23:29:34.276486,27.9,2.19,normal,0.69,20.3,7.0,1.9,0.1,1,6.96,6.13,1
V05631,tanker,183.7,26.0,12.7,163488,617,2024-11-19 19:01:24.324568,2024-11-19 20:48:12.324568,2024-11-20 11:54:12.324568,15.1,1.78,normal,0.77,15.6,8.0,1.5,1.0,0,8.0,0.97,1
V04011,container,158.2,25.0,14.7,148309,2137,2024-11-19 21:22:40.691633,2024-11-20 00:10:40.691633,2024-11-20 21:52:40.691633,21.7,2.8,normal,0.78,32.2,7.7,3.0,1.1,1,6.21,8.09,1
V02343,container,360.1,52.3,11.0,255992,3361,2024-11-20 00:19:43.522623,2024-11-20 02:16:07.522623,2024-11-20 17:40:07.522623,15.4,1.94,normal,0.67,14.3,11.5,1.1,0.0,0,2.36,2.54,0
V03775,roro,115.9,19.2,10.5,88457,2884,2024-11-20 01:25:04.596882,2024-11-20 02:43:04.596882,2024-11-20 10:43:04.596882,8.0,1.3,low,0.81,13.9,7.0,1.7,0.6,0,2.01,0.59,0
V03773,container,174.1,25.9,10.8,120333,872,2024-11-20 04:49:25.709084,2024-11-20 07:29:01.709084,2024-11-21 07:23:01.709084,23.9,2.66,normal,0.65,26.8,7.5,3.2,0.3,1,5.64,2.57,1
V05244,general,137.7,23.4,9.5,86553,4516,2024-11-20 13:40:56.262549,2024-11-20 15:07:56.262549,2024-11-21 02:55:56.262549,11.8,1.45,normal,0.58,8.8,11.0,1.0,1.4,0,2.0,6.76,0
V03863,container,359.9,59.1,14.3,347656,2709,2024-11-20 13:59:26.482255,2024-11-20 16:36:38.482255,2024-11-21 03:00:38.482255,10.4,2.62,normal,0.76,21.6,7.4,2.0,0.4,1,2.03,4.16,0
V03520,container,229.5,32.7,11.3,171669,1293,2024-11-21 03:13:27.074163,2024-11-21 04:48:51.074163,2024-11-21 23:12:51.074163,18.4,1.59,low,0.6,4.5,5.6,0.4,2.1,0,2.47,0.2,0
V01927,roro,150.4,22.8,9.2,105591,3324,2024-11-21 05:41:55.396827,2024-11-21 06:54:31.396827,2024-11-21 15:30:31.396827,8.6,1.21,normal,0.6,17.5,11.0,2.0,1.4,0,5.75,1.9,1
V05002,general,149.9,22.0,9.4,102584,1307,2024-11-21 09:25:38.062333,2024-11-21 12:22:38.062333,2024-11-21 20:52:38.062333,8.5,2.95,normal,0.98,24.2,6.7,2.3,0.3,1,7.52,4.36,1
V04143,container,172.2,24.9,12.4,139778,4971,2024-11-22 01:13:12.335466,2024-11-22 02:34:48.335466,2024-11-22 14:04:48.335466,11.5,1.36,normal,0.68,16.2,10.9,1.3,0.0,0,3.02,2.99,0
V04159,general,135.6,18.4,7.2,64516,2504,2024-11-22 01:15:28.627953,2024-11-22 02:53:52.627953,2024-11-23 02:41:52.627953,23.8,1.64,normal,0.58,19.8,7.2,2.1,0.0,0,2.98,6.53,0
V03195,bulk,100.3,15.4,12.0,76274,636,2024-11-22 07:55:34.794488,2024-11-22 11:35:46.794488,2024-11-23 05:35:46.794488,18.0,3.67,normal,0.55,20.2,7.2,1.9,1.6,1,7.48,5.43,1
V01900,general,202.6,28.5,5.9,73547,4003,2024-11-22 07:56:11.124323,2024-11-22 09:07:35.124323,2024-11-22 23:43:35.124323,14.6,1.19,normal,0.82,11.0,6.0,1.3,2.8,0,7.49,3.7,1
V02961,roro,242.9,38.8,9.6,175318,4382,2024-11-22 10:34:48.358297,2024-11-22 12:09:00.358297,2024-11-22 20:39:00.358297,8.5,1.57,normal,0.73,16.4,8.8,1.5,0.3,0,7.2,5.15,1
V05843,container,340.2,46.6,14.4,294888,4434,2024-11-22 10:48:07.220073,2024-11-22 12:15:43.220073,2024-11-23 09:15:43.220073,21.0,1.46,normal,0.53,12.3,8.5,1.6,1.1,0,6.95,7.17,1
V03389,general,102.6,13.7,6.4,41180,1628,2024-11-22 13:43:14.948629,2024-11-22 14:55:50.948629,2024-11-23 02:55:50.948629,12.0,1.21,normal,0.59,12.2,6.4,1.1,0.2,0,2.91,4.53,0
V04497,general,127.6,21.0,9.2,93203,557,2024-11-22 15:31:53.393081,2024-11-22 17:12:41.393081,2024-11-23 15:00:41.393081,21.8,1.68,normal,0.76,0.0,9.2,0.0,1.5,0,2.02,2.43,0
V05835,roro,100.3,15.2,9.4,65246,1740,2024-11-22 21:14:23.764611,2024-11-22 22:21:35.764611,2024-11-23 04:33:35.764611,6.2,1.12,normal,0.82,0.0,8.6,0.2,0.3,0,7.97,7.91,1
V04256,bulk,108.7,14.3,10.8,74936,718,2024-11-23 00:28:14.864488,2024-11-23 02:36:38.864488,2024-11-24 05:18:38.864488,26.7,2.14,high,1.0,15.0,5.9,1.3,1.4,0,5.2,1.47,0
V04862,general,164.2,21.4,9.0,91962,1816,2024-11-23 02:02:24.677526,2024-11-23 03:18:36.677526,2024-11-23 22:54:36.677526,19.6,1.27,normal,0.64,19.5,6.6,2.4,1.1,0,3.0,4.1,0
V01385,container,336.6,46.6,9.4,232626,2323,2024-11-23 12:26:50.155005,2024-11-23 14:59:14.155005,2024-11-24 09:05:14.155005,18.1,2.54,normal,0.55,23.7,7.6,2.1,1.4,1,5.83,1.36,1
V01094,bulk,162.4,24.0,10.0,100872,3384,2024-11-23 13:48:23.022384,2024-11-23 15:42:59.022384,2024-11-24 21:30:59.022384,29.8,1.91,high,0.97,6.7,5.7,0.6,0.0,0,3.81,1.87,0
V01547,general,108.6,14.7,5.9,40218,3867,2024-11-23 23:09:30.573546,2024-11-24 02:10:42.573546,2024-11-24 18:40:42.573546,16.5,3.02,high,0.9,28.9,7.3,3.2,0.8,1,7.72,0.18,1
V04259,general,130.9,17.3,8.0,72318,3238,2024-11-23 23:31:44.176618,2024-11-24 02:03:32.176618,2024-11-24 09:15:32.176618,7.2,2.53,high,0.68,21.3,8.2,2.3,0.2,1,7.44,1.66,1
V05558,tanker,238.5,31.1,12.9,201980,4941,2024-11-24 05:52:21.578763,2024-11-24 07:03:09.578763,2024-11-25 02:09:09.578763,19.1,1.18,normal,0.77,17.6,6.3,1.5,1.6,0,2.7,1.06,0
V04265,tanker,156.4,20.6,12.1,120644,3347,2024-11-24 21:55:30.245205,2024-11-24 23:40:30.245205,2024-11-25 18:40:30.245205,19.0,1.75,normal,0.94,3.6,5.7,0.6,0.6,0,7.48,5.09,1
V02513,container,199.1,31.2,11.8,175033,3894,2024-11-24 23:52:13.282061,2024-11-25 01:25:13.282061,2024-11-25 13:31:13.282061,12.1,1.55,high,0.64,16.2,6.7,1.9,0.9,0,7.77,2.66,1
V01118,bulk,296.8,46.1,11.0,206724,4469,2024-11-25 00:05:14.816440,2024-11-25 01:49:02.816440,2024-11-25 16:43:02.816440,14.9,1.73,high,0.8,15.0,7.7,1.7,0.4,0,7.63,1.39,1
V03315,tanker,141.7,21.8,11.9,127789,717,2024-11-25 06:07:28.108776,2024-11-25 09:13:28.108776,2024-11-26 05:31:28.108776,20.3,3.1,low,0.68,23.5,7.5,2.3,2.8,1,2.26,4.52,0
V05243,general,81.0,12.0,6.1,36625,2999,2024-11-25 06:29:05.889811,2024-11-25 07:57:17.889811,2024-11-25 18:33:17.889811,10.6,1.47,normal,0.47,18.4,7.0,2.2,1.1,0,2.52,6.48,0
V04485,bulk,222.1,31.8,11.4,200974,1185,2024-11-25 11:51:15.007602,2024-11-25 13:41:39.007602,2024-11-26 06:53:39.007602,17.2,1.84,low,0.49,7.8,7.3,0.5,0.9,0,7.95,2.25,1
V04750,general,201.9,31.8,7.4,102061,2121,2024-11-26 00:32:09.703290,2024-11-26 02:15:21.703290,2024-11-26 22:21:21.703290,20.1,1.72,normal,0.73,20.9,5.7,1.9,1.0,1,7.85,0.8,1
V02327,general,111.4,14.9,6.5,52779,1313,2024-11-26 06:45:16.961087,2024-11-26 08:27:16.961087,2024-11-27 01:27:16.961087,17.0,1.7,high,0.57,21.0,7.0,2.5,0.2,1,2.16,0.5,0
V03906,container,155.6,24.7,11.7,135316,2027,2024-11-26 06:47:03.957032,2024-11-26 10:05:03.957032,2024-11-27 09:23:03.957032,23.3,3.3,normal,0.72,20.8,4.5,2.1,0.6,1,2.18,6.83,0
V01687,general,205.8,34.9,6.7,85567,738,2024-11-26 15:10:15.842248,2024-11-26 18:07:15.842248,2024-11-27 01:55:15.842248,7.8,2.95,normal,0.84,26.0,9.0,2.7,0.9,1,5.35,0.68,0
V02194,roro,176.8,25.8,10.5,119939,1547,2024-11-26 21:59:09.904484,2024-11-27 00:30:21.904484,2024-11-27 10:36:21.904484,10.1,2.52,low,0.65,34.0,10.2,3.4,0.0,1,5.58,4.64,1
V01789,tanker,271.0,45.8,11.8,235925,4528,2024-11-26 22:44:13.652725,2024-11-27 02:09:25.652725,2024-11-27 11:45:25.652725,9.6,3.42,normal,0.51,25.5,9.4,2.3,0.2,1,6.63,3.79,1
V01239,bulk,112.4,16.9,9.0,63972,3461,2024-11-27 09:46:38.016582,2024-11-27 11:31:02.016582,2024-11-28 03:43:02.016582,16.2,1.74,normal,0.64,7.8,4.2,1.1,0.1,0,4.66,6.91,0
V02785,container,322.2,43.1,14.5,319000,4637,2024-11-27 11:03:04.492675,2024-11-27 12:16:52.492675,2024-11-28 08:28:52.492675,20.2,1.23,normal,0.36,9.5,7.7,0.7,0.4,0,6.52,1.68,1
V01611,container,323.3,46.8,11.7,231938,3300,2024-11-27 15:09:25.318638,2024-11-27 16:32:49.318638,2024-11-28 10:38:49.318638,18.1,1.39,normal,0.65,4.0,8.9,0.0,1.4,0,6.51,2.58,1
V03729,general,159.4,23.0,9.0,102881,2315,2024-11-27 19:39:57.855533,2024-11-27 21:32:45.855533,2024-11-28 18:50:45.855533,21.3,1.88,normal,0.69,26.9,5.8,2.3,0.2,1,2.05,0.75,0
V01076,bulk,147.2,20.1,7.4,76680,2017,2024-11-27 22:53:49.432791,2024-11-28 01:27:25.432791,2024-11-28 23:03:25.432791,21.6,2.56,high,0.7,26.9,8.9,2.6,0.7,1,5.75,4.69,1
V03840,tanker,282.2,42.7,10.5,196367,1669,2024-11-28 03:14:44.328814,2024-11-28 04:42:20.328814,2024-11-29 03:12:20.328814,22.5,1.46,normal,0.97,17.2,6.2,1.7,0.2,0,6.9,2.04,1
V04128,tanker,161.5,27.1,10.4,108199,2484,2024-11-28 14:45:36.975967,2024-11-28 16:07:12.975967,2024-11-29 10:55:12.975967,18.8,1.36,normal,0.93,0.0,9.1,0.0,0.2,0,7.72,6.73,1
V05654,tanker,276.9,42.3,12.0,203673,1198,2024-11-28 20:33:27.430589,2024-11-28 22:00:27.430589,2024-11-30 10:48:27.430589,36.8,1.45,normal,0.92,7.2,7.8,0.9,0.0,0,2.08,4.43,0
V05390,general,162.8,26.7,5.0,61076,4804,2024-11-28 21:32:02.021314,2024-11-28 23:05:38.021314,2024-11-29 21:23:38.021314,22.3,1.56,normal,0.74,17.5,7.4,1.6,1.2,0,2.76,2.24,0
V05725,bulk,118.3,18.1,10.5,75493,549,2024-11-29 14:50:27.825998,2024-11-29 16:28:15.825998,2024-11-30 20:46:15.825998,28.3,1.63,normal,0.79,19.4,4.4,2.2,0.0,0,7.99,0.01,1
V05057,container,376.5,62.0,13.9,402173,4378,2024-11-30 00:38:37.736362,2024-11-30 03:43:25.736362,2024-12-01 07:31:25.736362,27.8,3.08,normal,0.94,22.6,7.5,2.6,0.3,1,5.96,3.24,1
V02090,container,267.6,44.8,9.7,206698,4166,2024-11-30 04:08:26.111397,2024-11-30 05:34:50.111397,2024-11-30 18:16:50.111397,12.7,1.44,low,0.61,3.7,8.5,0.9,1.5,0,7.59,6.97,1
V02413,container,244.4,34.1,8.7,143599,2933,2024-11-30 07:53:59.246525,2024-11-30 09:22:47.246525,2024-11-30 22:22:47.246525,13.0,1.48,normal,0.78,11.1,6.1,1.2,0.9,0,2.72,2.74,0
V03511,container,244.0,41.3,12.5,201536,2286,2024-11-30 08:38:15.325512,2024-11-30 10:11:51.325512,2024-12-01 22:05:51.325512,35.9,1.56,normal,0.74,3.8,7.1,0.2,1.0,0,2.17,0.25,0
V03817,bulk,251.6,38.1,9.0,136174,2340,2024-11-30 09:36:16.267885,2024-11-30 12:50:40.267885,2024-12-01 10:26:40.267885,21.6,3.24,normal,0.8,23.0,13.3,2.7,0.3,1,2.04,2.47,0
V05951,container,301.1,47.8,9.0,215508,4933,2024-11-30 13:28:06.944918,2024-11-30 14:50:18.944918,2024-12-01 07:38:18.944918,16.8,1.37,normal,0.93,19.7,6.7,2.3,0.7,0,6.55,1.59,1
V02520,container,240.8,34.2,12.7,199822,4162,2024-11-30 16:52:35.435960,2024-11-30 20:27:23.435960,2024-12-01 02:39:23.435960,6.2,3.58,normal,0.92,25.8,3.5,2.8,0.4,1,7.3,2.13,1
V04558,roro,221.5,37.4,10.2,137380,1266,2024-12-01 10:19:54.852581,2024-12-01 11:37:18.852581,2024-12-01 21:37:18.852581,10.0,1.29,low,0.8,15.7,7.0,1.8,1.3,0,2.02,1.57,0
V03710,tanker,197.7,31.1,11.2,148846,4220,2024-12-01 20:43:16.539772,2024-12-01 22:30:40.539772,2024-12-02 12:54:40.539772,14.4,1.79,normal,0.72,17.2,6.0,1.8,3.0,0,3.14,1.46,0
V05861,container,233.8,36.4,13.1,234292,2061,2024-12-02 16:20:18.086708,2024-12-02 19:07:42.086708,2024-12-03 15:19:42.086708,20.2,2.79,normal,0.67,27.2,3.4,3.2,0.3,1,7.78,1.61,1
V04921,container,356.6,60.4,13.2,291238,2276,2024-12-02 23:02:33.549611,2024-12-03 01:43:57.549611,2024-12-03 13:43:57.549611,12.0,2.69,normal,0.58,37.3,6.3,3.5,1.7,1,2.03,4.95,0
V05693,container,376.8,58.3,13.7,317533,1667,2024-12-03 02:21:04.198923,2024-12-03 05:24:04.198923,2024-12-04 17:24:04.198923,36.0,3.05,normal,0.62,24.9,8.3,2.4,5.3,1,4.93,2.98,0
V02331,tanker,215.0,32.5,9.8,133364,2433,2024-12-03 14:19:53.418736,2024-12-03 17:03:41.418736,2024-12-04 20:21:41.418736,27.3,2.73,normal,0.84,33.7,5.5,3.7,0.3,1,4.29,5.6,0
V04200,tanker,298.8,42.6,10.1,204709,1926,2024-12-03 18:39:09.581420,2024-12-03 21:45:09.581420,2024-12-04 17:57:09.581420,20.2,3.1,normal,0.68,29.2,6.6,2.8,0.1,1,7.78,2.14,1
V01962,tanker,216.9,30.1,10.5,146346,2341,2024-12-03 22:52:18.752588,2024-12-04 00:51:06.752588,2024-12-04 16:57:06.752588,16.1,1.98,low,0.59,16.8,5.0,1.6,1.0,0,2.56,1.15,0
V01017,bulk,164.6,23.2,11.8,133589,853,2024-12-04 13:23:33.533791,2024-12-04 16:28:21.533791,2024-12-06 01:52:21.533791,33.4,3.08,normal,1.0,25.0,8.5,2.4,0.8,1,2.3,3.81,0
V02055,bulk,185.8,28.5,8.6,97746,1174,2024-12-04 19:46:52.705380,2024-12-04 21:28:16.705380,2024-12-06 02:10:16.705380,28.7,1.69,normal,0.67,15.0,8.0,1.5,0.4,0,7.56,3.53,1
V04713,bulk,212.1,35.1,12.7,192259,1710,2024-12-04 20:48:38.959922,2024-12-04 23:15:38.959922,2024-12-05 16:33:38.959922,17.3,2.45,low,0.73,20.9,8.5,2.5,0.2,1,6.44,3.39,1
V05584,roro,218.8,30.5,6.3,101719,1831,2024-12-04 22:40:21.982852,2024-12-05 00:42:09.982852,2024-12-05 13:00:09.982852,12.3,2.03,normal,0.73,20.0,6.5,2.1,1.3,1,3.72,4.81,0
V03194,container,166.1,23.3,12.2,138211,4237,2024-12-05 07:17:57.633519,2024-12-05 08:47:57.633519,2024-12-06 07:59:57.633519,23.2,1.5,normal,0.68,14.0,8.6,2.2,5.8,0,7.98,0.84,1
V04420,bulk,246.9,37.5,12.4,193905,4317,2024-12-05 15:14:28.904272,2024-12-05 18:34:16.904272,2024-12-07 14:34:16.904272,44.0,3.33,normal,0.6,24.5,5.8,2.1,0.3,1,3.34,1.47,0
V03012,tanker,220.6,32.8,12.8,170394,2944,2024-12-05 16:04:02.877249,2024-12-05 18:46:38.877249,2024-12-06 15:58:38.877249,21.2,2.71,normal,0.59,21.3,6.8,2.2,0.2,1,4.5,3.19,0
V05808,general,93.7,14.9,9.1,53447,3821,2024-12-05 16:55:17.996814,2024-12-05 19:12:05.996814,2024-12-06 17:36:05.996814,22.4,2.28,normal,0.95,20.6,7.2,2.2,0.8,1,5.78,0.6,1
V03708,tanker,272.8,41.0,10.3,184894,587,2024-12-06 06:01:30.315588,2024-12-06 08:39:54.315588,2024-12-06 22:09:54.315588,13.5,2.64,high,0.67,27.2,3.7,2.7,0.4,1,6.74,2.24,1
V02302,container,256.2,40.9,9.3,148585,1579,2024-12-06 16:53:09.364386,2024-12-06 18:37:33.364386,2024-12-07 14:25:33.364386,19.8,1.74,low,0.79,10.0,6.9,1.4,0.1,0,4.52,4.12,0
V03016,tanker,198.6,27.0,9.7,129562,3712,2024-12-06 18:23:39.452607,2024-12-06 21:29:03.452607,2024-12-07 17:05:03.452607,19.6,3.09,normal,1.0,22.4,6.3,2.9,0.9,1,6.71,5.4,1
V02285,general,118.7,19.1,8.5,75262,4191,2024-12-06 18:59:52.893193,2024-12-06 21:22:40.893193,2024-12-07 15:52:40.893193,18.5,2.38,normal,0.81,22.1,6.4,2.0,0.5,1,7.37,1.39,1
V05302,bulk,277.3,42.9,9.7,190209,1489,2024-12-07 05:45:05.067949,2024-12-07 07:33:05.067949,2024-12-08 18:09:05.067949,34.6,1.8,low,0.66,18.3,5.2,1.7,0.4,0,5.23,4.91,0
V05565,tanker,224.7,36.1,13.3,198798,3317,2024-12-07 15:47:47.585784,2024-12-07 19:05:11.585784,2024-12-08 08:29:11.585784,13.4,3.29,normal,0.73,29.7,6.4,2.6,2.5,1,2.3,2.8,0
V04618,bulk,268.7,35.2,12.8,213606,2065,2024-12-07 17:04:50.960236,2024-12-07 19:13:50.960236,2024-12-08 10:07:50.960236,14.9,2.15,normal,0.94,16.8,7.6,1.8,0.1,0,3.65,5.32,0
V03932,tanker,178.9,30.0,13.6,185416,3467,2024-12-07 20:15:21.376175,2024-12-07 21:53:09.376175,2024-12-08 10:59:09.376175,13.1,1.63,normal,0.53,5.1,8.1,0.8,2.3,0,7.73,0.94,1
V04918,general,195.3,29.5,8.1,117746,661,2024-12-07 21:32:39.981399,2024-12-07 22:27:51.981399,2024-12-08 13:27:51.981399,15.0,0.92,normal,0.8,17.8,6.5,2.2,2.4,0,7.92,1.06,1
V05882,general,86.6,14.1,5.2,27653,4333,2024-12-08 01:31:01.760013,2024-12-08 03:13:01.760013,2024-12-08 17:37:01.760013,14.4,1.7,normal,0.64,14.7,6.5,1.3,0.8,0,3.14,2.43,0
V03404,roro,220.0,30.4,10.8,178244,1947,2024-12-08 06:53:16.244765,2024-12-08 08:48:28.244765,2024-12-08 16:06:28.244765,7.3,1.92,low,0.47,32.4,8.1,3.1,1.8,1,5.73,4.39,1
V01669,container,350.3,45.8,8.0,194255,1574,2024-12-08 11:10:15.958010,2024-12-08 13:43:15.958010,2024-12-09 06:19:15.958010,16.6,2.55,low,0.69,26.0,10.4,2.3,0.1,1,6.99,5.71,1
V03052,bulk,139.1,22.2,9.1,92635,4003,2024-12-08 11:50:38.949659,2024-12-08 13:30:14.949659,2024-12-09 14:54:14.949659,25.4,1.66,normal,1.0,15.1,7.3,1.7,0.6,0,6.12,3.66,1
V02249,container,296.4,45.2,12.0,257165,2760,2024-12-09 04:50:11.472798,2024-12-09 06:15:59.472798,2024-12-09 16:21:59.472798,10.1,1.43,normal,1.0,17.8,7.6,2.1,0.9,0,2.21,1.94,0
V03042,tanker,194.6,32.8,9.7,113785,3566,2024-12-09 10:50:55.762732,2024-12-09 14:17:19.762732,2024-12-10 03:11:19.762732,12.9,3.44,normal,0.76,35.4,7.1,3.4,2.2,1,7.88,2.91,1
V01213,container,165.5,26.4,12.2,122456,3464,2024-12-09 17:19:58.825761,2024-12-09 18:26:34.825761,2024-12-10 11:44:34.825761,17.3,1.11,normal,0.46,13.4,7.0,1.5,0.3,0,2.26,1.28,0
V02232,tanker,240.4,34.9,9.2,157712,4087,2024-12-09 21:55:07.748105,2024-12-10 00:29:55.748105,2024-12-11 01:17:55.748105,24.8,2.58,normal,0.74,20.4,8.7,2.5,0.9,1,7.77,3.09,1
V02589,roro,153.4,25.8,8.2,90784,1458,2024-12-10 06:07:16.152323,2024-12-10 07:11:28.152323,2024-12-10 20:29:28.152323,13.3,1.07,high,0.7,13.0,8.1,1.1,0.7,0,2.56,4.35,0
V05736,container,153.6,20.4,11.9,139318,4188,2024-12-10 06:15:08.176213,2024-12-10 07:50:32.176213,2024-12-11 12:50:32.176213,29.0,1.59,normal,0.87,19.1,5.6,1.8,3.1,0,2.68,3.55,0
V04270,bulk,236.1,32.2,12.5,228959,3668,2024-12-10 07:42:29.652081,2024-12-10 09:35:53.652081,2024-12-11 14:41:53.652081,29.1,1.89,normal,0.68,13.2,7.3,1.2,2.3,0,4.56,4.27,0
V03380,general,106.9,14.4,6.4,54581,4582,2024-12-10 09:15:49.845289,2024-12-10 11:56:01.845289,2024-12-11 17:14:01.845289,29.3,2.67,normal,0.76,25.0,5.2,2.2,4.4,1,6.79,0.34,1
V01491,bulk,116.0,17.8,7.5,62629,2384,2024-12-11 08:59:36.637960,2024-12-11 10:28:24.637960,2024-12-12 03:22:24.637960,16.9,1.48,low,0.56,15.9,6.6,1.6,1.2,0,5.29,3.9,0
V05270,container,299.0,41.7,14.5,278515,2133,2024-12-11 09:06:19.085840,2024-12-11 10:42:55.085840,2024-12-12 05:30:55.085840,18.8,1.61,normal,0.7,14.9,9.0,1.9,0.1,0,5.46,2.09,0
V04151,general,191.7,32.5,7.1,104121,2010,2024-12-11 23:13:55.938015,2024-12-12 00:39:43.938015,2024-12-12 10:45:43.938015,10.1,1.43,normal,0.81,17.6,9.9,2.2,1.7,0,7.57,1.63,1
V04975,bulk,235.6,33.8,11.9,220362,2025,2024-12-11 23:38:32.504528,2024-12-12 02:55:20.504528,2024-12-12 12:55:20.504528,10.0,3.28,normal,0.72,30.7,7.9,2.8,0.5,1,7.83,3.77,1
V01448,tanker,153.9,23.2,13.5,131048,4648,2024-12-12 00:06:19.346584,2024-12-12 03:21:55.346584,2024-12-13 07:03:55.346584,27.7,3.26,normal,0.85,28.2,5.0,2.5,0.4,1,7.99,4.34,1
V05627,general,130.8,18.2,5.2,45592,4821,2024-12-12 00:48:42.526750,2024-12-12 02:32:30.526750,2024-12-13 03:26:30.526750,24.9,1.73,normal,0.81,17.9,7.4,1.8,0.4,0,7.9,1.72,1
V02685,tanker,324.4,51.6,9.1,225336,739,2024-12-12 01:44:59.969487,2024-12-12 04:47:59.969487,2024-12-13 07:17:59.969487,26.5,3.05,high,0.69,31.6,7.5,3.0,1.3,1,7.23,1.65,1
V01265,container,166.9,25.7,12.6,143637,2400,2024-12-12 02:23:42.486450,2024-12-12 03:40:30.486450,2024-12-12 21:52:30.486450,18.2,1.28,normal,0.88,16.0,8.0,2.1,2.7,0,6.46,1.34,1
V04457,roro,216.4,36.5,10.2,173379,3299,2024-12-12 03:55:38.961305,2024-12-12 06:11:50.961305,2024-12-12 12:23:50.961305,6.2,2.27,normal,0.77,25.9,9.9,2.8,1.1,1,4.21,1.26,0
V01877,container,236.6,31.8,10.1,166793,2204,2024-12-12 13:30:17.923939,2024-12-12 16:14:41.923939,2024-12-13 02:20:41.923939,10.1,2.74,high,0.98,28.4,7.9,2.7,1.3,1,7.75,4.94,1
V02965,general,90.6,13.2,7.8,53799,748,2024-12-12 22:16:46.898703,2024-12-13 01:02:58.898703,2024-12-13 14:14:58.898703,13.2,2.77,normal,0.9,20.6,4.0,2.2,0.3,1,5.42,2.68,0
V01767,container,332.7,43.8,11.4,285446,1259,2024-12-13 07:28:15.068761,2024-12-13 08:45:03.068761,2024-12-13 19:39:03.068761,10.9,1.28,low,0.76,15.3,7.3,1.3,4.7,0,2.01,3.4,0
V05236,general,180.5,25.7,5.0,70849,2157,2024-12-13 10:18:03.361353,2024-12-13 11:37:15.361353,2024-12-14 04:25:15.361353,16.8,1.32,normal,0.91,4.8,9.0,0.9,0.1,0,4.85,0.34,0
V01821,general,190.5,28.8,6.7,80081,2923,2024-12-13 18:05:01.908208,2024-12-13 20:30:13.908208,2024-12-14 14:54:13.908208,18.4,2.42,normal,0.78,22.4,4.5,1.5,1.7,1,2.95,2.5,0
V03143,container,160.9,22.3,8.3,95598,2775,2024-12-13 23:39:41.364116,2024-12-14 01:17:29.364116,2024-12-15 01:41:29.364116,24.4,1.63,normal,0.75,15.5,6.3,1.3,0.4,0,6.27,5.05,1
V05322,bulk,292.9,47.9,9.6,198515,1424,2024-12-14 01:53:12.401793,2024-12-14 05:37:00.401793,2024-12-15 16:25:00.401793,34.8,3.73,normal,0.83,25.1,7.7,3.2,0.5,1,8.0,2.75,1
V04135,tanker,297.6,49.5,11.2,248794,3858,2024-12-14 05:07:10.434492,2024-12-14 08:25:46.434492,2024-12-16 11:19:46.434492,50.9,3.31,low,0.37,22.7,5.3,2.8,0.7,1,4.82,6.09,0
V01787,general,215.2,32.1,7.6,122842,4461,2024-12-14 05:32:10.884813,2024-12-14 08:02:46.884813,2024-12-15 06:44:46.884813,22.7,2.51,low,0.83,20.5,7.1,1.6,2.6,1,4.19,2.6,0
V05723,general,198.2,29.0,6.4,78700,3117,2024-12-14 07:21:25.859229,2024-12-14 10:02:49.859229,2024-12-15 08:50:49.859229,22.8,2.69,normal,0.68,20.3,5.3,1.8,1.3,1,2.21,3.08,0
V03861,bulk,116.0,19.1,11.5,104885,3329,2024-12-14 14:20:07.372417,2024-12-14 19:55:31.372417,2024-12-15 15:25:31.372417,19.5,5.59,normal,1.0,40.0,7.1,4.3,0.0,2,8.0,4.12,1
V04908,bulk,263.1,44.5,12.0,251496,2556,2024-12-14 19:05:26.882211,2024-12-14 22:31:14.882211,2024-12-15 21:13:14.882211,22.7,3.43,normal,0.86,24.8,9.2,1.7,3.9,1,2.73,6.94,0
V03993,container,244.3,38.9,9.1,142033,4481,2024-12-14 22:22:52.913656,2024-12-15 01:19:16.913656,2024-12-15 12:49:16.913656,11.5,2.94,low,0.71,26.7,6.4,3.1,6.9,1,3.26,0.64,0
V03674,general,190.5,24.9,5.8,79230,1149,2024-12-15 00:54:11.024644,2024-12-15 03:15:11.024644,2024-12-15 15:03:11.024644,11.8,2.35,normal,0.51,32.2,5.7,2.9,8.9,1,6.84,3.29,1
V02229,container,248.6,38.6,9.7,183596,4848,2024-12-15 02:27:37.458078,2024-12-15 04:42:37.458078,2024-12-16 08:12:37.458078,27.5,2.25,normal,0.87,32.7,6.3,3.5,4.0,1,7.98,3.61,1
V02404,bulk,170.3,28.7,10.8,146264,3682,2024-12-15 07:08:26.857790,2024-12-15 10:34:50.857790,2024-12-16 14:34:50.857790,28.0,3.44,normal,1.0,33.5,8.0,3.6,1.1,1,3.12,2.4,0
V02421,general,201.6,27.7,8.5,103879,4391,2024-12-15 09:58:21.651874,2024-12-15 11:41:33.651874,2024-12-16 02:23:33.651874,14.7,1.72,normal,0.87,9.1,5.5,0.6,1.3,0,2.43,3.9,0
V02778,container,280.6,40.7,12.0,266109,4297,2024-12-15 11:59:31.736055,2024-12-15 15:13:55.736055,2024-12-16 03:43:55.736055,12.5,3.24,low,0.75,20.2,5.6,2.3,0.3,1,4.99,2.47,0
V05282,roro,106.4,16.5,8.8,57193,3777,2024-12-15 13:14:57.376657,2024-12-15 15:11:57.376657,2024-12-16 01:05:57.376657,9.9,1.95,high,0.8,22.9,10.8,2.4,2.1,1,6.77,3.12,1
V02684,bulk,294.2,38.7,7.9,140984,2592,2024-12-15 13:20:03.443365,2024-12-15 14:47:39.443365,2024-12-16 14:59:39.443365,24.2,1.46,normal,0.66,14.2,4.4,1.6,1.6,0,6.88,2.54,1
V04854,tanker,263.7,35.3,12.9,254086,2961,2024-12-15 14:24:49.103066,2024-12-15 15:40:25.103066,2024-12-16 14:10:25.103066,22.5,1.26,normal,0.68,15.5,7.2,1.5,0.5,0,7.82,0.63,1
V03419,container,177.4,28.4,12.9,158869,1748,2024-12-15 15:15:22.602726,2024-12-15 17:05:46.602726,2024-12-17 01:59:46.602726,32.9,1.84,high,0.81,12.4,4.3,1.1,0.4,0,7.99,4.36,1
V02030,tanker,131.6,21.8,9.3,94024,2057,2024-12-15 18:40:08.163335,2024-12-15 23:01:44.163335,2024-12-16 17:25:44.163335,18.4,4.36,normal,0.77,40.1,6.6,3.8,2.8,2,4.29,0.9,0
V01347,container,182.7,28.3,8.4,93754,4264,2024-12-16 07:02:46.383651,2024-12-16 10:40:34.383651,2024-12-17 02:34:34.383651,15.9,3.63,normal,0.55,45.6,9.5,4.4,1.3,2,4.33,3.86,0
V03580,bulk,113.6,16.2,9.5,77693,1517,2024-12-16 14:54:29.970535,2024-12-16 16:54:29.970535,2024-12-17 09:30:29.970535,16.6,2.0,normal,0.8,10.5,5.8,1.2,0.1,0,7.63,4.9,1
V03109,container,237.5,36.2,9.3,143269,3819,2024-12-17 00:14:33.443045,2024-12-17 01:40:21.443045,2024-12-18 07:16:21.443045,29.6,1.43,normal,0.69,19.0,7.5,2.2,0.3,0,3.6,0.14,0
V03928,general,108.2,14.5,7.2,47828,3677,2024-12-17 00:50:11.265798,2024-12-17 02:14:47.265798,2024-12-17 12:14:47.265798,10.0,1.41,normal,0.82,15.8,4.0,1.7,0.6,0,4.45,8.48,0
V01028,container,286.7,48.4,10.7,235729,4272,2024-12-17 01:37:00.042228,2024-12-17 03:06:24.042228,2024-12-17 09:48:24.042228,6.7,1.49,normal,0.76,13.8,6.6,1.4,3.2,0,5.63,2.37,1
V03200,general,195.6,31.7,7.5,95850,3023,2024-12-17 06:10:27.964273,2024-12-17 07:22:27.964273,2024-12-17 16:10:27.964273,8.8,1.2,low,0.78,18.0,7.0,1.9,0.2,0,6.75,6.4,1
V03707,general,123.2,16.0,7.8,65529,1237,2024-12-17 09:34:47.676088,2024-12-17 11:01:47.676088,2024-12-17 15:43:47.676088,4.7,1.45,normal,0.81,13.4,8.2,1.3,2.2,0,2.32,5.12,0
V03801,general,91.5,12.1,9.7,56482,3131,2024-12-17 15:56:16.039593,2024-12-17 18:41:52.039593,2024-12-18 09:11:52.039593,14.5,2.76,normal,0.79,21.6,9.7,2.0,3.7,1,7.78,4.69,1
V03284,container,354.3,54.4,11.8,325788,4742,2024-12-17 17:44:06.692396,2024-12-17 20:20:42.692396,2024-12-18 09:02:42.692396,12.7,2.61,normal,0.96,31.3,11.6,2.8,2.8,1,7.6,3.32,1
V03386,roro,149.6,23.0,6.0,69419,1959,2024-12-17 23:29:43.538362,2024-12-18 01:53:43.538362,2024-12-18 11:11:43.538362,9.3,2.4,normal,0.43,25.0,9.8,2.4,0.7,1,2.14,3.52,0
V02825,roro,210.3,28.2,10.9,150369,1640,2024-12-18 04:01:11.664872,2024-12-18 04:39:35.664872,2024-12-18 19:27:35.664872,14.8,0.64,normal,0.66,16.1,9.4,1.5,0.0,0,7.56,5.62,1
V01690,bulk,151.3,22.6,12.3,133961,931,2024-12-18 06:53:09.638360,2024-12-18 08:57:21.638360,2024-12-19 15:03:21.638360,30.1,2.07,normal,0.82,19.8,3.3,1.9,1.6,0,6.85,4.55,1
V03363,tanker,132.4,21.3,11.4,106930,4780,2024-12-18 09:25:04.332058,2024-12-18 12:26:52.332058,2024-12-19 01:38:52.332058,13.2,3.03,low,0.78,20.1,6.3,2.5,0.4,1,3.26,0.65,0
V04491,container,200.6,26.9,13.3,204513,501,2024-12-18 09:38:18.346655,2024-12-18 12:11:54.346655,2024-12-19 02:23:54.346655,14.2,2.56,normal,0.77,33.0,7.2,3.0,0.1,1,3.0,5.17,0
V01831,tanker,203.9,32.5,13.2,201822,1383,2024-12-18 16:37:24.480844,2024-12-18 19:57:48.480844,2024-12-20 04:33:48.480844,32.6,3.34,normal,0.84,30.0,6.6,3.5,1.1,1,7.71,0.34,1
V05809,tanker,233.4,32.5,13.3,224740,4374,2024-12-18 16:53:06.210925,2024-12-18 18:32:06.210925,2024-12-19 08:44:06.210925,14.2,1.65,normal,0.66,18.3,5.9,1.9,0.1,0,7.86,0.97,1
V04327,container,354.6,52.5,11.8,325802,4597,2024-12-18 18:06:27.497285,2024-12-18 19:11:15.497285,2024-12-19 09:53:15.497285,14.7,1.08,normal,0.83,14.3,4.1,1.4,3.1,0,7.86,0.37,1
V02351,bulk,293.1,46.7,7.6,138747,1731,2024-12-19 05:55:48.231624,2024-12-19 09:50:24.231624,2024-12-20 06:32:24.231624,20.7,3.91,normal,0.52,36.3,9.7,4.1,2.4,1,8.0,2.48,1
V03318,container,188.8,27.9,9.3,106805,2649,2024-12-19 10:51:52.634506,2024-12-19 12:24:16.634506,2024-12-20 18:36:16.634506,30.2,1.54,low,0.87,15.6,10.2,1.7,0.4,0,2.57,4.98,0
V05462,bulk,209.1,31.9,10.6,136991,1018,2024-12-19 13:07:25.935750,2024-12-19 16:38:01.935750,2024-12-20 20:02:01.935750,27.4,3.51,normal,0.67,26.8,8.8,2.2,0.1,1,2.39,4.37,0
V05143,bulk,233.1,34.7,8.9,127951,3935,2024-12-19 15:23:43.488559,2024-12-19 17:11:07.488559,2024-12-20 05:05:07.488559,11.9,1.79,normal,0.86,11.1,9.4,1.3,1.2,0,5.3,4.73,0
V04992,bulk,119.9,19.2,11.4,83624,4187,2024-12-19 21:04:10.582797,2024-12-19 22:29:58.582797,2024-12-21 00:59:58.582797,26.5,1.43,normal,0.73,13.5,5.8,1.1,0.5,0,5.5,2.97,0
V05260,general,89.9,13.3,8.3,57101,943,2024-12-20 01:41:59.635612,2024-12-20 03:17:23.635612,2024-12-20 21:53:23.635612,18.6,1.59,high,0.88,15.8,7.0,1.5,0.0,0,2.54,2.36,0
V02559,general,141.4,21.3,10.0,89566,3001,2024-12-20 03:46:42.862792,2024-12-20 05:57:30.862792,2024-12-20 21:51:30.862792,15.9,2.18,normal,0.72,26.0,4.3,2.9,4.4,1,5.27,2.3,0
V05008,bulk,113.3,18.7,10.4,85251,542,2024-12-20 09:20:28.543984,2024-12-20 12:33:40.543984,2024-12-21 08:27:40.543984,19.9,3.22,high,0.74,26.3,7.9,2.0,1.0,1,5.69,6.08,1
V05630,general,99.8,13.8,7.5,49365,3221,2024-12-20 09:45:32.001802,2024-12-20 11:43:44.001802,2024-12-21 08:31:44.001802,20.8,1.97,normal,0.87,23.1,6.8,2.3,1.5,1,5.06,1.09,0
V02166,tanker,163.8,23.5,11.0,120505,3922,2024-12-20 11:02:32.868882,2024-12-20 14:19:20.868882,2024-12-21 06:43:20.868882,16.4,3.28,normal,0.84,21.7,6.1,2.0,9.3,1,3.23,1.53,0
V05274,roro,149.5,20.9,7.1,78224,3766,2024-12-20 22:27:38.817614,2024-12-20 23:19:50.817614,2024-12-21 06:55:50.817614,7.6,0.87,normal,0.72,15.0,5.4,1.5,4.0,0,4.6,1.21,0
V05294,container,166.3,27.4,8.5,105411,4879,2024-12-22 04:57:03.753660,2024-12-22 06:34:15.753660,2024-12-23 01:58:15.753660,19.4,1.62,normal,0.79,17.6,11.2,2.0,1.2,0,4.62,3.38,0
V01495,tanker,296.7,47.7,11.1,200270,1053,2024-12-22 06:10:46.832696,2024-12-22 08:08:58.832696,2024-12-22 18:14:58.832696,10.1,1.97,normal,0.48,17.6,4.2,1.4,3.0,0,6.43,5.17,1
V02578,container,269.4,40.8,10.1,194483,3099,2024-12-22 07:25:23.696718,2024-12-22 10:07:23.696718,2024-12-23 01:55:23.696718,15.8,2.7,normal,0.66,29.4,6.2,3.2,2.5,1,7.71,2.92,1
V01092,general,109.2,14.7,9.7,80872,2213,2024-12-22 09:54:45.466404,2024-12-22 12:15:09.466404,2024-12-23 05:51:09.466404,17.6,2.34,normal,0.62,25.8,5.8,2.7,0.8,1,7.05,3.1,1
V02817,tanker,303.3,47.3,13.0,302872,1792,2024-12-22 13:01:50.143446,2024-12-22 15:45:38.143446,2024-12-23 03:39:38.143446,11.9,2.73,normal,0.8,30.3,10.3,2.8,1.6,1,2.79,3.15,0
V02741,bulk,236.1,35.9,8.4,134316,4827,2024-12-22 20:31:41.785421,2024-12-22 23:34:41.785421,2024-12-23 19:22:41.785421,19.8,3.05,normal,0.55,36.5,3.7,4.0,4.6,1,7.99,0.35,1
V01227,container,377.3,61.0,14.8,408687,3100,2024-12-22 21:02:58.507506,2024-12-22 22:14:58.507506,2024-12-23 14:50:58.507506,16.6,1.2,normal,0.86,17.7,8.2,2.3,1.0,0,7.95,0.77,1
V01912,tanker,127.5,18.2,9.1,74158,4159,2024-12-23 02:26:34.223881,2024-12-23 05:04:58.223881,2024-12-23 21:34:58.223881,16.5,2.64,normal,0.76,26.4,4.5,3.3,3.8,1,2.08,0.3,0
V01484,container,203.6,34.3,14.7,185424,567,2024-12-23 12:20:35.013019,2024-12-23 14:00:11.013019,2024-12-24 08:06:11.013019,18.1,1.66,normal,0.58,10.3,3.8,1.3,3.2,0,4.78,0.24,0
V03613,container,282.1,41.0,10.4,228299,3146,2024-12-23 23:33:39.231063,2024-12-24 01:45:03.231063,2024-12-24 13:27:03.231063,11.7,2.19,high,0.64,27.1,9.1,2.7,1.2,1,6.51,0.64,1
V01138,general,167.3,25.9,7.8,83550,2278,2024-12-24 06:20:08.377023,2024-12-24 07:44:08.377023,2024-12-24 21:32:08.377023,13.8,1.4,normal,0.82,16.5,3.8,1.7,5.3,0,4.3,2.28,0
V02180,general,145.2,22.8,8.3,76997,1400,2024-12-24 11:47:25.957918,2024-12-24 13:58:13.957918,2024-12-25 09:52:13.957918,19.9,2.18,normal,0.77,20.5,6.7,1.9,1.6,1,6.73,1.62,1
V01125,general,153.0,25.0,5.3,58368,1017,2024-12-26 00:05:52.531827,2024-12-26 02:46:04.531827,2024-12-26 14:22:04.531827,11.6,2.67,normal,0.65,28.8,7.8,3.7,3.4,1,7.62,0.66,1
V01331,bulk,197.2,32.9,10.4,155900,2530,2024-12-26 05:33:18.874807,2024-12-26 08:42:54.874807,2024-12-28 01:18:54.874807,40.6,3.16,normal,0.71,26.1,10.0,2.2,1.1,1,2.03,4.25,0
V02109,general,121.0,17.3,7.7,70353,4686,2024-12-26 08:15:48.265648,2024-12-26 10:55:24.265648,2024-12-27 00:43:24.265648,13.8,2.66,normal,1.0,30.1,5.7,3.0,1.1,1,4.79,2.24,0
V01808,general,83.0,13.8,9.3,51772,3738,2024-12-26 11:06:25.051688,2024-12-26 12:13:37.051688,2024-12-27 19:01:37.051688,30.8,1.12,normal,0.71,15.1,4.2,1.6,0.9,0,7.94,4.76,1
V03364,bulk,131.4,18.7,10.0,93714,2600,2024-12-26 18:16:10.658445,2024-12-26 21:16:10.658445,2024-12-28 03:16:10.658445,30.0,3.0,normal,0.71,23.0,7.9,2.0,4.8,1,2.12,1.05,0
V02317,container,297.1,46.6,14.1,281737,4812,2024-12-26 18:53:53.960615,2024-12-26 20:39:29.960615,2024-12-27 09:57:29.960615,13.3,1.76,normal,0.59,19.7,8.7,1.9,1.4,0,2.54,2.18,0
V01328,bulk,263.2,42.6,9.6,181692,4490,2024-12-26 20:46:46.837967,2024-12-26 23:04:10.837967,2024-12-28 22:58:10.837967,47.9,2.29,normal,0.82,9.2,4.5,0.8,0.2,0,4.97,1.25,0
V01434,general,170.3,22.5,6.8,70202,2994,2024-12-27 08:50:11.558844,2024-12-27 11:01:35.558844,2024-12-28 02:19:35.558844,15.3,2.19,normal,0.74,33.6,4.2,3.4,0.9,1,4.45,3.8,0
V04319,general,92.5,14.9,7.9,53664,2376,2024-12-27 18:41:24.767532,2024-12-27 21:31:48.767532,2024-12-28 13:07:48.767532,15.6,2.84,normal,0.88,29.5,3.8,2.8,0.9,1,2.01,3.68,0
V05410,general,106.2,15.4,7.5,57250,2510,2024-12-27 19:21:44.233286,2024-12-27 20:30:44.233286,2024-12-28 15:42:44.233286,19.2,1.15,low,0.6,13.6,7.0,1.7,0.6,0,2.28,5.39,0
V01185,tanker,187.4,27.0,10.1,127667,809,2024-12-27 21:57:08.138050,2024-12-28 01:29:32.138050,2024-12-29 11:47:32.138050,34.3,3.54,high,0.85,16.2,2.4,1.9,2.1,1,5.53,0.72,1
V02269,general,202.8,33.6,8.7,108554,4685,2024-12-27 22:33:04.261121,2024-12-28 01:20:28.261121,2024-12-28 14:26:28.261121,13.1,2.79,normal,0.66,26.8,6.4,3.0,0.1,1,6.39,5.68,1
V03307,bulk,272.8,42.7,10.3,177377,1737,2024-12-28 00:58:42.895850,2024-12-28 03:53:54.895850,2024-12-28 23:35:54.895850,19.7,2.92,normal,0.95,29.3,6.9,2.9,0.1,1,7.97,4.43,1
V05233,tanker,287.1,41.6,12.1,253918,1078,2024-12-28 06:58:43.935030,2024-12-28 12:02:19.935030,2024-12-29 00:26:19.935030,12.4,5.06,normal,0.72,42.9,6.0,4.5,3.8,2,2.0,2.41,0
V03383,roro,202.7,34.0,9.6,154396,4221,2024-12-28 07:08:54.319826,2024-12-28 08:25:06.319826,2024-12-28 22:55:06.319826,14.5,1.27,normal,0.55,17.8,7.3,1.3,2.8,0,2.02,0.87,0
V03319,bulk,273.0,45.3,9.7,163737,1289,2024-12-28 12:12:56.081609,2024-12-28 14:38:08.081609,2024-12-30 02:50:08.081609,36.2,2.42,high,0.51,23.5,7.5,2.8,0.6,1,7.7,4.34,1
V02666,container,319.4,52.2,9.0,206767,4722,2024-12-28 12:43:24.182616,2024-12-28 14:14:36.182616,2024-12-29 10:26:36.182616,20.2,1.52,normal,0.76,12.8,4.2,1.1,0.2,0,7.95,4.14,1
V05466,tanker,186.5,28.6,10.8,121165,1888,2024-12-28 18:03:06.296565,2024-12-28 20:07:18.296565,2024-12-29 17:13:18.296565,21.1,2.07,normal,0.85,17.0,9.8,1.7,0.3,0,2.58,5.92,0
V02346,bulk,175.0,24.1,9.3,114323,2475,2024-12-28 18:18:08.940240,2024-12-28 19:34:20.940240,2024-12-29 13:22:20.940240,17.8,1.27,normal,0.76,17.0,7.0,1.5,0.1,0,2.38,3.08,0
V02455,bulk,287.3,46.5,11.7,230993,2239,2024-12-28 18:59:01.009797,2024-12-28 20:30:13.009797,2024-12-29 09:00:13.009797,12.5,1.52,normal,0.71,12.8,5.2,0.7,7.2,0,2.04,1.59,0
V05412,general,152.1,20.7,7.1,73835,3177,2024-12-28 22:43:15.978928,2024-12-29 01:37:51.978928,2024-12-30 00:49:51.978928,23.2,2.91,high,0.67,37.8,6.9,3.5,1.0,1,5.49,5.16,0
V04696,tanker,191.4,28.2,12.1,141251,1405,2024-12-29 06:30:29.444853,2024-12-29 09:35:53.444853,2024-12-30 00:11:53.444853,14.6,3.09,normal,0.64,25.9,10.6,2.0,1.3,1,2.53,0.26,0
V01655,bulk,159.8,27.2,12.2,141524,4078,2024-12-29 15:09:03.253694,2024-12-29 17:05:27.253694,2024-12-30 18:23:27.253694,25.3,1.94,high,0.61,16.1,9.2,1.9,1.4,0,7.42,2.17,1
V02335,container,367.9,62.1,13.8,322856,1461,2024-12-29 16:16:34.033741,2024-12-29 17:36:22.033741,2024-12-30 05:06:22.033741,11.5,1.33,normal,0.71,12.4,7.8,1.1,2.5,0,6.08,2.18,1
V01732,tanker,128.9,18.2,11.9,93031,4194,2024-12-29 17:38:31.410284,2024-12-29 19:08:31.410284,2024-12-30 23:26:31.410284,28.3,1.5,normal,0.5,15.7,5.0,1.9,5.8,0,4.04,4.66,0
V04248,general,169.0,28.7,9.7,117055,1731,2024-12-29 21:05:19.426206,2024-12-29 22:12:31.426206,2024-12-30 06:06:31.426206,7.9,1.12,normal,1.0,12.3,4.2,0.7,1.2,0,2.37,3.16,0
V04303,bulk,262.1,34.2,12.5,215508,952,2024-12-30 08:43:59.985082,2024-12-30 12:12:11.985082,2024-12-31 02:24:11.985082,14.2,3.47,normal,0.73,23.8,9.7,1.6,0.2,1,2.02,3.14,0
V05755,tanker,143.2,22.6,13.9,134319,1611,2024-12-30 15:16:10.189426,2024-12-30 19:01:10.189426,2025-01-01 03:31:10.189426,32.5,3.75,normal,0.6,17.5,1.5,2.4,2.9,1,7.88,2.1,1
V05874,container,301.7,41.7,10.9,213156,1601,2024-12-30 17:32:27.471582,2024-12-30 20:06:39.471582,2024-12-31 09:00:39.471582,12.9,2.57,high,1.0,31.6,7.8,3.4,0.1,1,5.39,1.53,0
